gazetteer_name,gaode_map_item,place_type,match_status,visual_priority,occurrence_count,gaode_check_action,first_context,notes
宝带桥社区,宝带桥社区,community,matched,high,247,在高德底图确认社区标签或以社区中心点标注,帮助和支持。编纂工作人员通过各种途径，搜集到了不少弥足珍贵的资料，经订立纲目，几易其稿，遂成了《宝带桥社区志》。为此，我们谨代表社区党委、居委会向他们以及所有参与和关心本志编纂工作的人员表示衷心感谢。感,
吴文化博物馆,吴文化博物馆,culture_facility,matched,high,1,核对高德底图博物馆点位,老兵戈洪福走访慰问。3月31日，占地8500平方米、建筑面积18652平方米的吴中博物馆（后改名吴文化博物馆）在宝带桥南堍动工建设。7月1日，宝尹花园车辆实行封闭式管理。是日，吴中区委书记唐晓东、副书记李,
宝带桥,宝带桥,heritage_bridge,matched,high,455,核对高德底图桥名位置,帮助和支持。编纂工作人员通过各种途径，搜集到了不少弥足珍贵的资料，经订立纲目，几易其稿，遂成了《宝带桥社区志》。为此，我们谨代表社区党委、居委会向他们以及所有参与和关心本志编纂工作的人员表示衷心感谢,
石湖东路,石湖东路,road,matched,high,37,核对高德道路标签,、吴中高新区相望，南接城南街道红庄社区，西连新江、龙南社区，北临江南运河；迎春南路穿越境域南北，石湖东路贯通境域东西，交通便捷；境内有宝带桥·澹台湖景区，景色旖旎。境域属海洋性季风气候，四季分明，受太,
迎春南路,迎春南路,road,matched,high,55,核对高德道路标签,大运河，分别与郭巷街道、吴中高新区相望，南接城南街道红庄社区，西连新江、龙南社区，北临江南运河；迎春南路穿越境域南北，石湖东路贯通境域东西，交通便捷；境内有宝带桥·澹台湖景区，景色旖旎。境域属海洋性季,
宝带桥南,宝带桥南,transport,matched,high,1,核对高德地铁站标签,0月9日，国务院副总理、国家计委主任邹家华为苏南运河题词“整治苏南运河，繁荣国民经济”，并立碑于宝带桥南堍。是年，宝带桥入选中国世界语出版社出版的《水乡苏州》明信片图录。1996年5月至9月，境内进行,
澹台湖,澹台湖,water,matched,high,137,核对高德底图湖面与景区标签,…………59第三节人口变动…………………………………………………………………………67第三章澹台湖·宝带桥………………………………………………………………………73第一节澹台湖……………………,
京杭大运河,京杭大运河,waterway,matched,high,11,核对高德底图河道标签,之众，名闻遐迩。由于地理变迁，当年澹台灭明修学之地，陷落为湖泊，后人为纪念他，故名澹台湖。唐代，京杭大运河边所筑纤道中断于澹台湖，此处水急浪高，不利舟楫，致使粮船滞集。元和十一年至十四年（816—819,
大运河,大运河,waterway,matched,high,39,核对高德底图河道标签,…328宝带桥社区志1概述宝带桥社区坐落在长江三角洲腹地、上海经济区大都市圈内，东依大运河，分别与郭巷街道、吴中高新区相望，南接城南街道红庄社区，西连新江、龙南社区，北临江南运河；迎春南,
吴中博物馆,吴中博物馆,culture_facility,review,high,4,与吴文化博物馆合并核对,象马建明、抗美援朝老兵戈洪福走访慰问。3月31日，占地8500平方米、建筑面积18652平方米的吴中博物馆（后改名吴文化博物馆）在宝带桥南堍动工建设。7月1日，宝尹花园车辆实行封闭式管理。是日，吴中区委,
西下田,西下田,historic_settlement,review,high,48,在高德底图人工确认小区或片区标签,河田村吴毛头被派去苏嘉铁路（尹山段）值班时，因打瞌睡被日军用枪托砸击后脑致死。是年，境内沉家浜（西下田）陆根火发现蠡墅镇上开肉铺的店主之妻被日本兵强暴，遂与店主合力将施暴日军处死。为躲避抓捕，隐居太,
宝尹花园,宝尹花园,residential,review,high,302,在高德底图人工确认小区标签,，境内进行老村改造，泥河田、王家浜、港南浜183户居民人家，搬迁至朱塔浜（2004年12月更名为宝尹花园）。11月8日，村办集体企业实行转制，将宝南拼线厂转制给原承包人经营，性质由集体企业转为私营企业,
钱家新村,钱家新村,residential,review,high,148,在高德底图人工确认小区标签,的两幢标准厂房，并先后对外出租。是年，金家村28户居民、朱塔浜南岸28户居民，先后搬迁至朱塔浜和钱家新村居民生活小区。2002年9月1日，地处境域石湖东路35号、占地面积达33076平方米、建筑面积1,
宝带桥南站,宝带桥南站,transport,review,high,2,与宝带桥南合并表达,位”称号。11月，陈新男当选吴中区第三届人民代表大会代表。是年，宝带桥社区配合轨交二号线的开设和宝带桥南站的设定，动员石湖东路两侧的10多家企业和4户居民迁移。2012年2月，宝带桥进行加固和环境整治，,
碧波中学,碧波中学,education,matched,medium,19,核对高德学校标签,7年，全日制学校有建筑面积35137平方米的碧波实验小学及附属幼儿园，建筑面积15830平方米的碧波中学。少年儿童入学率达100%。卫生事业方面，1962年3月全面实行合作医疗，2007年1月，推行大,
宝带桥公园,宝带桥公园,park,matched,medium,4,核对高德公园标签,州吴中经济开发区管理委员会授予宝带桥社区“2009年度社区管理先进单位”称号。8月，宝带桥旁建起宝带桥公园。1911月10日，经吴中区城南街道批复，宝带桥社区成立股份合作社。2011年1月，苏州市,
东吴南路,东吴南路,road,matched,medium,9,核对高德道路标签,归吴县经济技术开发区后，按建设规划，在公路、河道、居民住宅、环境卫生上着手，先后建造了东西走向的东吴南路、石湖东路、天灵路、澄湖中路、澄湖东路，南北走向的迎春南路、宝通路、宝丰路；构筑了古塘河桥、下塔,
天灵路,天灵路,road,matched,medium,10,核对高德道路标签,后，按建设规划，在公路、河道、居民住宅、环境卫生上着手，先后建造了东西走向的东吴南路、石湖东路、天灵路、澄湖中路、澄湖东路，南北走向的迎春南路、宝通路、宝丰路；构筑了古塘河桥、下塔里桥、石湖东路公路,
宝丰路,宝丰路,road,matched,medium,4,核对高德道路标签,先后建造了东西走向的东吴南路、石湖东路、天灵路、澄湖中路、澄湖东路，南北走向的迎春南路、宝通路、宝丰路；构筑了古塘河桥、下塔里桥、石湖东路公路桥、钱家桥、金家桥、8号不锈钢栏桥等桥梁；开拓疏通了钱家,
宝通路,宝通路,road,matched,medium,4,核对高德道路标签,上着手，先后建造了东西走向的东吴南路、石湖东路、天灵路、澄湖中路、澄湖东路，南北走向的迎春南路、宝通路、宝丰路；构筑了古塘河桥、下塔里桥、石湖东路公路桥、钱家桥、金家桥、8号不锈钢栏桥等桥梁；开拓疏,
澄湖东路,澄湖东路,road,matched,medium,3,核对高德道路标签,公路、河道、居民住宅、环境卫生上着手，先后建造了东西走向的东吴南路、石湖东路、天灵路、澄湖中路、澄湖东路，南北走向的迎春南路、宝通路、宝丰路；构筑了古塘河桥、下塔里桥、石湖东路公路桥、钱家桥、金家桥、,
澄湖中路,澄湖中路,road,matched,medium,4,核对高德道路标签,设规划，在公路、河道、居民住宅、环境卫生上着手，先后建造了东西走向的东吴南路、石湖东路、天灵路、澄湖中路、澄湖东路，南北走向的迎春南路、宝通路、宝丰路；构筑了古塘河桥、下塔里桥、石湖东路公路桥、钱家桥,
下塔里桥,下塔里桥,bridge,review,medium,1,在高德矢量底图逐项核对同名或近名标签,南路、石湖东路、天灵路、澄湖中路、澄湖东路，南北走向的迎春南路、宝通路、宝丰路；构筑了古塘河桥、下塔里桥、石湖东路公路桥、钱家桥、金家桥、8号不锈钢栏桥等桥梁；开拓疏通了钱家村河、黄家浜、兴隆河、金家,
下田村塘港桥,下田村塘港桥,bridge,review,medium,1,在高德矢量底图逐项核对同名或近名标签,田小学，并聘请扫盲班濮云舟先生为师，招收学生30人，开设一二年级复式班。1956年，下田小学搬至下田村塘港桥南堍徐才生家老宅。1963年，下田小学开办成完小（1—6年级），其中：4—6年级的学生吸收附近长,
兴福庵桥,兴福庵桥,bridge,review,medium,1,在高德矢量底图逐项核对同名或近名标签,桥、王家浜竹桥、馨欣桥、迎丰桥、梁家桥、跃进1号桥、跃进2号桥、胜利桥、红星桥、朱家桥、公路桥、兴福庵桥、潘家桥、牛桩浜桥、金家桥、新开河桥、外浜桥、钱家桥、朱塔浜水泥桥、朱塔浜木头桥、幸福桥、塘角桥,
古塘河桥,古塘河桥,bridge,review,medium,4,在高德矢量底图逐项核对同名或近名标签,走向的东吴南路、石湖东路、天灵路、澄湖中路、澄湖东路，南北走向的迎春南路、宝通路、宝丰路；构筑了古塘河桥、下塔里桥、石湖东路公路桥、钱家桥、金家桥、8号不锈钢栏桥等桥梁；开拓疏通了钱家村河、黄家浜、兴,
天灵路东2号桥,天灵路东2号桥,bridge,review,medium,2,在高德矢量底图逐项核对同名或近名标签,度、质量有了提高，新建公路桥梁有古塘河桥、下塔里桥、石湖东路桥、天灵路西1号桥、澄湖东路3号桥、天灵路东2号桥、宝通路北4号桥、宝通路南5号桥、迎春南路钱家桥、迎春南路7号桥、迎春南路8号桥、宝丰路9号桥、,
天灵路西1号桥,天灵路西1号桥,bridge,review,medium,2,在高德矢量底图逐项核对同名或近名标签,1992年8月始，境域桥梁建设速度、质量有了提高，新建公路桥梁有古塘河桥、下塔里桥、石湖东路桥、天灵路西1号桥、澄湖东路3号桥、天灵路东2号桥、宝通路北4号桥、宝通路南5号桥、迎春南路钱家桥、迎春南路7号桥,
宝丰路9号桥,宝丰路9号桥,bridge,review,medium,2,在高德矢量底图逐项核对同名或近名标签,天灵路东2号桥、宝通路北4号桥、宝通路南5号桥、迎春南路钱家桥、迎春南路7号桥、迎春南路8号桥、宝丰路9号桥、迎春南路金家桥等13座。并在宝带桥·澹台湖景区建起了异形钢结构景观桥。拆除的旧桥、危桥有廿五基,
宝南下田村兴隆桥,宝南下田村兴隆桥,bridge,review,medium,1,在高德矢量底图逐项核对同名或近名标签,2004.2宝南下田村幸福桥2015.2宝南下田村塘角桥2016.2宝南西下田竹头桥2017.2宝南下田村兴隆桥2017.2三、供电供水供电旧时，境内当地居民夜间照明靠火油灯、蜡烛，操办婚丧之事则租用汽灯。,
宝南下田村塘角桥,宝南下田村塘角桥,bridge,review,medium,1,在高德矢量底图逐项核对同名或近名标签,2003.1宝南朱塔浜水泥桥2004.2宝南朱塔浜木头桥2004.2宝南下田村幸福桥2015.2宝南下田村塘角桥2016.2宝南西下田竹头桥2017.2宝南下田村兴隆桥2017.2三、供电供水供电旧时，境内,
宝南下田村幸福桥,宝南下田村幸福桥,bridge,review,medium,1,在高德矢量底图逐项核对同名或近名标签,拆除时间备注宝南钱家村钱家桥2003.1宝南朱塔浜水泥桥2004.2宝南朱塔浜木头桥2004.2宝南下田村幸福桥2015.2宝南下田村塘角桥2016.2宝南西下田竹头桥2017.2宝南下田村兴隆桥2017.2,
宝南朱塔浜木头桥,宝南朱塔浜木头桥,bridge,review,medium,1,在高德矢量底图逐项核对同名或近名标签,03.1170地址桥名拆除时间备注宝南钱家村钱家桥2003.1宝南朱塔浜水泥桥2004.2宝南朱塔浜木头桥2004.2宝南下田村幸福桥2015.2宝南下田村塘角桥2016.2宝南西下田竹头桥2017.2,
宝南朱塔浜水泥桥,宝南朱塔浜水泥桥,bridge,review,medium,1,在高德矢量底图逐项核对同名或近名标签,02.3宝南钱家村外浜桥2003.1170地址桥名拆除时间备注宝南钱家村钱家桥2003.1宝南朱塔浜水泥桥2004.2宝南朱塔浜木头桥2004.2宝南下田村幸福桥2015.2宝南下田村塘角桥2016.2,
宝南西下田竹头桥,宝南西下田竹头桥,bridge,review,medium,1,在高德矢量底图逐项核对同名或近名标签,2004.2宝南朱塔浜木头桥2004.2宝南下田村幸福桥2015.2宝南下田村塘角桥2016.2宝南西下田竹头桥2017.2宝南下田村兴隆桥2017.2三、供电供水供电旧时，境内当地居民夜间照明靠火油灯、蜡,
宝南钱家村外浜桥,宝南钱家村外浜桥,bridge,review,medium,1,在高德矢量底图逐项核对同名或近名标签,浜牛桩浜桥2002.1石拱桥宝南金家村金家桥2002.3水泥石拱桥宝南金家村新开河桥2002.3宝南钱家村外浜桥2003.1170地址桥名拆除时间备注宝南钱家村钱家桥2003.1宝南朱塔浜水泥桥2004,
宝尹泥河港梁家桥,宝尹泥河港梁家桥,bridge,review,medium,1,在高德矢量底图逐项核对同名或近名标签,0宝尹王家浜王家浜桥1996.1竹桥宝尹东南港馨欣桥1996.10宝尹泥河港迎丰桥1996.10宝尹泥河港梁家桥1996.10宝尹泥河港跃进1号桥1996.10宝尹泥河港跃进2号桥1996.10宝尹沿字港胜利,
宝尹泥河港迎丰桥,宝尹泥河港迎丰桥,bridge,review,medium,1,在高德矢量底图逐项核对同名或近名标签,宝南东下田廿五基桥1995.10宝尹王家浜王家浜桥1996.1竹桥宝尹东南港馨欣桥1996.10宝尹泥河港迎丰桥1996.10宝尹泥河港梁家桥1996.10宝尹泥河港跃进1号桥1996.10宝尹泥河港跃进2号,
宝尹泥河田潘家桥,宝尹泥河田潘家桥,bridge,review,medium,1,在高德矢量底图逐项核对同名或近名标签,家桥1996.10石拱桥宝带桥西侧公路桥1998.8多孔连翼公路桥宝南金家村兴福庵桥2001.1宝尹泥河田潘家桥2002.1宝尹牛桩浜牛桩浜桥2002.1石拱桥宝南金家村金家桥2002.3水泥石拱桥宝南金家村,
宝尹西南港红星桥,宝尹西南港红星桥,bridge,review,medium,1,在高德矢量底图逐项核对同名或近名标签,尹泥河港跃进1号桥1996.10宝尹泥河港跃进2号桥1996.10宝尹沿字港胜利桥1996.10宝尹西南港红星桥1996.10混凝土拱桥宝尹泥河田港朱家桥1996.10石拱桥宝带桥西侧公路桥1998.8多孔连,
宝通路北4号桥,宝通路北4号桥,bridge,review,medium,2,在高德矢量底图逐项核对同名或近名标签,，新建公路桥梁有古塘河桥、下塔里桥、石湖东路桥、天灵路西1号桥、澄湖东路3号桥、天灵路东2号桥、宝通路北4号桥、宝通路南5号桥、迎春南路钱家桥、迎春南路7号桥、迎春南路8号桥、宝丰路9号桥、迎春南路金家桥等,
宝通路南5号桥,宝通路南5号桥,bridge,review,medium,2,在高德矢量底图逐项核对同名或近名标签,古塘河桥、下塔里桥、石湖东路桥、天灵路西1号桥、澄湖东路3号桥、天灵路东2号桥、宝通路北4号桥、宝通路南5号桥、迎春南路钱家桥、迎春南路7号桥、迎春南路8号桥、宝丰路9号桥、迎春南路金家桥等13座。并在宝带,
小村廿五基桥,小村廿五基桥,bridge,review,medium,1,在高德矢量底图逐项核对同名或近名标签,位于吴家角西1台，位于馨欣桥边1台，均为50千伏安。同年，在金星第24社安装3台变压器，其中位于小村廿五基桥旁1台，位于钱家村1台，位于幸福桥东（饲料加工厂旁）1台，也均为50千伏安。1980年居民电视机,
朱塔浜木头桥,朱塔浜木头桥,bridge,review,medium,1,在高德矢量底图逐项核对同名或近名标签,桥、朱家桥、公路桥、兴福庵桥、潘家桥、牛桩浜桥、金家桥、新开河桥、外浜桥、钱家桥、朱塔浜水泥桥、朱塔浜木头桥、幸福桥、塘角桥、下田竹头桥、兴隆桥等23座。为了保护宝带桥古迹，苏（苏州）嘉（嘉兴）公路改道，,
朱塔浜桥,朱塔浜桥,bridge,review,medium,1,在高德矢量底图逐项核对同名或近名标签,桥、馨欣桥等7座，新建的桥梁有幸福桥、王家浜桥、红星桥、朱塔浜木桥、胜利桥、夹河溇竹桥、塘角桥、朱塔浜桥、跃进1号桥、跃进2号桥、钱家石拱桥、金家石拱桥等12座。1992年8月始，境域桥梁建设速度、质,
朱塔浜水泥桥,朱塔浜水泥桥,bridge,review,medium,1,在高德矢量底图逐项核对同名或近名标签,、胜利桥、红星桥、朱家桥、公路桥、兴福庵桥、潘家桥、牛桩浜桥、金家桥、新开河桥、外浜桥、钱家桥、朱塔浜水泥桥、朱塔浜木头桥、幸福桥、塘角桥、下田竹头桥、兴隆桥等23座。为了保护宝带桥古迹，苏（苏州）嘉（嘉,
澄湖东路3号桥,澄湖东路3号桥,bridge,review,medium,2,在高德矢量底图逐项核对同名或近名标签,，境域桥梁建设速度、质量有了提高，新建公路桥梁有古塘河桥、下塔里桥、石湖东路桥、天灵路西1号桥、澄湖东路3号桥、天灵路东2号桥、宝通路北4号桥、宝通路南5号桥、迎春南路钱家桥、迎春南路7号桥、迎春南路8号桥,
澹台湖上景观桥,澹台湖上景观桥,bridge,review,medium,1,在高德矢量底图逐项核对同名或近名标签,观前街东醋坊桥，人民路上饮马桥。拙政园里九曲桥，环城河上渡僧桥。古城苏州风光好，东南西北都有桥。澹台湖上景观桥，连环桥洞宝带桥。王江泾大桥高又高，不及彩云桥半身高。说书先生琵琶桥，年老体弱走平板桥。古城苏州,
澹台湖大桥,澹台湖大桥,bridge,review,medium,11,在高德矢量底图逐项核对同名或近名标签,远处则有苍翠的七子山，十分入画。旖旎的风光，吸引了众多文人墨客流连、吟咏。2004年6月，建成的澹台湖大桥横跨京杭大运河，桥身两侧各有一个巨大弯拱，线条优美，错落有致。站在大桥上，整个湖面一览无余。20,
牛桩桥,牛桩桥,bridge,review,medium,1,在高德矢量底图逐项核对同名或近名标签,混凝土拱桥，并命名为迎丰桥。1950年1月至1991年12月，境域拆除的旧桥、危桥有夹河溇竹桥、牛桩桥、钱家木桥、金家河木桥等，改造的老桥、危桥有潘家桥、王家浜竹桥、迎丰桥、梁家桥、朱家桥、牛桩浜石,
牛桩浜桥,牛桩浜桥,bridge,review,medium,1,在高德矢量底图逐项核对同名或近名标签,欣桥、迎丰桥、梁家桥、跃进1号桥、跃进2号桥、胜利桥、红星桥、朱家桥、公路桥、兴福庵桥、潘家桥、牛桩浜桥、金家桥、新开河桥、外浜桥、钱家桥、朱塔浜水泥桥、朱塔浜木头桥、幸福桥、塘角桥、下田竹头桥、兴隆,
王家浜桥,王家浜桥,bridge,review,medium,1,在高德矢量底图逐项核对同名或近名标签,桥有潘家桥、王家浜竹桥、迎丰桥、梁家桥、朱家桥、牛桩浜石拱桥、馨欣桥等7座，新建的桥梁有幸福桥、王家浜桥、红星桥、朱塔浜木桥、胜利桥、夹河溇竹桥、塘角桥、朱塔浜桥、跃进1号桥、跃进2号桥、钱家石拱桥、,
王家浜竹桥,王家浜竹桥,bridge,review,medium,2,在高德矢量底图逐项核对同名或近名标签,月，境域拆除的旧桥、危桥有夹河溇竹桥、牛桩桥、钱家木桥、金家河木桥等，改造的老桥、危桥有潘家桥、王家浜竹桥、迎丰桥、梁家桥、朱家桥、牛桩浜石拱桥、馨欣桥等7座，新建的桥梁有幸福桥、王家浜桥、红星桥、朱塔,
石湖东路公路桥,石湖东路公路桥,bridge,review,medium,2,在高德矢量底图逐项核对同名或近名标签,东路、天灵路、澄湖中路、澄湖东路，南北走向的迎春南路、宝通路、宝丰路；构筑了古塘河桥、下塔里桥、石湖东路公路桥、钱家桥、金家桥、8号不锈钢栏桥等桥梁；开拓疏通了钱家村河、黄家浜、兴隆河、金家村河、跃进河、澹,
石湖东路桥,石湖东路桥,bridge,review,medium,3,在高德矢量底图逐项核对同名或近名标签,桥社区对辖区内群众开展“扫黑除恶”、消除隐患、提升群众安全感宣传教育活动。5月1日，境域东西向的石湖东路桥建成通车。6月4日，中共江苏省宣传部、省交通运输厅、省文物局在镇江召开的“寻找大运河江苏记忆”活,
迎春南路7号桥,迎春南路7号桥,bridge,review,medium,2,在高德矢量底图逐项核对同名或近名标签,天灵路西1号桥、澄湖东路3号桥、天灵路东2号桥、宝通路北4号桥、宝通路南5号桥、迎春南路钱家桥、迎春南路7号桥、迎春南路8号桥、宝丰路9号桥、迎春南路金家桥等13座。并在宝带桥·澹台湖景区建起了异形钢结构景,
迎春南路8号桥,迎春南路8号桥,bridge,review,medium,2,在高德矢量底图逐项核对同名或近名标签,澄湖东路3号桥、天灵路东2号桥、宝通路北4号桥、宝通路南5号桥、迎春南路钱家桥、迎春南路7号桥、迎春南路8号桥、宝丰路9号桥、迎春南路金家桥等13座。并在宝带桥·澹台湖景区建起了异形钢结构景观桥。拆除的旧桥,
金家桥,金家桥,bridge,review,medium,6,在高德矢量底图逐项核对同名或近名标签,澄湖东路，南北走向的迎春南路、宝通路、宝丰路；构筑了古塘河桥、下塔里桥、石湖东路公路桥、钱家桥、金家桥、8号不锈钢栏桥等桥梁；开拓疏通了钱家村河、黄家浜、兴隆河、金家村河、跃进河、澹台湖北运河、牛桩,
钱家桥,钱家桥,bridge,review,medium,6,在高德矢量底图逐项核对同名或近名标签,湖中路、澄湖东路，南北走向的迎春南路、宝通路、宝丰路；构筑了古塘河桥、下塔里桥、石湖东路公路桥、钱家桥、金家桥、8号不锈钢栏桥等桥梁；开拓疏通了钱家村河、黄家浜、兴隆河、金家村河、跃进河、澹台湖北运,
宝带桥商业大厦,宝带桥商业大厦,commercial,review,medium,3,在高德矢量底图逐项核对同名或近名标签,治第一期建设项目正式启动，2016年9月2日竣工。12月18日，宝带桥社区投资4380万元建设的宝带桥商业大厦竣工（占地面积3335.3平方米，建筑面积15153.48平方米）。是月，宝带桥社区投资1229,
下田小学,下田小学,education,review,medium,1,在高德矢量底图逐项核对同名或近名标签,学。12月，开展面上社会主义教育运动，开展“四清”（清政治、清经济、清思想、清组织）工作。是年，下田小学搬迁至土地庙。是年，遵照上级要求，对金星、新华两大队14人（其中富农分子1人、坏分子13人）实行,
宝南小学,宝南小学,education,review,medium,11,在高德矢量底图逐项核对同名或近名标签,，境内低洼农田受淹、部分老旧民房倒塌。9月6日，遭17号台风袭击，境内河水猛涨，洼田被淹。是月，宝南小学新建十楼十底教室启用，宝尹、新江、龙南等村高年级小学生被吸收入学。时宝南小学有12个班级，450,
宝尹小学,宝尹小学,education,review,medium,6,在高德矢量底图逐项核对同名或近名标签,。是年，流行脑膜炎，殃及境域。1946年是年，境内宝庆寺西厢房建起泥河田公立小学（1990年改称宝尹小学）。81948年6月，并编区、乡，境内归属吴县车坊区尹山乡。1949年4月27日，境域解放,
庙桥小学,庙桥小学,education,review,medium,4,在高德矢量底图逐项核对同名或近名标签,害，至7月降雨768毫米，8月25日又遭强台风袭击，境内大片低洼农田受淹。7月，金家村兴福庵开办庙桥小学。是年，长桥乡在境内成立扫盲委员会，开展扫盲活动。1955年3月1日，使用新人民币，与旧人民币折,
新华小学,新华小学,education,review,medium,3,在高德矢量底图逐项核对同名或近名标签,华大队陈阿夯当选为吴县第二次活学活用毛泽东思想积极分子代表。是月，下田小学搬迁至坟堂上，并更名为新华小学。10月11日，金星大队在尤字港建造混凝土拱桥时因倒塌造成5人死亡。翌年重建拱桥，取名为“胜利桥,
泥河田公立小学,泥河田公立小学,education,review,medium,2,在高德矢量底图逐项核对同名或近名标签,1978年改沙土路面为沥青路面。是年，流行脑膜炎，殃及境域。1946年是年，境内宝庆寺西厢房建起泥河田公立小学（1990年改称宝尹小学）。81948年6月，并编区、乡，境内归属吴县车坊区尹山乡。194,
泥河田小学,泥河田小学,education,review,medium,3,在高德矢量底图逐项核对同名或近名标签,队实行营连制，大办食堂，并提出“放开肚皮吃饭，鼓足干劲生产”等口号。是年，境内地处泥河田宝庆寺的泥河田小学搬迁至姚家场，并更名为金星小学。是年，新华大队陆盘根因经常在外工作，去上海花80元人民币购买了境,
碧波实验小学,碧波实验小学,education,review,medium,20,在高德底图人工确认点位,在村民家客厅、破庙讲课的私立学校、耕读小学，至2017年，全日制学校有建筑面积35137平方米的碧波实验小学及附属幼儿园，建筑面积15830平方米的碧波中学。少年儿童入学率达100%。卫生事业方面，196,
碧波小学,碧波小学,education,review,medium,5,在高德矢量底图逐项核对同名或近名标签,大雨，24小时平均雨量在50毫米以上，太湖水位超过4.12米，境域洼地受淹。169月1日，碧波小学建成启用，该校占地面积为40亩，其中建筑面积为35137平方米。至时，境内小学撤并至碧波小学。1,
碧波幼儿园,碧波幼儿园,education,review,medium,12,在高德矢量底图逐项核对同名或近名标签,右，宝南60人左右。2371996年9月1日，碧波实验小学附属幼儿园成立，宝尹村幼儿园并入碧波幼儿园。1998年9月1日，宝南村幼儿园并入碧波幼儿园。境内历任幼儿教师宝尹村有张菊英、潘文妹、朱素芳,
红庄中学,红庄中学,education,review,medium,2,在高德矢量底图逐项核对同名或近名标签,中学书本由上级中学提供，教师由境内学校招聘。境内金星大队办了一届，至1978年8月停办，学生并入红庄中学。境内新华大队办了一届半，至1979年8月停办，学生并入龙桥中学。历任“戴帽子”中学的教师：金星,
金星小学,金星小学,education,review,medium,3,在高德矢量底图逐项核对同名或近名标签,放开肚皮吃饭，鼓足干劲生产”等口号。是年，境内地处泥河田宝庆寺的泥河田小学搬迁至姚家场，并更名为金星小学。是年，新华大队陆盘根因经常在外工作，去上海花80元人民币购买了境内第一辆品牌为凤凰的自行车。,
钱家小学,钱家小学,education,review,medium,5,在高德矢量底图逐项核对同名或近名标签,委发出的《认真提倡计划生育的通知》，带头实行计划生育。9月，庙桥小学搬迁至钱家村大坟上，并更名为钱家小学。12月，开展面上社会主义教育运动，开展“四清”（清政治、清经济、清思想、清组织）工作。是年，下,
长桥小学,长桥小学,education,review,medium,1,在高德矢量底图逐项核对同名或近名标签,政府派干部组织群众文艺骨干成立文艺宣传队，先后成立了“三社”文艺宣传队、新华文艺宣传队，并由时任长桥小学教师的孙惠良担任教员，排练《戒赌记》《秋香送茶》《双推磨》《两兄弟》等小剧，演唱《中国人民志愿军,
龙南小学,龙南小学,education,review,medium,1,在高德矢量底图逐项核对同名或近名标签,政府和宝南村共同出资，十楼十底的宝南小学新校舍建成启用。为统筹协调、规范教育，先后将宝尹、新江、龙南小学的五、六年级学生招收入学。为方便外村学生就学，学校开办了食堂。1995年6月，宝南小学有12个班,
龙桥中学,龙桥中学,education,review,medium,2,在高德矢量底图逐项核对同名或近名标签,，至1978年8月停办，学生并入红庄中学。境内新华大队办了一届半，至1979年8月停办，学生并入龙桥中学。历任“戴帽子”中学的教师：金星大队有马卫东、方向明、邓永瑄、史学明等，新华大队有杨康勇、沈会男,
宝尹村自建水塔,宝尹村自建水塔,heritage,review,medium,2,在高德矢量底图逐项核对同名或近名标签,苏州外文书店发行的《苏州风光》明信片图录，入选中国图书进出口公司出版的《苏州》明信片图录。4月，宝尹村自建水塔，村民喝上自来水。6月中旬，持续高温10多天，境域大旱。151989年4月，苏州市人民政府,
宝信工业坊,宝信工业坊,industry,review,medium,5,在高德矢量底图逐项核对同名或近名标签,335.3平方米，建筑面积15153.48平方米）。是月，宝带桥社区投资1229万元建设的东湖“宝信工业坊”竣工（系7049平方米标准厂房一幢）。2015年1月，1100米的金家村河清淤污泥9000立方,
宝南拼线厂,宝南拼线厂,industry,review,medium,2,在高德矢量底图逐项核对同名或近名标签,南村的钱家村、金家村拆除原简易竹桥、木桥，建起石拱桥。1985年4月，宝南织布厂迁移扩容。6月，宝南拼线厂就地扩容。10月，宝南汽车改装厂成立开业。11月，开展第一个五年普法教育，简称“一五”普法教育。,
宝南汽车改装厂,宝南汽车改装厂,industry,review,medium,1,在高德矢量底图逐项核对同名或近名标签,易竹桥、木桥，建起石拱桥。1985年4月，宝南织布厂迁移扩容。6月，宝南拼线厂就地扩容。10月，宝南汽车改装厂成立开业。11月，开展第一个五年普法教育，简称“一五”普法教育。是年，长桥公社始建治安联防队，境,
宝南纸箱厂,宝南纸箱厂,industry,review,medium,3,在高德矢量底图逐项核对同名或近名标签,州》明信片图录，入选人民中国杂志社出版、苏州外文书店发行的《苏州》明信片图录。是年，宝尹酱品厂、宝南纸箱厂建成投产。是年，宝南村首建村部办公楼，建筑面积为360平方米，占地面积为1650平方米。1988,
宝南织布厂,宝南织布厂,industry,review,medium,1,在高德矢量底图逐项核对同名或近名标签,驻苏州化学纤维厂。是年，宝南村的钱家村、金家村拆除原简易竹桥、木桥，建起石拱桥。1985年4月，宝南织布厂迁移扩容。6月，宝南拼线厂就地扩容。10月，宝南汽车改装厂成立开业。11月，开展第一个五年普法教,
宝尹制件厂,宝尹制件厂,industry,review,medium,1,在高德矢量底图逐项核对同名或近名标签,游》明信片图录。12月15日，撤乡建镇，实行镇管村体制，长桥乡改称长桥镇，境域隶属长桥镇。是年，宝尹制件厂建成投产。1987年4月15日，宝尹村陈志明当选吴县第九届人民代表大会代表；28日，宝尹村江根土,
宝尹工业小区,宝尹工业小区,industry,review,medium,3,在高德矢量底图逐项核对同名或近名标签,桥区域工业商贸用房短缺。境内宝尹、宝南两村抓住商机，在2001年12月后投资2758万元，建起了宝尹工业小区、宝信工业坊。境域在建设工业用房的同时，投资兴建商贸用房、职工宿舍，还与人合作投资建设工业、商贸,
宝尹酱品厂,宝尹酱品厂,industry,review,medium,1,在高德矢量底图逐项核对同名或近名标签,局发行的《苏州》明信片图录，入选人民中国杂志社出版、苏州外文书店发行的《苏州》明信片图录。是年，宝尹酱品厂、宝南纸箱厂建成投产。是年，宝南村首建村部办公楼，建筑面积为360平方米，占地面积为1650平方,
新华大队织布厂,新华大队织布厂,industry,review,medium,1,在高德矢量底图逐项核对同名或近名标签,0天无雨。11月下旬，150名基干民兵参加太浦河二期工程施工。是年，境内基本消灭血吸虫病。是年，新华大队织布厂、金星大队眼镜厂建成投产。1979年3月，根据中央文件精神，对13名改造好的地、富、反、坏分子“,
新华拼线厂,新华拼线厂,industry,review,medium,1,在高德矢量底图逐项核对同名或近名标签,平整土地，至翌年12月，开挖河道4条。11月25日，组织150名基干民兵参加浏河拓宽工程。是年，新华拼线厂建成投产。1976年1月8日，周恩来逝世，村民自觉佩戴黑纱，开展悼念活动。是月，公社建立地震领导,
金星塑料厂,金星塑料厂,industry,review,medium,1,在高德矢量底图逐项核对同名或近名标签,至3时，8号台风袭击境域，最大风力达11级并连降暴雨，境内部分低洼稻田被淹，老旧房屋被毁。是年，金星塑料厂建成投产。1978年1月10日，150名基干民兵参加东太湖复堤工程建设。5月至9月，大旱，7月至,
金星大队眼镜厂,金星大队眼镜厂,industry,review,medium,1,在高德矢量底图逐项核对同名或近名标签,下旬，150名基干民兵参加太浦河二期工程施工。是年，境内基本消灭血吸虫病。是年，新华大队织布厂、金星大队眼镜厂建成投产。1979年3月，根据中央文件精神，对13名改造好的地、富、反、坏分子“摘帽”。4月，长,
碧波卫生院,碧波卫生院,medical,review,medium,3,在高德矢量底图逐项核对同名或近名标签,月，新建碧波实验小学（含幼儿园），建筑面积35137平方米。1999年4月，宝尹村合作医疗室并入碧波卫生院，翌年1月，卫生院在境内设立社区服务中心，对育龄妇女保健、老年健康体检等提供专项服务。2002年,
澹台湖公园,澹台湖公园,park,review,medium,11,在高德矢量底图逐项核对同名或近名标签,经改道，河水改由宝带桥北面的澹台湖中通过，再转入原运河河道。宝带桥及石亭、石塔，则都已列入新建的澹台湖公园的范围。录自1999年6月上海文化出版社《苏州古亭》水乡泽国桥文化（节选）冀岗邹志尖吴中大地,
田度里小区公园,田度里小区公园,park,review,medium,2,在高德矢量底图逐项核对同名或近名标签,月，苏州市文化广电新闻出版局授予宝带桥社区“苏州市有线高清互动社区（村）”称号。是年，朱塔浜建成田度里小区公园、老年活动中心。是年，宝带桥社区投资90万元，在钱家新村、朱塔浜和下田村居民生活小区安装技防监控,
下田土地庙,下田土地庙,religious_site,review,medium,1,在高德矢量底图逐项核对同名或近名标签,各生产小队都建起了麦谷的脱粒场地，与此同时各生产小队都逐步建起了养猪场。其中新华（宝南）大队还在下田土地庙上建立了大队养猪场的指导站，不但站里养猪还放猪到农户代养。1972年起还在澹台湖南岸上建起了苗猪,
兴福庵,兴福庵,religious_site,review,medium,4,在高德矢量底图逐项核对同名或近名标签,特大洪涝灾害，至7月降雨768毫米，8月25日又遭强台风袭击，境内大片低洼农田受淹。7月，金家村兴福庵开办庙桥小学。是年，长桥乡在境内成立扫盲委员会，开展扫盲活动。1955年3月1日，使用新人民币，,
太太庙,太太庙,religious_site,review,medium,3,在高德矢量底图逐项核对同名或近名标签,场所，现在里面竖立着一块《重修宝带桥记碑》。宝带桥的北面是一块空地，村民在那里造了一座澹台子祠暨太太庙，供奉澹台灭明、太太等。澹台灭明就是孔子的学生，宝带桥就建在澹台湖上，供奉澹台灭明顺理成章。录自,
宝庆寺,宝庆寺,religious_site,review,medium,3,在高德矢量底图逐项核对同名或近名标签,米沙土公路通车。1978年改沙土路面为沥青路面。是年，流行脑膜炎，殃及境域。1946年是年，境内宝庆寺西厢房建起泥河田公立小学（1990年改称宝尹小学）。81948年6月，并编区、乡，境内归属,
澹台子祠,澹台子祠,religious_site,review,medium,3,在高德矢量底图逐项核对同名或近名标签,9月，澹台湖畔新建市民公园，与千年古桥——宝带桥连缀一起，景色如画，成为人们休闲、观光之地。附：澹台子祠为供奉春秋战国时期教育家、孔子七十二弟子之一澹台灭明的澹台子祠，始建于北宋。据史载，澹台灭明字子,
威尼斯花园,威尼斯花园,residential,review,medium,3,在高德矢量底图逐项核对同名或近名标签,就在澹台湖大桥南端的东侧。新建的澹台湖公园，北临京杭大运河，东北部是澹台湖与运河的交汇处，东南是威尼斯花园别墅，西靠澹台湖大桥南端，正南面向白云街，大门就设在此处，与威尼斯花园大门相邻。公园大约有百八十,
宝南花园,宝南花园,residential,review,medium,6,在高德矢量底图逐项核对同名或近名标签,等5个居民生活区。2013年3月，宝带桥·澹台湖景区综合整治，动迁下田村、小村2个居民生活区拟建宝南花园居民生活小区。2017年10月，宝南花园居民生活区奠基动工。一、王家浜（村）王家浜位于境域东南，,
宝尹新村,宝尹新村,residential,review,medium,3,在高德矢量底图逐项核对同名或近名标签,宅230宝尹花园144号老村改造董才林自建住宅230宝尹花园145号老村改造董夯男自建住宅230宝尹新村146号老村改造沈志明自建住宅230宝尹花园147号老村改造续表188房屋产权人房屋性质面,
西下田生活小区,西下田生活小区,residential,review,medium,1,在高德矢量底图逐项核对同名或近名标签,压器，宝带桥大厦安装2台2000千伏安变压器。宝尹花园生活小区安装8台变压器，每台350千伏安。西下田生活小区安装7台变压器，每台315千伏安。钱家新村安装11台变压器，每台315千伏安。境域合计安装变压电,
钱家花园,钱家花园,residential,review,medium,3,在高德矢量底图逐项核对同名或近名标签,宅396钱家新村202号老村改造董才男自建住宅396钱家新村203号老村改造王庆丰自建住宅396钱家花园204号老村改造沈云龙自建住宅396钱家新村205号老村改造钱春龙自建住宅396钱家新村206号,
迎春路,迎春路,road,review,medium,6,在高德矢量底图逐项核对同名或近名标签,考核小组，对境内保洁员制定岗位责任制，进行长效管理。是月，吴中区公安分局城南交警中队在石湖东路、迎春路十字路口设置交通安全教育站。4月，宝带桥社区倡导境内百姓在清明期间通过网上祭祀、居家追思途径纪念,
大运河国家文化公园,大运河国家文化公园,scenic_area,review,medium,3,在高德矢量底图逐项核对同名或近名标签,市委书记许昆林一行调研宝带桥·澹台湖景区、吴中博物馆等设施的情况。是月，宝带桥·澹台湖景区更名为大运河国家文化公园——宝带桥·澹台湖核心展示园。第一章建置地理宝带桥社区境域东依京杭大运河苏嘉段，南接吴,
宝带桥·澹台湖景区,宝带桥·澹台湖景区,scenic_area,review,medium,25,在高德矢量底图逐项核对同名或近名标签,…………75第二节宝带桥……………………………………………………………………………76第三节宝带桥·澹台湖景区……………………………………………………………80第四节诗词文选………………………………………,
宝带桥·澹台湖核心展示园,宝带桥·澹台湖核心展示园,scenic_area,review,medium,3,在高德矢量底图逐项核对同名或近名标签,宝带桥·澹台湖景区、吴中博物馆等设施的情况。是月，宝带桥·澹台湖景区更名为大运河国家文化公园——宝带桥·澹台湖核心展示园。第一章建置地理宝带桥社区境域东依京杭大运河苏嘉段，南接吴中区城南街道红庄社区，西连吴,
党群服务中心,党群服务中心,service_facility,review,medium,10,在高德矢量底图逐项核对同名或近名标签,辉映水润姑苏”的文章，介绍大运河文化带的世界文化遗产——宝带桥。8月29日上午，宝带桥社区举行党群服务中心新楼竣工揭幕仪式。9月26日上午，吴中区人大常委会主任张炳华带领区人大常委会委员一行9人，在区教,
老年活动中心,老年活动中心,service_facility,review,medium,5,在高德矢量底图逐项核对同名或近名标签,碧波中学建成开学。是年，宝尹居民家家装上了高清数字电视。是年，宝南居委会投资建成下田社区医务室和老年活动中心，建筑面积540平方米。是年，朱塔浜南岸18户居民、塘里（澹台湖西岸）6户居民搬迁至钱家新村居民,
东湖,东湖,water,review,medium,3,在高德矢量底图逐项核对同名或近名标签,水利局核准。是月20日，苏州市人民政府同意设立并批复成立吴中区城南街道办事处，下辖宝带桥、红庄、东湖、南石湖、龙南、新江、碧波、白云街、南港、吴中商城、盛丰苑、商贸城、桂苑等13个社区（村）居委会,
太湖,太湖,water,review,medium,52,在高德矢量底图逐项核对同名或近名标签,路贯通境域东西，交通便捷；境内有宝带桥·澹台湖景区，景色旖旎。境域属海洋性季风气候，四季分明，受太湖水体调节，气候宜人，雨量充沛，日照充足，无霜期长，宜农宜渔，是典型的江南鱼米之乡。2017年12,
澄湖,澄湖,water,review,medium,1,在高德矢量底图逐项核对同名或近名标签,设规划，在公路、河道、居民住宅、环境卫生上着手，先后建造了东西走向的东吴南路、石湖东路、天灵路、澄湖中路、澄湖东路，南北走向的迎春南路、宝通路、宝丰路；构筑了古塘河桥、下塔里桥、石湖东路公路桥、钱,
石湖,石湖,water,review,medium,7,在高德矢量底图逐项核对同名或近名标签,、吴中高新区相望，南接城南街道红庄社区，西连新江、龙南社区，北临江南运河；迎春南路穿越境域南北，石湖东路贯通境域东西，交通便捷；境内有宝带桥·澹台湖景区，景色旖旎。境域属海洋性季风气候，四季分明，,
碧波荡,碧波荡,water,review,medium,2,在高德矢量底图逐项核对同名或近名标签,9.57续表第三章澹台湖·宝带桥境域的水以澹台湖为目，桥以宝带桥为脊。澹台湖绿水清萍，碧波荡漾，为春秋时期孔子弟子澹台灭明结庐修学之地；宝带桥建于唐代元和年间，横跨湖口，薄墩连拱。历代文人,
金鸡湖,金鸡湖,water,review,medium,2,在高德矢量底图逐项核对同名或近名标签,《吴地记》以为子羽宅所陷。自此东过宝带桥入运河，分流入黄天荡、入陈湖（即今澄湖）、入金泾淹（即今金鸡湖）。”对于澹台灭明的墓葬所在，《姑苏志》第三十四卷同时记载：“澹台灭明墓在澹台湖傍，或曰在吴县西,
黄天荡,黄天荡,water,review,medium,3,在高德矢量底图逐项核对同名或近名标签,观光之地。75第一节澹台湖澹台湖位于苏州古城之南，西界太湖，东过宝带桥入运河，分流入黄天荡、金泾河；直北正行经葑门环城为濠，至娄门东入娄江。澹台湖因春秋时期孔子弟子澹台灭明而得名。唐代的,
下田村南港河,下田村南港河,waterway,review,medium,1,在高德矢量底图逐项核对同名或近名标签,园居民生活区奠基动工。一、王家浜（村）王家浜位于境域东南，东为尤字港，南临南浜，西为泥和田，北连下田村南港河（又名马桶河）。1950年3月，王家浜隶属吴县车坊区宝带乡；4月15日，隶属吴县枫桥区尹西乡。1,
下田港,下田港,waterway,review,medium,2,在高德矢量底图逐项核对同名或近名标签,家文化公园——宝带桥·澹台湖核心展示园）位于苏州吴中区核心地带，东至吴东路，北至京杭大运河，西至下田港，南抵石湖东路，规划总面积为105万平方米（含水面），已建成的一期项目总面积为44万平方米（含水,
兴隆河,兴隆河,waterway,review,medium,3,在高德矢量底图逐项核对同名或近名标签,桥、下塔里桥、石湖东路公路桥、钱家桥、金家桥、8号不锈钢栏桥等桥梁；开拓疏通了钱家村河、黄家浜、兴隆河、金家村河、跃进河、澹台湖北运河、牛桩浜东港、金家河、金星内河、新华内河等河道，并对村庄进行旧房,
古塘河,古塘河,waterway,review,medium,7,在高德矢量底图逐项核对同名或近名标签,走向的东吴南路、石湖东路、天灵路、澄湖中路、澄湖东路，南北走向的迎春南路、宝通路、宝丰路；构筑了古塘河桥、下塔里桥、石湖东路公路桥、钱家桥、金家桥、8号不锈钢栏桥等桥梁；开拓疏通了钱家村河、黄家浜、,
古运河,古运河,waterway,review,medium,18,在高德矢量底图逐项核对同名或近名标签,河流境域在20世纪90年代初期，共有大小内河流39条，总长度16555米。南北纵向的骨干河道有古运河、宝南中心河（原北为廿五港，南为泥河田港）和古塘河；东西纵向的骨干河道有泥河田港（原为宝尹南港河,
宝南中心河,宝南中心河,waterway,review,medium,4,在高德矢量底图逐项核对同名或近名标签,域在20世纪90年代初期，共有大小内河流39条，总长度16555米。南北纵向的骨干河道有古运河、宝南中心河（原北为廿五港，南为泥河田港）和古塘河；东西纵向的骨干河道有泥河田港（原为宝尹南港河）、跃进河、,
宝南村钱家村里浜,宝南村钱家村里浜,waterway,review,medium,1,在高德矢量底图逐项核对同名或近名标签,浜居民生活小区。1998年9月，宝尹村港南浜20户居民搬迁至朱塔浜居民生活小区。2000年6月，宝南村钱家村里浜17户、金家村16户居民搬迁至朱塔浜居民生活小区。7月，宝尹村牛桩浜27户、泥河田23户居民搬迁,
宝尹南港河,宝尹南港河,waterway,review,medium,1,在高德矢量底图逐项核对同名或近名标签,道有古运河、宝南中心河（原北为廿五港，南为泥河田港）和古塘河；东西纵向的骨干河道有泥河田港（原为宝尹南港河）、跃进河、金家村河、马桶港（原为宝南南港河）和苏南运河。加之各自然村的内河小溪，纵横交叉，起着,
宝尹村泥河,宝尹村泥河,waterway,review,medium,1,在高德矢量底图逐项核对同名或近名标签,田、小村等5个居民生活小区，采用公拆自建方法，开始迁居。5月，居民生活区开始第一期拆迁改造搬迁：宝尹村泥河田114户、港南浜6户、王家浜63户，共计183户居民搬迁至朱塔浜居民生活区（后改名宝尹花园）。,
新华内河,新华内河,waterway,review,medium,2,在高德矢量底图逐项核对同名或近名标签,拓疏通了钱家村河、黄家浜、兴隆河、金家村河、跃进河、澹台湖北运河、牛桩浜东港、金家河、金星内河、新华内河等河道，并对村庄进行旧房改造、动迁安置；居民生活小区实施环境、卫生、安全等长效管理。宝带桥社区历,
江南运河,江南运河,waterway,review,medium,6,若高德无江南运河标签则以大运河线表达,圈内，东依大运河，分别与郭巷街道、吴中高新区相望，南接城南街道红庄社区，西连新江、龙南社区，北临江南运河；迎春南路穿越境域南北，石湖东路贯通境域东西，交通便捷；境内有宝带桥·澹台湖景区，景色旖旎。境域,
泥河田港,泥河田港,waterway,review,medium,9,在高德矢量底图逐项核对同名或近名标签,67年1月，受上海“一月风暴”影响，金星、新华大队风行“夺权”。2月，金星大队成立养鱼专业队，在泥河田港放养鱼苗。3月，金星、新华大队党、政工作由大队民兵营长主持。1968年3月5日，始行废除土葬。8,
澹台湖北运河,澹台湖北运河,waterway,review,medium,1,在高德矢量底图逐项核对同名或近名标签,桥、钱家桥、金家桥、8号不锈钢栏桥等桥梁；开拓疏通了钱家村河、黄家浜、兴隆河、金家村河、跃进河、澹台湖北运河、牛桩浜东港、金家河、金星内河、新华内河等河道，并对村庄进行旧房改造、动迁安置；居民生活小区实施,
牛桩浜东港,牛桩浜东港,waterway,review,medium,3,在高德矢量底图逐项核对同名或近名标签,家桥、8号不锈钢栏桥等桥梁；开拓疏通了钱家村河、黄家浜、兴隆河、金家村河、跃进河、澹台湖北运河、牛桩浜东港、金家河、金星内河、新华内河等河道，并对村庄进行旧房改造、动迁安置；居民生活小区实施环境、卫生、,
苏南运河,苏南运河,waterway,review,medium,6,若高德无苏南运河标签则以大运河线表达,为35137平方米。至时，境内小学撤并至碧波小学。10月9日，国务院副总理、国家计委主任邹家华为苏南运河题词“整治苏南运河，繁荣国民经济”，并立碑于宝带桥南堍。是年，宝带桥入选中国世界语出版社出版的《,
跃进河,跃进河,waterway,review,medium,8,在高德矢量底图逐项核对同名或近名标签,东路公路桥、钱家桥、金家桥、8号不锈钢栏桥等桥梁；开拓疏通了钱家村河、黄家浜、兴隆河、金家村河、跃进河、澹台湖北运河、牛桩浜东港、金家河、金星内河、新华内河等河道，并对村庄进行旧房改造、动迁安置；居,
金家村河,金家村河,waterway,review,medium,9,在高德矢量底图逐项核对同名或近名标签,里桥、石湖东路公路桥、钱家桥、金家桥、8号不锈钢栏桥等桥梁；开拓疏通了钱家村河、黄家浜、兴隆河、金家村河、跃进河、澹台湖北运河、牛桩浜东港、金家河、金星内河、新华内河等河道，并对村庄进行旧房改造、动迁,
金家河,金家河,waterway,review,medium,2,在高德矢量底图逐项核对同名或近名标签,锈钢栏桥等桥梁；开拓疏通了钱家村河、黄家浜、兴隆河、金家村河、跃进河、澹台湖北运河、牛桩浜东港、金家河、金星内河、新华内河等河道，并对村庄进行旧房改造、动迁安置；居民生活小区实施环境、卫生、安全等长,
金星内河,金星内河,waterway,review,medium,2,在高德矢量底图逐项核对同名或近名标签,等桥梁；开拓疏通了钱家村河、黄家浜、兴隆河、金家村河、跃进河、澹台湖北运河、牛桩浜东港、金家河、金星内河、新华内河等河道，并对村庄进行旧房改造、动迁安置；居民生活小区实施环境、卫生、安全等长效管理。宝,
金星北港河,金星北港河,waterway,review,medium,1,在高德矢量底图逐项核对同名或近名标签,厂名创办时间地址经营项目注册资金/万元厂区面积/平方米从业人员/个备注牛桩浜砖瓦厂1973.11金星北港河南砖、瓦1.313000181987.5停办新华并线厂1975.3宝带桥南棉纱加工、并线4198,
钱家村河,钱家村河,waterway,review,medium,4,在高德矢量底图逐项核对同名或近名标签,丰路；构筑了古塘河桥、下塔里桥、石湖东路公路桥、钱家桥、金家桥、8号不锈钢栏桥等桥梁；开拓疏通了钱家村河、黄家浜、兴隆河、金家村河、跃进河、澹台湖北运河、牛桩浜东港、金家河、金星内河、新华内河等河道，,
钱家村里浜,钱家村里浜,waterway,review,medium,1,在高德矢量底图逐项核对同名或近名标签,米，比历史最高水位高0.28米。境内组织基干民兵突击队，日夜守护围圩救险。2000年6月至8月，钱家村里浜17户居民、金家村16户居民搬迁至朱塔浜。8月14日，宝南纸箱厂转制给原承包人经营，性质由集体企,
马桶港,马桶港,waterway,review,medium,2,在高德矢量底图逐项核对同名或近名标签,五港，南为泥河田港）和古塘河；东西纵向的骨干河道有泥河田港（原为宝尹南港河）、跃进河、金家村河、马桶港（原为宝南南港河）和苏南运河。加之各自然村的内河小溪，纵横交叉，起着引调、蓄纳和排灌吞吐的作用，,
黄家浜,黄家浜,waterway,review,medium,4,在高德矢量底图逐项核对同名或近名标签,了古塘河桥、下塔里桥、石湖东路公路桥、钱家桥、金家桥、8号不锈钢栏桥等桥梁；开拓疏通了钱家村河、黄家浜、兴隆河、金家村河、跃进河、澹台湖北运河、牛桩浜东港、金家河、金星内河、新华内河等河道，并对村庄,
宝南大队,宝南大队,historic_admin,manual,medium,13,高德底图未必有历史地名标签，需人工补点或补面,长桥人民公社第八届人民代表大会代表。11月，为避地名重叠，金星大队更名为宝尹大队、新华大队更名为宝南大队。1981年3月，开展“五讲”（讲文明、讲礼貌、讲卫生、讲秩序、讲道德）“四美”（心灵美、语言美,
宝南村,宝南村,historic_admin,manual,medium,44,高德底图未必有历史地名标签，需人工补点或补面,31个村民小组，撤销生产大队和生产小队。宝尹大队更名为宝尹村，下辖10个村民小组；宝南大队更名为宝南村，下辖21个村民小组。10月4日至23日，连续降雨250毫米左右，境内低洼农田受淹。大事记,
宝尹大队,宝尹大队,historic_admin,manual,medium,11,高德底图未必有历史地名标签，需人工补点或补面,朱阿夯、马金（根）姐当选长桥人民公社第八届人民代表大会代表。11月，为避地名重叠，金星大队更名为宝尹大队、新华大队更名为宝南大队。1981年3月，开展“五讲”（讲文明、讲礼貌、讲卫生、讲秩序、讲道德）,
宝尹村,宝尹村,historic_admin,manual,medium,41,高德底图未必有历史地名标签，需人工补点或补面,月，境内实行村级体制改革，设立2个行政村、31个村民小组，撤销生产大队和生产小队。宝尹大队更名为宝尹村，下辖10个村民小组；宝南大队更名为宝南村，下辖21个村民小组。10月4日至23日，连续降雨25,
宝带乡,宝带乡,historic_admin,manual,medium,1,高德底图未必有历史地名标签，需人工补点或补面,归吴县淞北区尹山乡。翌年3月，尹山乡析分长桥、宝带、尹山及青树（今属吴江区境域）4个乡，境域隶属宝带乡。4月，宝带乡并入长桥乡，青树乡并入尹西乡，境内金家村、钱家村、朱塔浜、沉家浜、小村、下田村等6,
尹山乡,尹山乡,historic_admin,manual,medium,1,高德底图未必有历史地名标签，需人工补点或补面,，境域复而归属吴县。1949年10月1日，中华人民共和国成立，是月，宝带桥社区境域划归吴县淞北区尹山乡。翌年3月，尹山乡析分长桥、宝带、尹山及青树（今属吴江区境域）4个乡，境域隶属宝带乡。4月，宝带,
尹西乡,尹西乡,historic_admin,manual,medium,1,高德底图未必有历史地名标签，需人工补点或补面,桥、宝带、尹山及青树（今属吴江区境域）4个乡，境域隶属宝带乡。4月，宝带乡并入长桥乡，青树乡并入尹西乡，境内金家村、钱家村、朱塔浜、沉家浜、小村、下田村等6个自然村隶属长桥乡，泥河田、王家浜、港南浜,
新华大队,新华大队,historic_admin,manual,medium,103,高德底图未必有历史地名标签，需人工补点或补面,月，郭巷人民公社成立，实行集工农商学于一体、政社合一的体制，境域归属郭巷人民公社。金星24社改称新华大队，金星25社改称金星大队。是月，金星、新华大队实行营连制，大办食堂，并提出“放开肚皮吃饭，鼓足干,
郭巷乡,郭巷乡,historic_admin,manual,medium,1,高德底图未必有历史地名标签，需人工补点或补面,隶属尹西乡。1956年1月，长桥、尹西2个乡合并，名称长桥，境域隶属长桥乡。翌年3月，长桥乡并入郭巷乡，境域隶属郭巷乡。1965年12月，境域划归长桥人民公社。1992年8月，境域划归吴县经济技术开,
郭巷人民公社,郭巷人民公社,historic_admin,manual,medium,20,高德底图未必有历史地名标签，需人工补点或补面,是月，郭巷乡大办民兵，实行全民皆兵，提出行动军事化，生活集体化，境内青壮年集体住宿训练。10月，郭巷人民公社成立，实行集工农商学于一体、政社合一的体制，境域归属郭巷人民公社。金星24社改称新华大队，金星2,
郭巷公社,郭巷公社,historic_admin,manual,medium,4,高德底图未必有历史地名标签，需人工补点或补面,医疗费由公社、大队集体负担。是年，江苏农科院副院长、全国劳动生产模范陈永康率领10多名科技人员至郭巷公社长桥大队政点，做水稻高产示范试验，其间多次至境内指导和推广水稻高产栽培技术。1963年3月5日，,
金星24社,金星24社,historic_admin,manual,medium,1,高德底图未必有历史地名标签，需人工补点或补面,。10月8日，宝带桥被列为江苏省文物保护单位。是年，长桥乡开展建立农业生产高级合作社运动，境域建金星24社、25社两个高级农业生产合作社。1957年3月，吴县撤区并乡，长桥乡并入郭巷乡，境域归属郭巷乡。,
金星25社,金星25社,historic_admin,manual,medium,1,高德底图未必有历史地名标签，需人工补点或补面,民公社成立，实行集工农商学于一体、政社合一的体制，境域归属郭巷人民公社。金星24社改称新华大队，金星25社改称金星大队。是月，金星、新华大队实行营连制，大办食堂，并提出“放开肚皮吃饭，鼓足干劲生产”等口,
金星大队,金星大队,historic_admin,manual,medium,106,高德底图未必有历史地名标签，需人工补点或补面,行集工农商学于一体、政社合一的体制，境域归属郭巷人民公社。金星24社改称新华大队，金星25社改称金星大队。是月，金星、新华大队实行营连制，大办食堂，并提出“放开肚皮吃饭，鼓足干劲生产”等口号。是年，境,
长桥乡,长桥乡,historic_admin,manual,medium,1,高德底图未必有历史地名标签，需人工补点或补面,3月，尹山乡析分长桥、宝带、尹山及青树（今属吴江区境域）4个乡，境域隶属宝带乡。4月，宝带乡并入长桥乡，青树乡并入尹西乡，境内金家村、钱家村、朱塔浜、沉家浜、小村、下田村等6个自然村隶属长桥乡，泥河,
长桥人民公社,长桥人民公社,historic_admin,manual,medium,15,高德底图未必有历史地名标签，需人工补点或补面,名称长桥，境域隶属长桥乡。翌年3月，长桥乡并入郭巷乡，境域隶属郭巷乡。1965年12月，境域划归长桥人民公社。1992年8月，境域划归吴县经济技术开发区。1996年7月，吴县撤县建市，境域隶属吴县市；20,
长桥公社,长桥公社,historic_admin,manual,medium,6,高德底图未必有历史地名标签，需人工补点或补面,河）拓浚工程。1973年秋，金星、新华大队播种三麦时，试行开挖鼠道排水沟，俗称暗沟。1975年在长桥公社推广。是年，先后建起金星、新华土窑。是年，金星大队潘阿妹、新华大队沈泉妹出席吴县第四次妇女代表大,
长桥大队,长桥大队,historic_admin,manual,medium,4,高德底图未必有历史地名标签，需人工补点或补面,学种田，农业发展迅速。1962年，江苏农科院副院长、全国著名劳动模范陈永康率领10多名科技人员至长桥大队政点，做水稻高产示范试验，其间多次至境域指导推广水稻高产栽培技术，以2后又全面推广双季稻的,
长桥镇,长桥镇,historic_admin,manual,medium,1,高德底图未必有历史地名标签，需人工补点或补面,倪龙根当选为中共吴县第四次党代会代表。12月，澹台湖围湖造田。翌年，抽干湖水种上了双季稻。（据《长桥镇志》载：1987年退耕养鱼，由吴县水产局成立的吴县水产二场接管。2016年，改建成宝带桥·澹台湖,
下田,下田,historic_settlement,manual,medium,193,高德底图未必有历史地名标签，需人工补点或补面,隶属宝带乡。4月，宝带乡并入长桥乡，青树乡并入尹西乡，境内金家村、钱家村、朱塔浜、沉家浜、小村、下田村等6个自然村隶属长桥乡，泥河田、王家浜、港南浜、吴家角、牛桩浜等5个自然村隶属尹西乡。1956,
吴家角,吴家角,historic_settlement,manual,medium,8,高德底图未必有历史地名标签，需人工补点或补面,境内金家村、钱家村、朱塔浜、沉家浜、小村、下田村等6个自然村隶属长桥乡，泥河田、王家浜、港南浜、吴家角、牛桩浜等5个自然村隶属尹西乡。1956年1月，长桥、尹西2个乡合并，名称长桥，境域隶属长桥乡。,
宝带桥村,宝带桥村,historic_settlement,manual,medium,2,高德底图未必有历史地名标签，需人工补点或补面,和住所第五条名称：苏州市吴中区城南街道宝带桥社区股份合作社。第六条住所：苏州市吴中区城南街道宝带桥村。第三章业务范围第七条业务范围：本社自有资产的经营、管理、投资，本社房屋出租，物业管理，为合,
小村,小村,historic_settlement,manual,medium,89,高德底图未必有历史地名标签，需人工补点或补面,，境域隶属宝带乡。4月，宝带乡并入长桥乡，青树乡并入尹西乡，境内金家村、钱家村、朱塔浜、沉家浜、小村、下田村等6个自然村隶属长桥乡，泥河田、王家浜、港南浜、吴家角、牛桩浜等5个自然村隶属尹西乡。1,
朱塔浜,朱塔浜,historic_settlement,manual,medium,71,高德底图未必有历史地名标签，需人工补点或补面,江区境域）4个乡，境域隶属宝带乡。4月，宝带乡并入长桥乡，青树乡并入尹西乡，境内金家村、钱家村、朱塔浜、沉家浜、小村、下田村等6个自然村隶属长桥乡，泥河田、王家浜、港南浜、吴家角、牛桩浜等5个自然村,
沉家浜,沉家浜,historic_settlement,manual,medium,62,高德底图未必有历史地名标签，需人工补点或补面,）4个乡，境域隶属宝带乡。4月，宝带乡并入长桥乡，青树乡并入尹西乡，境内金家村、钱家村、朱塔浜、沉家浜、小村、下田村等6个自然村隶属长桥乡，泥河田、王家浜、港南浜、吴家角、牛桩浜等5个自然村隶属尹西,
泥河田,泥河田,historic_settlement,manual,medium,11,高德底图未必有历史地名标签，需人工补点或补面,桥乡，青树乡并入尹西乡，境内金家村、钱家村、朱塔浜、沉家浜、小村、下田村等6个自然村隶属长桥乡，泥河田、王家浜、港南浜、吴家角、牛桩浜等5个自然村隶属尹西乡。1956年1月，长桥、尹西2个乡合并，名,
港南浜,港南浜,historic_settlement,manual,medium,41,高德底图未必有历史地名标签，需人工补点或补面,尹西乡，境内金家村、钱家村、朱塔浜、沉家浜、小村、下田村等6个自然村隶属长桥乡，泥河田、王家浜、港南浜、吴家角、牛桩浜等5个自然村隶属尹西乡。1956年1月，长桥、尹西2个乡合并，名称长桥，境域隶属,
牛桩浜,牛桩浜,historic_settlement,manual,medium,46,高德底图未必有历史地名标签，需人工补点或补面,村、钱家村、朱塔浜、沉家浜、小村、下田村等6个自然村隶属长桥乡，泥河田、王家浜、港南浜、吴家角、牛桩浜等5个自然村隶属尹西乡。1956年1月，长桥、尹西2个乡合并，名称长桥，境域隶属长桥乡。翌年3月,
王家浜,王家浜,historic_settlement,manual,medium,59,高德底图未必有历史地名标签，需人工补点或补面,树乡并入尹西乡，境内金家村、钱家村、朱塔浜、沉家浜、小村、下田村等6个自然村隶属长桥乡，泥河田、王家浜、港南浜、吴家角、牛桩浜等5个自然村隶属尹西乡。1956年1月，长桥、尹西2个乡合并，名称长桥，,
金家村,金家村,historic_settlement,manual,medium,56,高德底图未必有历史地名标签，需人工补点或补面,山及青树（今属吴江区境域）4个乡，境域隶属宝带乡。4月，宝带乡并入长桥乡，青树乡并入尹西乡，境内金家村、钱家村、朱塔浜、沉家浜、小村、下田村等6个自然村隶属长桥乡，泥河田、王家浜、港南浜、吴家角、牛,
钱家村,钱家村,historic_settlement,manual,medium,68,高德底图未必有历史地名标签，需人工补点或补面,（今属吴江区境域）4个乡，境域隶属宝带乡。4月，宝带乡并入长桥乡，青树乡并入尹西乡，境内金家村、钱家村、朱塔浜、沉家浜、小村、下田村等6个自然村隶属长桥乡，泥河田、王家浜、港南浜、吴家角、牛桩浜等5,
宝南,宝南,place,review,low,25,人工判断是否作为空间标注,长桥人民公社第八届人民代表大会代表。11月，为避地名重叠，金星大队更名为宝尹大队、新华大队更名为宝南大队。1981年3月，开展“五讲”（讲文明、讲礼貌、讲卫生、讲秩序、讲道德）“四美”（心灵美、语,
宝尹,宝尹,place,review,low,14,人工判断是否作为空间标注,。是年，流行脑膜炎，殃及境域。1946年是年，境内宝庆寺西厢房建起泥河田公立小学（1990年改称宝尹小学）。81948年6月，并编区、乡，境内归属吴县车坊区尹山乡。1949年4月27日，境域,
元和县,元和县,admin_context,context,low,1,作为边界/方位参照，不一定在辖区内单独标注,吴县东部置长洲县，境域划归长洲县。历经宋、元、明三朝，至清雍正二年（1724），析长洲县东南地置元和县，境域隶属元和县。1912年1月，吴县、长洲县、元和县合并，称吴县，境域复而归属吴县。1949年,
吴中区,吴中区,admin_context,context,low,2,作为边界/方位参照，不一定在辖区内单独标注,聪明才智、勤劳双手，在新时代新征程中，牢记使命，不负韶华，做出新的贡献，书写新的篇章。中共苏州市吴中区城南街道宝带桥社区委员会书记苏州市吴中区城南街道宝带桥社区居民委员会主任21目录概述……,
吴中经济开发区,吴中经济开发区,admin_context,context,low,9,作为边界/方位参照，不一定在辖区内单独标注,民、塘里（澹台湖西岸）6户居民搬迁至钱家新村居民生活小区。2003年1月，宝尹、宝南2居委会根据吴中经济开发区管理委员会〔2002〕第31号文规定，禁止境内养猪。3月至4月，吴家角35户居民、泥河田38户居,
吴中经济技术开发区,吴中经济技术开发区,admin_context,context,low,1,作为边界/方位参照，不一定在辖区内单独标注,、吴中区《关于在全区房屋征收（拆迁）工作中推行“八公开一监督”制度的意见》等文件要求，进一步规范吴中经济技术开发区住宅房屋的拆迁管理及补偿操作行为，根据苏州市、吴中区《吴中区集体土地房屋拆迁管理实施办法（暂行）,
吴中高新区,吴中高新区,admin_context,context,low,3,作为边界/方位参照，不一定在辖区内单独标注,1概述宝带桥社区坐落在长江三角洲腹地、上海经济区大都市圈内，东依大运河，分别与郭巷街道、吴中高新区相望，南接城南街道红庄社区，西连新江、龙南社区，北临江南运河；迎春南路穿越境域南北，石湖东路贯通,
吴县,吴县,admin_context,context,low,2,作为边界/方位参照，不一定在辖区内单独标注,勾吴，为吴始称，境域时属吴地。吴王夫差二十三年（前473），吴亡归越，境域为越地。前221年秦置吴县，境域属吴县。唐代析吴县东部置长洲县，境域划归长洲县。历经宋、元、明三朝，至清雍正二年（1724,
吴县市,吴县市,admin_context,context,low,1,作为边界/方位参照，不一定在辖区内单独标注,长桥人民公社。1992年8月，境域划归吴县经济技术开发区。1996年7月，吴县撤县建市，境域隶属吴县市；2001年2月，吴县撤市建区（吴中区、相城区），境域隶属苏州市吴中区。2004年6月，吴中区城,
吴县经济技术开发区,吴县经济技术开发区,admin_context,context,low,5,作为边界/方位参照，不一定在辖区内单独标注,桥乡并入郭巷乡，境域隶属郭巷乡。1965年12月，境域划归长桥人民公社。1992年8月，境域划归吴县经济技术开发区。1996年7月，吴县撤县建市，境域隶属吴县市；2001年2月，吴县撤市建区（吴中区、相城区），,
吴江区,吴江区,admin_context,context,low,1,作为边界/方位参照，不一定在辖区内单独标注,成立，是月，宝带桥社区境域划归吴县淞北区尹山乡。翌年3月，尹山乡析分长桥、宝带、尹山及青树（今属吴江区境域）4个乡，境域隶属宝带乡。4月，宝带乡并入长桥乡，青树乡并入尹西乡，境内金家村、钱家村、朱塔,
城南街道,城南街道,admin_context,context,low,6,作为边界/方位参照，不一定在辖区内单独标注,智、勤劳双手，在新时代新征程中，牢记使命，不负韶华，做出新的贡献，书写新的篇章。中共苏州市吴中区城南街道宝带桥社区委员会书记苏州市吴中区城南街道宝带桥社区居民委员会主任21目录概述………………,
红庄社区,红庄社区,admin_context,context,low,4,作为边界/方位参照，不一定在辖区内单独标注,在长江三角洲腹地、上海经济区大都市圈内，东依大运河，分别与郭巷街道、吴中高新区相望，南接城南街道红庄社区，西连新江、龙南社区，北临江南运河；迎春南路穿越境域南北，石湖东路贯通境域东西，交通便捷；境内有,
苏州吴中经济开发区,苏州吴中经济开发区,admin_context,context,low,1,作为边界/方位参照，不一定在辖区内单独标注,州市吴中区社会治安综合治理委员会授予宝带桥社区“五星级五位一体综治办”称号。2010年2月，中共苏州吴中经济开发区工作委员会、苏州吴中经济开发区管理委员会授予宝带桥社区“2009年度社区管理先进单位”称号。8月,
郭巷街道,郭巷街道,admin_context,context,low,5,作为边界/方位参照，不一定在辖区内单独标注,带桥社区志1概述宝带桥社区坐落在长江三角洲腹地、上海经济区大都市圈内，东依大运河，分别与郭巷街道、吴中高新区相望，南接城南街道红庄社区，西连新江、龙南社区，北临江南运河；迎春南路穿越境域南北，,
长桥街道,长桥街道,admin_context,context,low,1,作为边界/方位参照，不一定在辖区内单独标注,委主任、副处级退休徐金元男1955.9吴中区统战部通讯部主任、高级工程师退休姚永根男1956.8长桥街道正科级退休马卫东男1958.12北京军区空军后勤部高级工程师5级、文职2级吴林泉男1963.8城,
长洲县,长洲县,admin_context,context,low,1,作为边界/方位参照，不一定在辖区内单独标注,夫差二十三年（前473），吴亡归越，境域为越地。前221年秦置吴县，境域属吴县。唐代析吴县东部置长洲县，境域划归长洲县。历经宋、元、明三朝，至清雍正二年（1724），析长洲县东南地置元和县，境域隶属,
龙南社区,龙南社区,admin_context,context,low,4,作为边界/方位参照，不一定在辖区内单独标注,海经济区大都市圈内，东依大运河，分别与郭巷街道、吴中高新区相望，南接城南街道红庄社区，西连新江、龙南社区，北临江南运河；迎春南路穿越境域南北，石湖东路贯通境域东西，交通便捷；境内有宝带桥·澹台湖景区，,
