gazetteer_name,gaode_map_item,place_type,match_status,visual_priority,occurrence_count,in_curated_checklist,primary_year,earliest_year,latest_year,year_list,year_count,time_type,year_source,time_anchor_note,lon,lat,coord_source,coord_status,coord_crs,coord_note,gaode_check_action,first_context,time_context,notes
吴县,吴县,admin_context,context,low,2,1,-221,-221,2001,-221;-140;-87;1912;1929;1934;1937;1941;1945;1947;1949;1953;1957;1961;1983;1987;1992;1995,21,古代-清末,context_sentence,,,,,missing,,,作为边界/方位参照，不一定在辖区内单独标注,勾吴，为吴始称，境域时属吴地。吴王夫差二十三年（前473），吴亡归越，境域为越地。前221年秦置吴县，境域属吴县。唐代析吴县东部置长洲县，境域划归长洲县。历经宋、元、明三朝，至清雍正二年（1724,前221年秦置吴县，境域属吴县。 || 前221年秦置吴县，境域属吴县。 || 1912年1月，吴县、长洲县、元和县合并，称吴县，境域复而归属吴县。,
太湖,太湖,water,review,medium,52,1,-190,-190,2004,-190;1454;1863;1977;1978;2000;2004,7,古代-清末,context_sentence,,,,,missing,,,在高德矢量底图逐项核对同名或近名标签,路贯通境域东西，交通便捷；境内有宝带桥·澹台湖景区，景色旖旎。境域属海洋性季风气候，四季分明，受太湖水体调节，气候宜人，雨量充沛，日照充足，无霜期长，宜农宜渔，是典型的江南鱼米之乡。2017年12,汉惠帝五年（前190）夏大旱，太湖涸。 || 景泰五年（1454）正月大雪，历二旬不止，深丈余，太湖诸港连底结冻，舟楫不通。 || 1978年1月10日，150名基干民兵参加东太湖复堤工程建设。,
石湖,石湖,water,review,medium,7,1,1189,1189,2020,1189;1949;1992;2002;2005;2006;2011;2013;2016;2017;2020,11,古代-清末,context_sentence,,,,,missing,,,在高德矢量底图逐项核对同名或近名标签,、吴中高新区相望，南接城南街道红庄社区，西连新江、龙南社区，北临江南运河；迎春南路穿越境域南北，石湖东路贯通境域东西，交通便捷；境内有宝带桥·澹台湖景区，景色旖旎。境域属海洋性季风气候，四季分明，,1949年10月后，特别是改革开放划归吴县经济技术开发区后，按建设规划，在公路、河道、居民住宅、环境卫生上着手，先后建造了东西走向的东吴南路、石湖东路、天灵路、澄湖中路、澄湖东路，南北走向的迎春南路、宝通路、宝丰路； || 2002年9月1日，地处境域石湖东路35号、占地面积达33076平方米、建筑面积15830平方米的碧波中学建成开学。 || 是年，地处石湖东路占地面积1863.2平方米、建筑面积1257.23平方米的宝南第二幢办公大楼建成启用（2013年因城镇建设规划拆迁）。,
尹山乡,尹山乡,historic_admin,manual,medium,1,1,1488,1488,1950,1488;1724;1912;1947;1948;1949;1950,7,古代-清末,context_sentence,,,,,missing,,,高德底图未必有历史地名标签，需人工补点或补面,，境域复而归属吴县。1949年10月1日，中华人民共和国成立，是月，宝带桥社区境域划归吴县淞北区尹山乡。翌年3月，尹山乡析分长桥、宝带、尹山及青树（今属吴江区境域）4个乡，境域隶属宝带乡。4月，宝带,1949年10月1日，中华人民共和国成立，是月，宝带桥社区境域划归吴县淞北区尹山乡。 || 经宋、元、明三朝，明弘治元年（1488），县以下设乡，境域隶属长洲县尹山乡。 || 清雍正二年（1724）析长洲县东南地置元和县，境域隶属元和县尹山乡。,
长洲县,长洲县,admin_context,context,low,1,1,1488,1488,1912,1488;1637;1724;1912,4,古代-清末,context_sentence,,,,,missing,,,作为边界/方位参照，不一定在辖区内单独标注,夫差二十三年（前473），吴亡归越，境域为越地。前221年秦置吴县，境域属吴县。唐代析吴县东部置长洲县，境域划归长洲县。历经宋、元、明三朝，至清雍正二年（1724），析长洲县东南地置元和县，境域隶属,历经宋、元、明三朝，至清雍正二年（1724），析长洲县东南地置元和县，境域隶属元和县。 || 1912年1月，吴县、长洲县、元和县合并，称吴县，境域复而归属吴县。 || 雍正二年（1724）析长洲县东南地置元和县，境域归属元和县。,
元和县,元和县,admin_context,context,low,1,1,1724,1724,1912,1724;1912,2,古代-清末,context_sentence,,,,,missing,,,作为边界/方位参照，不一定在辖区内单独标注,吴县东部置长洲县，境域划归长洲县。历经宋、元、明三朝，至清雍正二年（1724），析长洲县东南地置元和县，境域隶属元和县。1912年1月，吴县、长洲县、元和县合并，称吴县，境域复而归属吴县。1949年,历经宋、元、明三朝，至清雍正二年（1724），析长洲县东南地置元和县，境域隶属元和县。 || 历经宋、元、明三朝，至清雍正二年（1724），析长洲县东南地置元和县，境域隶属元和县。 || 1912年1月，吴县、长洲县、元和县合并，称吴县，境域复而归属吴县。,
澹台子祠,澹台子祠,religious_site,review,medium,3,1,1751,1751,2001,1751;2001,2,古代-清末,context_sentence,,,,,missing,,,在高德矢量底图逐项核对同名或近名标签,9月，澹台湖畔新建市民公园，与千年古桥——宝带桥连缀一起，景色如画，成为人们休闲、观光之地。附：澹台子祠为供奉春秋战国时期教育家、孔子七十二弟子之一澹台灭明的澹台子祠，始建于北宋。据史载，澹台灭明字子,乾隆十六年（1751）高宗南巡，诏令明朝云南姚安太守施悌配享祀澹台子祠。 || 2001年7月，里人筹款在宝带桥北首重建澹台子祠，以祀澹台灭明。,
宝带乡,宝带乡,historic_admin,manual,medium,1,1,1934,1934,1950,1934;1941;1950,3,民国时期,context_sentence,,,,,missing,,,高德底图未必有历史地名标签，需人工补点或补面,归吴县淞北区尹山乡。翌年3月，尹山乡析分长桥、宝带、尹山及青树（今属吴江区境域）4个乡，境域隶属宝带乡。4月，宝带乡并入长桥乡，青树乡并入尹西乡，境内金家村、钱家村、朱塔浜、沉家浜、小村、下田村等6,1934年，吴县第十四区并入第八区，改称第八区，时，境域隶属吴县第八区宝带乡。 || 1941年7月，并编区，伪吴县第八区并入第十一区，时，境域属伪吴县第十一区宝带乡。 || 1950年3月，吴县拆编乡（镇），尹山乡拆分为长桥乡、宝带乡、尹山乡、青树乡，境域隶属车坊区宝带乡。,
宝尹小学,宝尹小学,education,review,medium,6,1,1946,1946,1996,1946;1950;1951;1954;1955;1961;1962;1968;1980;1984;1990;1996,12,民国时期,context_sentence,,,,,missing,,,在高德矢量底图逐项核对同名或近名标签,。是年，流行脑膜炎，殃及境域。1946年是年，境内宝庆寺西厢房建起泥河田公立小学（1990年改称宝尹小学）。81948年6月，并编区、乡，境内归属吴县车坊区尹山乡。1949年4月27日，境域解放,1946年是年，境内宝庆寺西厢房建起泥河田公立小学（1990年改称宝尹小学）。 || 1984年1月，宝尹村利用宝尹小学内教室办复合（混合）幼儿班，先后有40名幼儿入学。 || 1980年，更名宝尹小学。,
宝庆寺,宝庆寺,religious_site,review,medium,3,1,1946,1946,2017,1946;1990;2006;2017,4,民国时期,context_sentence,,,,,missing,,,在高德矢量底图逐项核对同名或近名标签,米沙土公路通车。1978年改沙土路面为沥青路面。是年，流行脑膜炎，殃及境域。1946年是年，境内宝庆寺西厢房建起泥河田公立小学（1990年改称宝尹小学）。81948年6月，并编区、乡，境内归属,1946年是年，境内宝庆寺西厢房建起泥河田公立小学（1990年改称宝尹小学）。 || 1946年，境内泥河田宝庆寺庙上西房创办公立泥和田小学，学生40人左右。 || 表7-82006—2017年碧波幼儿园副高级职称教师统计表时间姓名时间姓名2006.6何雪英2010.8王美娟三、小学教育（尖）宝尹小室1946年，境内泥河田的宝庆寺西厢房创办了公立泥河田小学，就读学生40人左右，学生来自附近村庄的求学儿童。,
泥河田小学,泥河田小学,education,review,medium,3,1,1946,1946,2017,1946;1949;2006;2017,4,民国时期,context_sentence,,,,,missing,,,在高德矢量底图逐项核对同名或近名标签,队实行营连制，大办食堂，并提出“放开肚皮吃饭，鼓足干劲生产”等口号。是年，境内地处泥河田宝庆寺的泥河田小学搬迁至姚家场，并更名为金星小学。是年，新华大队陆盘根因经常在外工作，去上海花80元人民币购买了境,1949年后，泥河田小学延续开办。 || 表7-82006—2017年碧波幼儿园副高级职称教师统计表时间姓名时间姓名2006.6何雪英2010.8王美娟三、小学教育（尖）宝尹小室1946年，境内泥河田的宝庆寺西厢房创办了公立泥河田小学，就读学生40人左右，学生来自附近村庄的求学儿童。 || 1949年后，泥河田小学延续开办。,
澄湖,澄湖,water,review,medium,1,1,1949,1949,2017,1949;1992;2017,3,集体化与农业建设,context_sentence,,,,,missing,,,在高德矢量底图逐项核对同名或近名标签,设规划，在公路、河道、居民住宅、环境卫生上着手，先后建造了东西走向的东吴南路、石湖东路、天灵路、澄湖中路、澄湖东路，南北走向的迎春南路、宝通路、宝丰路；构筑了古塘河桥、下塔里桥、石湖东路公路桥、钱,1949年10月后，特别是改革开放划归吴县经济技术开发区后，按建设规划，在公路、河道、居民住宅、环境卫生上着手，先后建造了东西走向的东吴南路、石湖东路、天灵路、澄湖中路、澄湖东路，南北走向的迎春南路、宝通路、宝丰路； || 1949年10月后，特别是改革开放划归吴县经济技术开发区后，按建设规划，在公路、河道、居民住宅、环境卫生上着手，先后建造了东西走向的东吴南路、石湖东路、天灵路、澄湖中路、澄湖东路，南北走向的迎春南路、宝通路、宝丰路； || 1992年10月，境域公路交通建设发展迅速，至2017年12月，先后建起东西向东吴南路、天灵路、石湖东路、澄湖东路、澄湖中路等5条公路；,
西下田,西下田,historic_settlement,review,high,48,1,1950,155,2020,155;157;161;163;1954;1996;2000;2001;2003;2004;2005;2007;2017;2020,14,集体化与农业建设,manual_anchor,1950年建置沿革中明确列入境内自然村隶属关系,,,,missing,,,在高德底图人工确认小区或片区标签,河田村吴毛头被派去苏嘉铁路（尹山段）值班时，因打瞌睡被日军用枪托砸击后脑致死。是年，境内沉家浜（西下田）陆根火发现蠡墅镇上开肉铺的店主之妻被日本兵强暴，遂与店主合力将施暴日军处死。为躲避抓捕，隐居太,2020年1月，西下田居民生活小区安装8只电动车充电桩。 || 2017年12月，宝带桥社区居民委员会下辖钱家新村、宝尹花园、西下田、下田、小村5个居民小区，31个居民小组。 || 2004年6月，宝带桥居民委员会改称宝带桥社区居民委员会，境域王家浜、港南浜、吴家角、泥河田、牛桩浜、金家村、钱家村、朱塔浜、沉家浜、下田村、小村11个自然村消失，形成宝尹花园、钱家新村、西下田、下田村、小村等5个居民生活区。,
下田小学,下田小学,education,review,medium,1,1,1950,1946,1980,1946;1950;1951;1954;1955;1956;1961;1962;1963;1964;1968;1980,12,集体化与农业建设,context_sentence,,,,,missing,,,在高德矢量底图逐项核对同名或近名标签,学。12月，开展面上社会主义教育运动，开展“四清”（清政治、清经济、清思想、清组织）工作。是年，下田小学搬迁至土地庙。是年，遵照上级要求，对金星、新华两大队14人（其中富农分子1人、坏分子13人）实行,1950年1月，下田中段里徐毛妹家办起下田小学，招收学生30余人。 || 表7-9宝尹小学历任校长一览表顺序姓名任期顺序姓名任期第一任陈□□1946—1950第五任姚文良1968.9—1975.10第二任俞志超1951—1954第六任朱纪生1975.3—1983.8第三任袁浩年1955—1961第七任江婉兰1983.9—1987.8第四任周福昌1962—1968第八任杨康勇1987.9—1996.8（刑）宝圆小室1950年1月，境内下田村在举办冬学扫盲班基础上，在下田中段里的徐毛妹家开办下田小学，并聘请扫盲班濮云舟先生为师，招收学生30人，开设一二年级复式班。 || 1956年，下田小学搬至下田村塘港桥南堍徐才生家老宅。,
吴家角,吴家角,historic_settlement,manual,medium,8,1,1950,1929,2017,1929;1949;1950;1951;1954;1992;2003;2004;2017,9,集体化与农业建设,manual_anchor,1950年建置沿革中明确列入境内自然村隶属关系,,,,missing,,,高德底图未必有历史地名标签，需人工补点或补面,境内金家村、钱家村、朱塔浜、沉家浜、小村、下田村等6个自然村隶属长桥乡，泥河田、王家浜、港南浜、吴家角、牛桩浜等5个自然村隶属尹西乡。1956年1月，长桥、尹西2个乡合并，名称长桥，境域隶属长桥乡。,1929年8月，实行区、乡（镇）制，吴县第十四区泥河田乡下辖泥河田、港南浜、王家浜、牛桩浜、吴家角5个自然村； || 1949年10月，中华人民共和国成立，境域有王家浜、港南浜、吴家角、泥和田、牛桩浜、金家村、钱家村、小村、沉家浜、下田村、朱塔浜等11个自然村。 || 1992年8月，境域宝尹行政村下辖王家浜、港南浜、吴家角、泥和田、牛桩浜等5个自然村；,
小村,小村,historic_settlement,manual,medium,89,1,1950,1949,2017,1949;1951;1954;1965;1980;1984;1996;2001;2004;2013;2017,11,集体化与农业建设,manual_anchor,1950年建置沿革中明确列入境内自然村隶属关系,,,,missing,,,高德底图未必有历史地名标签，需人工补点或补面,，境域隶属宝带乡。4月，宝带乡并入长桥乡，青树乡并入尹西乡，境内金家村、钱家村、朱塔浜、沉家浜、小村、下田村等6个自然村隶属长桥乡，泥河田、王家浜、港南浜、吴家角、牛桩浜等5个自然村隶属尹西乡。1,2013年3月18日，宝带桥社区根据吴中区建设“宝带桥·澹台湖景区综合整治”要求，对拆迁区域（下田、小村）357户居民实施上门通知动员。 || 2017年12月，宝带桥社区居民委员会下辖钱家新村、宝尹花园、西下田、下田、小村5个居民小区，31个居民小组。 || 1949年10月，中华人民共和国成立，境域有王家浜、港南浜、吴家角、泥和田、牛桩浜、金家村、钱家村、小村、沉家浜、下田村、朱塔浜等11个自然村。,
朱塔浜,朱塔浜,historic_settlement,manual,medium,71,1,1950,1949,2017,1949;1950;1951;1954;1991;1996;1998;2000;2004;2017,10,集体化与农业建设,manual_anchor,1950年建置沿革中明确列入境内自然村隶属关系,,,,missing,,,高德底图未必有历史地名标签，需人工补点或补面,江区境域）4个乡，境域隶属宝带乡。4月，宝带乡并入长桥乡，青树乡并入尹西乡，境内金家村、钱家村、朱塔浜、沉家浜、小村、下田村等6个自然村隶属长桥乡，泥河田、王家浜、港南浜、吴家角、牛桩浜等5个自然村,1996年5月至9月，境内进行老村改造，泥河田、王家浜、港南浜183户居民人家，搬迁至朱塔浜（2004年12月更名为宝尹花园）。 || 2000年6月至8月，钱家村里浜17户居民、金家村16户居民搬迁至朱塔浜。 || 1949年10月，中华人民共和国成立，境域有王家浜、港南浜、吴家角、泥和田、牛桩浜、金家村、钱家村、小村、沉家浜、下田村、朱塔浜等11个自然村。,
沉家浜,沉家浜,historic_settlement,manual,medium,62,1,1950,1949,2017,1949;1950;1951;1954;1958;2004;2005;2017,8,集体化与农业建设,manual_anchor,1950年建置沿革中明确列入境内自然村隶属关系,,,,missing,,,高德底图未必有历史地名标签，需人工补点或补面,）4个乡，境域隶属宝带乡。4月，宝带乡并入长桥乡，青树乡并入尹西乡，境内金家村、钱家村、朱塔浜、沉家浜、小村、下田村等6个自然村隶属长桥乡，泥河田、王家浜、港南浜、吴家角、牛桩浜等5个自然村隶属尹西,1949年10月，中华人民共和国成立，境域有王家浜、港南浜、吴家角、泥和田、牛桩浜、金家村、钱家村、小村、沉家浜、下田村、朱塔浜等11个自然村。 || 2004年6月，宝带桥居民委员会改称宝带桥社区居民委员会，境域王家浜、港南浜、吴家角、泥河田、牛桩浜、金家村、钱家村、朱塔浜、沉家浜、下田村、小村11个自然村消失，形成宝尹花园、钱家新村、西下田、下田村、小村等5个居民生活区。 || 2004年2月，沉家浜因地处下田村西，又名西下田，原下田村则称东下田、下田。,
泥河田,泥河田,historic_settlement,manual,medium,11,1,1950,1929,2017,1929;1946;1950;1951;1954;1982;1990;1996;2004;2017,10,集体化与农业建设,manual_anchor,1950年建置沿革中明确列入境内自然村隶属关系,,,,missing,,,高德底图未必有历史地名标签，需人工补点或补面,桥乡，青树乡并入尹西乡，境内金家村、钱家村、朱塔浜、沉家浜、小村、下田村等6个自然村隶属长桥乡，泥河田、王家浜、港南浜、吴家角、牛桩浜等5个自然村隶属尹西乡。1956年1月，长桥、尹西2个乡合并，名,1946年是年，境内宝庆寺西厢房建起泥河田公立小学（1990年改称宝尹小学）。 || 1982年1月，宝尹大队将泥河田夹河溇北潘家桥（竹桥）改建为石桥。 || 1996年5月至9月，境内进行老村改造，泥河田、王家浜、港南浜183户居民人家，搬迁至朱塔浜（2004年12月更名为宝尹花园）。,
港南浜,港南浜,historic_settlement,manual,medium,41,1,1950,1929,2017,1929;1949;1950;1951;1954;1992;1996;1997;1998;2004;2017,11,集体化与农业建设,manual_anchor,1950年建置沿革中明确列入境内自然村隶属关系,,,,missing,,,高德底图未必有历史地名标签，需人工补点或补面,尹西乡，境内金家村、钱家村、朱塔浜、沉家浜、小村、下田村等6个自然村隶属长桥乡，泥河田、王家浜、港南浜、吴家角、牛桩浜等5个自然村隶属尹西乡。1956年1月，长桥、尹西2个乡合并，名称长桥，境域隶属,1996年5月至9月，境内进行老村改造，泥河田、王家浜、港南浜183户居民人家，搬迁至朱塔浜（2004年12月更名为宝尹花园）。 || 1929年8月，实行区、乡（镇）制，吴县第十四区泥河田乡下辖泥河田、港南浜、王家浜、牛桩浜、吴家角5个自然村； || 1949年10月，中华人民共和国成立，境域有王家浜、港南浜、吴家角、泥和田、牛桩浜、金家村、钱家村、小村、沉家浜、下田村、朱塔浜等11个自然村。,
牛桩浜,牛桩浜,historic_settlement,manual,medium,46,1,1950,1929,2017,1929;1949;1950;1951;1954;1968;1991;1992;1995;2000;2004;2017,12,集体化与农业建设,manual_anchor,1950年建置沿革中明确列入境内自然村隶属关系,,,,missing,,,高德底图未必有历史地名标签，需人工补点或补面,村、钱家村、朱塔浜、沉家浜、小村、下田村等6个自然村隶属长桥乡，泥河田、王家浜、港南浜、吴家角、牛桩浜等5个自然村隶属尹西乡。1956年1月，长桥、尹西2个乡合并，名称长桥，境域隶属长桥乡。翌年3月,1929年8月，实行区、乡（镇）制，吴县第十四区泥河田乡下辖泥河田、港南浜、王家浜、牛桩浜、吴家角5个自然村； || 1949年10月，中华人民共和国成立，境域有王家浜、港南浜、吴家角、泥和田、牛桩浜、金家村、钱家村、小村、沉家浜、下田村、朱塔浜等11个自然村。 || 1992年8月，境域宝尹行政村下辖王家浜、港南浜、吴家角、泥和田、牛桩浜等5个自然村；,
王家浜,王家浜,historic_settlement,manual,medium,59,1,1950,1929,2017,1929;1942;1949;1950;1951;1954;1958;1969;1991;1992;1995;1996;2004;2017,14,集体化与农业建设,manual_anchor,1950年建置沿革中明确列入境内自然村隶属关系,,,,missing,,,高德底图未必有历史地名标签，需人工补点或补面,树乡并入尹西乡，境内金家村、钱家村、朱塔浜、沉家浜、小村、下田村等6个自然村隶属长桥乡，泥河田、王家浜、港南浜、吴家角、牛桩浜等5个自然村隶属尹西乡。1956年1月，长桥、尹西2个乡合并，名称长桥，,1996年5月至9月，境内进行老村改造，泥河田、王家浜、港南浜183户居民人家，搬迁至朱塔浜（2004年12月更名为宝尹花园）。 || 1929年8月，实行区、乡（镇）制，吴县第十四区泥河田乡下辖泥河田、港南浜、王家浜、牛桩浜、吴家角5个自然村； || 1949年10月，中华人民共和国成立，境域有王家浜、港南浜、吴家角、泥和田、牛桩浜、金家村、钱家村、小村、沉家浜、下田村、朱塔浜等11个自然村。,
金家村,金家村,historic_settlement,manual,medium,56,1,1950,1949,2017,1949;1951;1954;1968;1972;1995;2000;2001;2004;2015;2017,11,集体化与农业建设,manual_anchor,1950年建置沿革中明确列入境内自然村隶属关系,,,,missing,,,高德底图未必有历史地名标签，需人工补点或补面,山及青树（今属吴江区境域）4个乡，境域隶属宝带乡。4月，宝带乡并入长桥乡，青树乡并入尹西乡，境内金家村、钱家村、朱塔浜、沉家浜、小村、下田村等6个自然村隶属长桥乡，泥河田、王家浜、港南浜、吴家角、牛,1972年1月，新华大队开掘全长2000米的金家村河。 || 2000年6月至8月，钱家村里浜17户居民、金家村16户居民搬迁至朱塔浜。 || 2015年1月，1100米的金家村河清淤污泥9000立方米。,
钱家村,钱家村,historic_settlement,manual,medium,68,1,1950,1909,2017,1909;1949;1950;1951;1954;1968;1974;1978;2000;2004;2017,11,集体化与农业建设,manual_anchor,1950年建置沿革中明确列入境内自然村隶属关系,,,,missing,,,高德底图未必有历史地名标签，需人工补点或补面,（今属吴江区境域）4个乡，境域隶属宝带乡。4月，宝带乡并入长桥乡，青树乡并入尹西乡，境内金家村、钱家村、朱塔浜、沉家浜、小村、下田村等6个自然村隶属长桥乡，泥河田、王家浜、港南浜、吴家角、牛桩浜等5,2000年6月至8月，钱家村里浜17户居民、金家村16户居民搬迁至朱塔浜。 || 1949年10月，中华人民共和国成立，境域有王家浜、港南浜、吴家角、泥和田、牛桩浜、金家村、钱家村、小村、沉家浜、下田村、朱塔浜等11个自然村。 || 2004年6月，宝带桥居民委员会改称宝带桥社区居民委员会，境域王家浜、港南浜、吴家角、泥河田、牛桩浜、金家村、钱家村、朱塔浜、沉家浜、下田村、小村11个自然村消失，形成宝尹花园、钱家新村、西下田、下田村、小村等5个居民生活区。,
长桥乡,长桥乡,historic_admin,manual,medium,1,1,1950,1950,2013,1950;1951;1954;1955;1956;1957;1983;1986;1990;2013,10,集体化与农业建设,context_sentence,,,,,missing,,,高德底图未必有历史地名标签，需人工补点或补面,3月，尹山乡析分长桥、宝带、尹山及青树（今属吴江区境域）4个乡，境域隶属宝带乡。4月，宝带乡并入长桥乡，青树乡并入尹西乡，境内金家村、钱家村、朱塔浜、沉家浜、小村、下田村等6个自然村隶属长桥乡，泥河,1956年1月，长桥、尹西2个乡合并，名称长桥，境域隶属长桥乡。 || 1957年10月，改称中国共产主义青年团尹西乡、长桥乡支部。 || 1956年4月，长桥乡在金星25高级农业生产合作社开展农村用电试点，年内，境域全境通电。,
宝南,宝南,place,review,low,25,1,1950,555,2017,555;559;635;639;1050;1054;1070;1074;1147;1937;1957;1980;1983;1985;1990;1991;1992;1994,23,集体化与农业建设,manual_anchor,1950年建置沿革中境内自然村分属长桥乡、尹西乡,,,,missing,,,人工判断是否作为空间标注,长桥人民公社第八届人民代表大会代表。11月，为避地名重叠，金星大队更名为宝尹大队、新华大队更名为宝南大队。1981年3月，开展“五讲”（讲文明、讲礼貌、讲卫生、讲秩序、讲道德）“四美”（心灵美、语,1985年4月，宝南织布厂迁移扩容。 || 1990年3月22日，宝尹村江文元，宝南村陆美香、金福珠当选长桥镇第十届人民代表大会代表。 || 1994年1月，宝尹、宝南两村采取政府引导、个人参保、集体扶持、乡镇财政资助相结合的形式推行农村大病风险医疗制度，建立大病风险医疗章程，确立了村、镇、县三级医疗保证。,
宝尹,宝尹,place,review,low,14,1,1950,555,2017,555;559;635;639;1050;1054;1070;1074;1147;1937;1946;1957;1980;1982;1983;1986;1987;1990,29,集体化与农业建设,manual_anchor,1950年建置沿革中境内自然村分属长桥乡、尹西乡,,,,missing,,,人工判断是否作为空间标注,。是年，流行脑膜炎，殃及境域。1946年是年，境内宝庆寺西厢房建起泥河田公立小学（1990年改称宝尹小学）。81948年6月，并编区、乡，境内归属吴县车坊区尹山乡。1949年4月27日，境域,1946年是年，境内宝庆寺西厢房建起泥河田公立小学（1990年改称宝尹小学）。 || 1982年1月，宝尹大队将泥河田夹河溇北潘家桥（竹桥）改建为石桥。 || 1986年3月，宝尹村首建村部办公楼，建筑面积为360平方米，占地面积2000平方米。,
尹西乡,尹西乡,historic_admin,manual,medium,1,1,1951,1951,1957,1951;1953;1954;1956;1957,5,集体化与农业建设,context_sentence,,,,,missing,,,高德底图未必有历史地名标签，需人工补点或补面,桥、宝带、尹山及青树（今属吴江区境域）4个乡，境域隶属宝带乡。4月，宝带乡并入长桥乡，青树乡并入尹西乡，境内金家村、钱家村、朱塔浜、沉家浜、小村、下田村等6个自然村隶属长桥乡，泥河田、王家浜、港南浜,1957年10月，改称中国共产主义青年团尹西乡、长桥乡支部。 || 1954年4月，长桥乡、尹西乡复归吴县车坊区。 || 1956年3月，长桥乡、尹西乡合并为长桥乡，境域隶属吴县车坊区长桥乡。,
兴福庵,兴福庵,religious_site,review,medium,4,1,1954,1954,2017,1954;1995;2017,3,集体化与农业建设,context_sentence,,,,,missing,,,在高德矢量底图逐项核对同名或近名标签,特大洪涝灾害，至7月降雨768毫米，8月25日又遭强台风袭击，境内大片低洼农田受淹。7月，金家村兴福庵开办庙桥小学。是年，长桥乡在境内成立扫盲委员会，开展扫盲活动。1955年3月1日，使用新人民币，,·澹台湖景区景观桥2017.12钢结构拱桥110318表5-41995—2017年宝带桥社区境域拆除旧桥、危桥统计表地址桥名拆除时间备注宝南东下田廿五基桥1995.10宝尹王家浜王家浜桥1996.1竹桥宝尹东南港馨欣桥1996.10宝尹泥河港迎丰桥1996.10宝尹泥河港梁家桥1996.10宝尹泥河港跃进1号桥1996.10宝尹泥河港跃进2号桥1996.10宝尹沿字港胜利桥1996.10宝尹西南港红星桥1996.10混凝土拱桥宝尹泥河田港朱家桥1996.10石拱桥宝带桥西侧公路桥1998.8多孔连翼公路桥宝南金家村兴福庵桥2001.1宝尹泥河田潘家桥2002.1宝尹牛桩浜牛桩浜桥2002.1石拱桥宝南金家村金家桥2002.3水泥石拱桥宝南金家村新开河桥2002.3宝南钱家村外浜桥2003.1170地址桥名拆除时间备注宝南钱家村钱家桥2003.1宝南朱塔浜水泥桥2004.2宝南朱塔浜木头桥2004.2宝南下田村幸福桥2015.2宝南下田村塘角桥2016.2宝南西下田竹头桥2017.2宝南下田村兴隆桥2017.2三、供电供水供电旧时，境内当地居民夜间照明靠火油灯、蜡烛，操办婚丧之事则租用汽灯。 || 1954年7月，在兴福庵创办小学，因庙边有座桥，故名庙桥小学。,
庙桥小学,庙桥小学,education,review,medium,4,1,1954,1954,1965,1954;1965,2,集体化与农业建设,context_sentence,,,,,missing,,,在高德矢量底图逐项核对同名或近名标签,害，至7月降雨768毫米，8月25日又遭强台风袭击，境内大片低洼农田受淹。7月，金家村兴福庵开办庙桥小学。是年，长桥乡在境内成立扫盲委员会，开展扫盲活动。1955年3月1日，使用新人民币，与旧人民币折,1954年7月，在兴福庵创办小学，因庙边有座桥，故名庙桥小学。 || 1965年9月，庙桥小学因观音庙拆除搬至钱家村大坟上，易名钱家小学。,
下田村塘港桥,下田村塘港桥,bridge,review,medium,1,1,1956,1956,1956,1956,1,集体化与农业建设,context_sentence,,,,,missing,,,在高德矢量底图逐项核对同名或近名标签,田小学，并聘请扫盲班濮云舟先生为师，招收学生30人，开设一二年级复式班。1956年，下田小学搬至下田村塘港桥南堍徐才生家老宅。1963年，下田小学开办成完小（1—6年级），其中：4—6年级的学生吸收附近长,1956年，下田小学搬至下田村塘港桥南堍徐才生家老宅。,
长桥小学,长桥小学,education,review,medium,1,1,1956,1956,1956,1956,1,集体化与农业建设,context_sentence,,,,,missing,,,在高德矢量底图逐项核对同名或近名标签,政府派干部组织群众文艺骨干成立文艺宣传队，先后成立了“三社”文艺宣传队、新华文艺宣传队，并由时任长桥小学教师的孙惠良担任教员，排练《戒赌记》《秋香送茶》《双推磨》《两兄弟》等小剧，演唱《中国人民志愿军,1956年12月，境域建立高级农业生产合作社，乡政府派干部组织群众文艺骨干成立文艺宣传队，先后成立了“三社”文艺宣传队、新华文艺宣传队，并由时任长桥小学教师的孙惠良担任教员，排练《戒赌记》《秋香送茶》《双推磨》《两兄弟》等小剧，演唱《中国人民志愿军战歌》等歌曲，还自编自演《越唱越开心》《忆苦思甜》等说唱。,
宝南村,宝南村,historic_admin,manual,medium,44,1,1956,1956,2020,1956;1983;1984;1986;1987;1989;1990;1992;1993;1994;1995;1996;1997;1999;2000;2001;2002;2003,19,集体化与农业建设,context_sentence,,,,,missing,,,高德底图未必有历史地名标签，需人工补点或补面,31个村民小组，撤销生产大队和生产小队。宝尹大队更名为宝尹村，下辖10个村民小组；宝南大队更名为宝南村，下辖21个村民小组。10月4日至23日，连续降雨250毫米左右，境内低洼农田受淹。大事记,1990年3月22日，宝尹村江文元，宝南村陆美香、金福珠当选长桥镇第十届人民代表大会代表。 || 1983年7月，恢复乡村建制，境域宝尹、宝南大队改称宝尹、宝南村，1992年8月，境域划归吴县经济技术开发区。 || 1995年3月，宝尹村所辖的10个村民组耕地被征用，翌年3月，宝南村所辖的21个村民组耕地被征用。,
郭巷乡,郭巷乡,historic_admin,manual,medium,1,1,1956,1956,1958,1956;1957;1958,3,集体化与农业建设,context_sentence,,,,,missing,,,高德底图未必有历史地名标签，需人工补点或补面,隶属尹西乡。1956年1月，长桥、尹西2个乡合并，名称长桥，境域隶属长桥乡。翌年3月，长桥乡并入郭巷乡，境域隶属郭巷乡。1965年12月，境域划归长桥人民公社。1992年8月，境域划归吴县经济技术开,1957年3月，吴县撤区并乡，长桥乡并入郭巷乡，境域归属郭巷乡。 || 1957年3月，吴县撤区并乡，长桥乡并入郭巷乡，境域归属郭巷乡。 || 1957年3月，吴县撤区并乡，长桥乡并入郭巷乡，境域隶属吴县郭巷乡。,
金星小学,金星小学,education,review,medium,3,1,1958,1958,1958,1958,1,集体化与农业建设,context_sentence,,,,,missing,,,在高德矢量底图逐项核对同名或近名标签,放开肚皮吃饭，鼓足干劲生产”等口号。是年，境内地处泥河田宝庆寺的泥河田小学搬迁至姚家场，并更名为金星小学。是年，新华大队陆盘根因经常在外工作，去上海花80元人民币购买了境内第一辆品牌为凤凰的自行车。,1958年，搬进姚家场建造的小学，改称金星小学。,
新华大队,新华大队,historic_admin,manual,medium,103,1,1958,1958,1980,1958;1959;1960;1962;1967;1969;1970;1972;1973;1974;1975;1979;1980,13,集体化与农业建设,context_sentence,,,,,missing,,,高德底图未必有历史地名标签，需人工补点或补面,月，郭巷人民公社成立，实行集工农商学于一体、政社合一的体制，境域归属郭巷人民公社。金星24社改称新华大队，金星25社改称金星大队。是月，金星、新华大队实行营连制，大办食堂，并提出“放开肚皮吃饭，鼓足干,1967年1月，受上海“一月风暴”影响，金星、新华大队风行“夺权”。 || 1970年2月中旬，金星、新华大队遵照长桥人民公社要求，开展“一打三反”（打击现行反革命分子、反对贪污盗窃、反对投机倒把、反对铺张浪费）运动，进行大检举、大批判、大清理，凡涉嫌有经济问题者皆为运动对象，进学习班学习。 || 1972年1月，新华大队开掘全长2000米的金家村河。,
郭巷人民公社,郭巷人民公社,historic_admin,manual,medium,20,1,1958,1958,1958,1958,1,集体化与农业建设,context_sentence,,,,,missing,,,高德底图未必有历史地名标签，需人工补点或补面,是月，郭巷乡大办民兵，实行全民皆兵，提出行动军事化，生活集体化，境内青壮年集体住宿训练。10月，郭巷人民公社成立，实行集工农商学于一体、政社合一的体制，境域归属郭巷人民公社。金星24社改称新华大队，金星2,1958年10月，成立郭巷人民公社，实行政社合一体制，境域隶属郭巷人民公社。 || 1958年10月，成立郭巷人民公社，实行政社合一体制，境域隶属郭巷人民公社。 || 1958年10月，建郭巷人民公社金星大队，隶属金星大队，为第4生产队。,
金星大队,金星大队,historic_admin,manual,medium,106,1,1958,1958,1980,1958;1959;1960;1961;1962;1965;1966;1967;1969;1970;1971;1972;1975;1976;1977;1978;1979;1980,18,集体化与农业建设,context_sentence,,,,,missing,,,高德底图未必有历史地名标签，需人工补点或补面,行集工农商学于一体、政社合一的体制，境域归属郭巷人民公社。金星24社改称新华大队，金星25社改称金星大队。是月，金星、新华大队实行营连制，大办食堂，并提出“放开肚皮吃饭，鼓足干劲生产”等口号。是年，境,1958年10月，境域开展人民公社化运动，金星第24、第25社改称新华、金星大队。 || 1958年10月，建金星大队，王家浜南岸为第1生产队，北岸为第8生产队。 || 1969年，境域成立金星大队革命委员会，王家浜第1、第8生产队改称第1、第8革命生产领导小组。,
长桥大队,长桥大队,historic_admin,manual,medium,4,1,1962,1962,1963,1962;1963,2,集体化与农业建设,context_sentence,,,,,missing,,,高德底图未必有历史地名标签，需人工补点或补面,学种田，农业发展迅速。1962年，江苏农科院副院长、全国著名劳动模范陈永康率领10多名科技人员至长桥大队政点，做水稻高产示范试验，其间多次至境域指导推广水稻高产栽培技术，以2后又全面推广双季稻的,1962年，江苏农科院副院长、全国著名劳动模范陈永康率领10多名科技人员至长桥大队政点，做水稻高产示范试验，其间多次至境域指导推广水稻高产栽培技术，以2后又全面推广双季稻的种植，使境域成为江南闻名的水稻、三麦高产稳产地区之一。 || 1963年，下田小学开办成完小（1—6年级），其中：4—6年级的学生吸收附近长桥大队、新建大队和新联大队下238塔里、塘湾里的学生。,
下田土地庙,下田土地庙,religious_site,review,medium,1,1,1964,1964,1964,1964,1,集体化与农业建设,context_sentence,,,,,missing,,,在高德矢量底图逐项核对同名或近名标签,各生产小队都建起了麦谷的脱粒场地，与此同时各生产小队都逐步建起了养猪场。其中新华（宝南）大队还在下田土地庙上建立了大队养猪场的指导站，不但站里养猪还放猪到农户代养。1972年起还在澹台湖南岸上建起了苗猪,1964年9月，下田小学搬至下田土地庙，开设三个班级：其中一年级一个班；,
钱家小学,钱家小学,education,review,medium,5,1,1965,1965,1974,1965;1974,2,集体化与农业建设,context_sentence,,,,,missing,,,在高德矢量底图逐项核对同名或近名标签,委发出的《认真提倡计划生育的通知》，带头实行计划生育。9月，庙桥小学搬迁至钱家村大坟上，并更名为钱家小学。12月，开展面上社会主义教育运动，开展“四清”（清政治、清经济、清思想、清组织）工作。是年，下,1965年9月，庙桥小学因观音庙拆除搬至钱家村大坟上，易名钱家小学。 || 1974年9月，钱家小学迁入马桶港幸福桥南堍东侧，并入新华小学。,
长桥人民公社,长桥人民公社,historic_admin,manual,medium,15,1,1965,1965,1983,1965;1968;1970;1980;1983,5,集体化与农业建设,context_sentence,,,,,missing,,,高德底图未必有历史地名标签，需人工补点或补面,名称长桥，境域隶属长桥乡。翌年3月，长桥乡并入郭巷乡，境域隶属郭巷乡。1965年12月，境域划归长桥人民公社。1992年8月，境域划归吴县经济技术开发区。1996年7月，吴县撤县建市，境域隶属吴县市；20,1965年12月，境域划归长桥人民公社。 || 1965年12月，境域划归蠡墅人民公社，蠡墅人民公社随即更名为长桥人民公社。 || 1970年2月中旬，金星、新华大队遵照长桥人民公社要求，开展“一打三反”（打击现行反革命分子、反对贪污盗窃、反对投机倒把、反对铺张浪费）运动，进行大检举、大批判、大清理，凡涉嫌有经济问题者皆为运动对象，进学习班学习。,
泥河田港,泥河田港,waterway,review,medium,9,1,1967,1967,2017,1967;1974;1991;1995;2017,5,集体化与农业建设,context_sentence,,,,,missing,,,在高德矢量底图逐项核对同名或近名标签,67年1月，受上海“一月风暴”影响，金星、新华大队风行“夺权”。2月，金星大队成立养鱼专业队，在泥河田港放养鱼苗。3月，金星、新华大队党、政工作由大队民兵营长主持。1968年3月5日，始行废除土葬。8,养鱼1967年2月，金星大队成立养鱼专业队，在泥河田港养鱼。 || 1974年2月，泥河田港养鱼场因养鱼的泥河田两岸均为村民住宅，每年抽干水后捕捞养鱼，造成土岸塌方，为此停止了鱼类养殖。 || 992.2停办金星铸件厂1978.2泥和田铜、铁件2300151996.7停办王家浜砖瓦厂1980.8跃进河南砖、瓦1.511000171996.2停办宝带桥汽车改装厂1984.8宝带桥南汽车改装、修理83300131987.8停办吴县味美酱品厂1985.11苏嘉公路朱河店桥南萝卜干、酱油、蜜汁黄瓜等酱品88000402000.12停办吴县废铁镔铁厂1986.8苏嘉公路朱河店桥北加工镔铁152500131996.5停办长桥纸箱包装厂1987.3宝带桥南纸盒1506600502000.8转制星火化工涂料厂1990.5泥河田港东南角涂料5200071996.12停办振尹合成树脂化工厂1993.2胜利桥南582、336树脂1815000101996.12停办表4-191974—1991年宝带桥社区境域集体企业产值利润选年统计表年份宝尹（金星）宝南（新华）合计职工人数/人产值/万元利润/万元职工人数/人产值/万元利润/万元职工人数/人产值/万元利润/万元197450.63050.80101.430197550.750.550.60.3101.350.8197660.90.250.80.3111.70.5197882.220.7104.722,
新华小学,新华小学,education,review,medium,3,1,1968,1968,1974,1968;1974,2,集体化与农业建设,context_sentence,,,,,missing,,,在高德矢量底图逐项核对同名或近名标签,华大队陈阿夯当选为吴县第二次活学活用毛泽东思想积极分子代表。是月，下田小学搬迁至坟堂上，并更名为新华小学。10月11日，金星大队在尤字港建造混凝土拱桥时因倒塌造成5人死亡。翌年重建拱桥，取名为“胜利桥,1968年9月，下田小学搬进下田坟堂上新建校舍，更名为新华小学（1968年2月—6月，因土地庙拆除，学校尚在建造过程中，曾在下田村沈关金家、塘港上徐毛妹家过渡）。 || 1974年9月，钱家小学迁入马桶港幸福桥南堍东侧，并入新华小学。,
长桥公社,长桥公社,historic_admin,manual,medium,6,1,1969,1969,1980,1969;1970;1974;1975;1980,5,集体化与农业建设,context_sentence,,,,,missing,,,高德底图未必有历史地名标签，需人工补点或补面,河）拓浚工程。1973年秋，金星、新华大队播种三麦时，试行开挖鼠道排水沟，俗称暗沟。1975年在长桥公社推广。是年，先后建起金星、新华土窑。是年，金星大队潘阿妹、新华大队沈泉妹出席吴县第四次妇女代表大,1975年在长桥公社推广。 || 1969年，成立长桥公社新华大队革命委员会，第1、第2、第3、第4、第5生产队改称第1、第2、第3、第4、第5革命生产领导小组。 || 1969年1月，马永昌任长桥公社新华大队党支部书记。,
金家村河,金家村河,waterway,review,medium,9,1,1972,1968,2017,1968;1972;2015;2017,4,集体化与农业建设,context_sentence,,,,,missing,,,在高德矢量底图逐项核对同名或近名标签,里桥、石湖东路公路桥、钱家桥、金家桥、8号不锈钢栏桥等桥梁；开拓疏通了钱家村河、黄家浜、兴隆河、金家村河、跃进河、澹台湖北运河、牛桩浜东港、金家河、金星内河、新华内河等河道，并对村庄进行旧房改造、动迁,1972年1月，新华大队开掘全长2000米的金家村河。 || 2015年1月，1100米的金家村河清淤污泥9000立方米。 || 第五章城市化建设168表5-21968—2017年宝带桥社区境域开拓、疏通河道统计表开拓时间河道名称长度/米备注1968.1钱家村河5001968.1黄家浜2501968.1兴隆河4001972.1金家村河20001974.8内河2条12501974.8内河2条12501976.1跃进河12001989.9澹台湖北运河1000为保护宝带桥开拓1996.3牛桩浜东港5002002.1金家河300与宝尹村牛桩浜衔接桥梁境域为水乡，旧时跨越河湖的桥梁除宝带桥之外，多为小桥，且是简陋木桥、竹桥。,
马桶港,马桶港,waterway,review,medium,2,1,1974,1974,1974,1974,1,集体化与农业建设,context_sentence,,,,,missing,,,在高德矢量底图逐项核对同名或近名标签,五港，南为泥河田港）和古塘河；东西纵向的骨干河道有泥河田港（原为宝尹南港河）、跃进河、金家村河、马桶港（原为宝南南港河）和苏南运河。加之各自然村的内河小溪，纵横交叉，起着引调、蓄纳和排灌吞吐的作用，,1974年9月，钱家小学迁入马桶港幸福桥南堍东侧，并入新华小学。,
红庄中学,红庄中学,education,review,medium,2,1,1978,1978,1978,1978,1,改革开放初期,context_sentence,,,,,missing,,,在高德矢量底图逐项核对同名或近名标签,中学书本由上级中学提供，教师由境内学校招聘。境内金星大队办了一届，至1978年8月停办，学生并入红庄中学。境内新华大队办了一届半，至1979年8月停办，学生并入龙桥中学。历任“戴帽子”中学的教师：金星,境内金星大队办了一届，至1978年8月停办，学生并入红庄中学。,
龙桥中学,龙桥中学,education,review,medium,2,1,1979,1979,1979,1979,1,改革开放初期,context_sentence,,,,,missing,,,在高德矢量底图逐项核对同名或近名标签,，至1978年8月停办，学生并入红庄中学。境内新华大队办了一届半，至1979年8月停办，学生并入龙桥中学。历任“戴帽子”中学的教师：金星大队有马卫东、方向明、邓永瑄、史学明等，新华大队有杨康勇、沈会男,境内新华大队办了一届半，至1979年8月停办，学生并入龙桥中学。,
宝南大队,宝南大队,historic_admin,manual,medium,13,1,1980,1980,1992,1980;1981;1982;1983;1992,5,改革开放初期,context_sentence,,,,,missing,,,高德底图未必有历史地名标签，需人工补点或补面,长桥人民公社第八届人民代表大会代表。11月，为避地名重叠，金星大队更名为宝尹大队、新华大队更名为宝南大队。1981年3月，开展“五讲”（讲文明、讲礼貌、讲卫生、讲秩序、讲道德）“四美”（心灵美、语言美,1980年11月，金星、新华大队更名宝尹、宝南大队。 || 1983年7月，恢复乡村建制，境域宝尹、宝南大队改称宝尹、宝南村，1992年8月，境域划归吴县经济技术开发区。 || 1980年11月，金星大队更名宝尹大队，新华大队更名宝南大队。,
宝尹大队,宝尹大队,historic_admin,manual,medium,11,1,1980,1980,1983,1980;1981;1982;1983,4,改革开放初期,context_sentence,,,,,missing,,,高德底图未必有历史地名标签，需人工补点或补面,朱阿夯、马金（根）姐当选长桥人民公社第八届人民代表大会代表。11月，为避地名重叠，金星大队更名为宝尹大队、新华大队更名为宝南大队。1981年3月，开展“五讲”（讲文明、讲礼貌、讲卫生、讲秩序、讲道德）,1982年1月，宝尹大队将泥河田夹河溇北潘家桥（竹桥）改建为石桥。 || 1980年11月，金星大队更名宝尹大队，新华大队更名宝南大队。 || 1980年居民电视机、电风扇、电冰箱、洗衣机等家用电器使用开始普及，用电量逐年递增，宝尹大队通过自发电补充电量不足。,
宝尹村,宝尹村,historic_admin,manual,medium,41,1,1983,1968,2017,1968;1983;1984;1985;1986;1987;1989;1990;1991;1992;1993;1994;1995;1996;1997;1998;1999;2001,22,改革开放初期,context_sentence,,,,,missing,,,高德底图未必有历史地名标签，需人工补点或补面,月，境内实行村级体制改革，设立2个行政村、31个村民小组，撤销生产大队和生产小队。宝尹大队更名为宝尹村，下辖10个村民小组；宝南大队更名为宝南村，下辖21个村民小组。10月4日至23日，连续降雨25,1986年3月，宝尹村首建村部办公楼，建筑面积为360平方米，占地面积2000平方米。 || 1987年4月15日，宝尹村陈志明当选吴县第九届人民代表大会代表； || 1990年3月22日，宝尹村江文元，宝南村陆美香、金福珠当选长桥镇第十届人民代表大会代表。,
宝南织布厂,宝南织布厂,industry,review,medium,1,1,1985,1985,1985,1985,1,改革开放初期,context_sentence,,,,,missing,,,在高德矢量底图逐项核对同名或近名标签,驻苏州化学纤维厂。是年，宝南村的钱家村、金家村拆除原简易竹桥、木桥，建起石拱桥。1985年4月，宝南织布厂迁移扩容。6月，宝南拼线厂就地扩容。10月，宝南汽车改装厂成立开业。11月，开展第一个五年普法教,1985年4月，宝南织布厂迁移扩容。,
长桥镇,长桥镇,historic_admin,manual,medium,1,1,1986,1986,1990,1986;1987;1990,3,改革开放初期,context_sentence,,,,,missing,,,高德底图未必有历史地名标签，需人工补点或补面,倪龙根当选为中共吴县第四次党代会代表。12月，澹台湖围湖造田。翌年，抽干湖水种上了双季稻。（据《长桥镇志》载：1987年退耕养鱼，由吴县水产局成立的吴县水产二场接管。2016年，改建成宝带桥·澹台湖,（据《长桥镇志》载：1987年退耕养鱼，由吴县水产局成立的吴县水产二场接管。 || 1990年3月22日，宝尹村江文元，宝南村陆美香、金福珠当选长桥镇第十届人民代表大会代表。 || 1986年12月，撤乡建镇，实行镇管村体制，设长桥镇建制，境域隶属长桥镇。,
泥河田公立小学,泥河田公立小学,education,review,medium,2,1,1990,1946,1990,1946;1990,2,改革开放初期,context_sentence,,,,,missing,,,在高德矢量底图逐项核对同名或近名标签,1978年改沙土路面为沥青路面。是年，流行脑膜炎，殃及境域。1946年是年，境内宝庆寺西厢房建起泥河田公立小学（1990年改称宝尹小学）。81948年6月，并编区、乡，境内归属吴县车坊区尹山乡。194,1946年是年，境内宝庆寺西厢房建起泥河田公立小学（1990年改称宝尹小学）。,
朱塔浜桥,朱塔浜桥,bridge,review,medium,1,1,1991,1950,1991,1950;1991,2,改革开放初期,context_sentence,,,,,missing,,,在高德矢量底图逐项核对同名或近名标签,桥、馨欣桥等7座，新建的桥梁有幸福桥、王家浜桥、红星桥、朱塔浜木桥、胜利桥、夹河溇竹桥、塘角桥、朱塔浜桥、跃进1号桥、跃进2号桥、钱家石拱桥、金家石拱桥等12座。1992年8月始，境域桥梁建设速度、质,1950年1月至1991年12月，境域拆除的旧桥、危桥有夹河溇竹桥、牛桩桥、钱家木桥、金家河木桥等，改造的老桥、危桥有潘家桥、王家浜竹桥、迎丰桥、梁家桥、朱家桥、牛桩浜石拱桥、馨欣桥等7座，新建的桥梁有幸福桥、王家浜桥、红星桥、朱塔浜木桥、胜利桥、夹河溇竹桥、塘角桥、朱塔浜桥、跃进1号桥、跃进2号桥、钱家石拱桥、金家石拱桥等12座。,
牛桩桥,牛桩桥,bridge,review,medium,1,1,1991,1950,1991,1950;1991,2,改革开放初期,context_sentence,,,,,missing,,,在高德矢量底图逐项核对同名或近名标签,混凝土拱桥，并命名为迎丰桥。1950年1月至1991年12月，境域拆除的旧桥、危桥有夹河溇竹桥、牛桩桥、钱家木桥、金家河木桥等，改造的老桥、危桥有潘家桥、王家浜竹桥、迎丰桥、梁家桥、朱家桥、牛桩浜石,1950年1月至1991年12月，境域拆除的旧桥、危桥有夹河溇竹桥、牛桩桥、钱家木桥、金家河木桥等，改造的老桥、危桥有潘家桥、王家浜竹桥、迎丰桥、梁家桥、朱家桥、牛桩浜石拱桥、馨欣桥等7座，新建的桥梁有幸福桥、王家浜桥、红星桥、朱塔浜木桥、胜利桥、夹河溇竹桥、塘角桥、朱塔浜桥、跃进1号桥、跃进2号桥、钱家石拱桥、金家石拱桥等12座。,
王家浜桥,王家浜桥,bridge,review,medium,1,1,1991,1950,2017,1950;1991;1995;2017,4,改革开放初期,context_sentence,,,,,missing,,,在高德矢量底图逐项核对同名或近名标签,桥有潘家桥、王家浜竹桥、迎丰桥、梁家桥、朱家桥、牛桩浜石拱桥、馨欣桥等7座，新建的桥梁有幸福桥、王家浜桥、红星桥、朱塔浜木桥、胜利桥、夹河溇竹桥、塘角桥、朱塔浜桥、跃进1号桥、跃进2号桥、钱家石拱桥、,1950年1月至1991年12月，境域拆除的旧桥、危桥有夹河溇竹桥、牛桩桥、钱家木桥、金家河木桥等，改造的老桥、危桥有潘家桥、王家浜竹桥、迎丰桥、梁家桥、朱家桥、牛桩浜石拱桥、馨欣桥等7座，新建的桥梁有幸福桥、王家浜桥、红星桥、朱塔浜木桥、胜利桥、夹河溇竹桥、塘角桥、朱塔浜桥、跃进1号桥、跃进2号桥、钱家石拱桥、金家石拱桥等12座。 || 95.10简支空心板梁1313.2宝通路南5号桥1995.10简支空心板梁1213.2迎春南路钱家桥1995.10简支空心板梁4239.6迎春南路7号桥1998.3简支空心板梁1335.3迎春南路8号桥1998.3简支空心板梁1635.5宝丰路9号桥1998.4简支空心板梁1312迎春南路金家桥2003.3简支空心板梁13.138.9宝带桥·澹台湖景区景观桥2017.12钢结构拱桥110318表5-41995—2017年宝带桥社区境域拆除旧桥、危桥统计表地址桥名拆除时间备注宝南东下田廿五基桥1995.10宝尹王家浜王家浜桥1996.1竹桥宝尹东南港馨欣桥1996.10宝尹泥河港迎丰桥1996.10宝尹泥河港梁家桥1996.10宝尹泥河港跃进1号桥1996.10宝尹泥河港跃进2号桥1996.10宝尹沿字港胜利桥1996.10宝尹西南港红星桥1996.10混凝土拱桥宝尹泥河田港朱家桥1996.10石拱桥宝带桥西侧公路桥1998.8多孔连翼公路桥宝南金家村兴福庵桥2001.1宝尹泥河田潘家桥2002.1宝尹牛桩浜牛桩浜桥2002.1石拱桥宝南金家村金家桥2002.3水泥石拱桥宝南金家村新开河桥2002.3宝南钱家村外浜桥2003.1170,
王家浜竹桥,王家浜竹桥,bridge,review,medium,2,1,1991,1950,1991,1950;1991,2,改革开放初期,context_sentence,,,,,missing,,,在高德矢量底图逐项核对同名或近名标签,月，境域拆除的旧桥、危桥有夹河溇竹桥、牛桩桥、钱家木桥、金家河木桥等，改造的老桥、危桥有潘家桥、王家浜竹桥、迎丰桥、梁家桥、朱家桥、牛桩浜石拱桥、馨欣桥等7座，新建的桥梁有幸福桥、王家浜桥、红星桥、朱塔,1950年1月至1991年12月，境域拆除的旧桥、危桥有夹河溇竹桥、牛桩桥、钱家木桥、金家河木桥等，改造的老桥、危桥有潘家桥、王家浜竹桥、迎丰桥、梁家桥、朱家桥、牛桩浜石拱桥、馨欣桥等7座，新建的桥梁有幸福桥、王家浜桥、红星桥、朱塔浜木桥、胜利桥、夹河溇竹桥、塘角桥、朱塔浜桥、跃进1号桥、跃进2号桥、钱家石拱桥、金家石拱桥等12座。,
跃进河,跃进河,waterway,review,medium,8,1,1991,1968,2017,1968;1991;2017,3,改革开放初期,context_sentence,,,,,missing,,,在高德矢量底图逐项核对同名或近名标签,东路公路桥、钱家桥、金家桥、8号不锈钢栏桥等桥梁；开拓疏通了钱家村河、黄家浜、兴隆河、金家村河、跃进河、澹台湖北运河、牛桩浜东港、金家河、金星内河、新华内河等河道，并对村庄进行旧房改造、动迁安置；居,第五章城市化建设168表5-21968—2017年宝带桥社区境域开拓、疏通河道统计表开拓时间河道名称长度/米备注1968.1钱家村河5001968.1黄家浜2501968.1兴隆河4001972.1金家村河20001974.8内河2条12501974.8内河2条12501976.1跃进河12001989.9澹台湖北运河1000为保护宝带桥开拓1996.3牛桩浜东港5002002.1金家河300与宝尹村牛桩浜衔接桥梁境域为水乡，旧时跨越河湖的桥梁除宝带桥之外，多为小桥，且是简陋木桥、竹桥。 || 1991年12月，宝尹村跃进河南新建变压电所72平方米，室内安置有160千伏安发电机，撤去原3台变压器。,
金家河,金家河,waterway,review,medium,2,1,1991,1950,2017,1950;1968;1991;2017,4,改革开放初期,context_sentence,,,,,missing,,,在高德矢量底图逐项核对同名或近名标签,锈钢栏桥等桥梁；开拓疏通了钱家村河、黄家浜、兴隆河、金家村河、跃进河、澹台湖北运河、牛桩浜东港、金家河、金星内河、新华内河等河道，并对村庄进行旧房改造、动迁安置；居民生活小区实施环境、卫生、安全等长,第五章城市化建设168表5-21968—2017年宝带桥社区境域开拓、疏通河道统计表开拓时间河道名称长度/米备注1968.1钱家村河5001968.1黄家浜2501968.1兴隆河4001972.1金家村河20001974.8内河2条12501974.8内河2条12501976.1跃进河12001989.9澹台湖北运河1000为保护宝带桥开拓1996.3牛桩浜东港5002002.1金家河300与宝尹村牛桩浜衔接桥梁境域为水乡，旧时跨越河湖的桥梁除宝带桥之外，多为小桥，且是简陋木桥、竹桥。 || 1950年1月至1991年12月，境域拆除的旧桥、危桥有夹河溇竹桥、牛桩桥、钱家木桥、金家河木桥等，改造的老桥、危桥有潘家桥、王家浜竹桥、迎丰桥、梁家桥、朱家桥、牛桩浜石拱桥、馨欣桥等7座，新建的桥梁有幸福桥、王家浜桥、红星桥、朱塔浜木桥、胜利桥、夹河溇竹桥、塘角桥、朱塔浜桥、跃进1号桥、跃进2号桥、钱家石拱桥、金家石拱桥等12座。,
下塔里桥,下塔里桥,bridge,review,medium,1,1,1992,1992,1992,1992,1,开发区建设,context_sentence,,,,,missing,,,在高德矢量底图逐项核对同名或近名标签,南路、石湖东路、天灵路、澄湖中路、澄湖东路，南北走向的迎春南路、宝通路、宝丰路；构筑了古塘河桥、下塔里桥、石湖东路公路桥、钱家桥、金家桥、8号不锈钢栏桥等桥梁；开拓疏通了钱家村河、黄家浜、兴隆河、金家,1992年8月始，境域桥梁建设速度、质量有了提高，新建公路桥梁有古塘河桥、下塔里桥、石湖东路桥、天灵路西1号桥、澄湖东路3号桥、天灵路东2号桥、宝通路北4号桥、宝通路南5号桥、迎春南路钱家桥、迎春南路7号桥、迎春南路8号桥、宝丰路9号桥、迎春南路金家桥等13座。,
古塘河,古塘河,waterway,review,medium,7,1,1992,1992,2017,1992;2017,2,开发区建设,context_sentence,,,,,missing,,,在高德矢量底图逐项核对同名或近名标签,走向的东吴南路、石湖东路、天灵路、澄湖中路、澄湖东路，南北走向的迎春南路、宝通路、宝丰路；构筑了古塘河桥、下塔里桥、石湖东路公路桥、钱家桥、金家桥、8号不锈钢栏桥等桥梁；开拓疏通了钱家村河、黄家浜、,表5-12017年12月宝带桥社区境域公路建设情况统计表路名起止长度/米建成时间走向东吴南路古运河—古塘河18211992.10东西迎春南路东吴南路—澹台湖大桥27561993.5南北天灵路古运河—古塘河16941993.12东西宝通路天灵路—东吴南路9861998.12南北宝丰路澄湖中路—东吴南路6501998.12南北澄湖东路古运河—迎春南路11382000.10东西澄湖中路迎春南路—古塘河5702000.10东西石湖东路古运河—古塘河16361995.10东西2017年12月，途经境域的公交车有91路、92路、101路、514路、612路、66路、57路、5002路和快线6号。 || 表5-12017年12月宝带桥社区境域公路建设情况统计表路名起止长度/米建成时间走向东吴南路古运河—古塘河18211992.10东西迎春南路东吴南路—澹台湖大桥27561993.5南北天灵路古运河—古塘河16941993.12东西宝通路天灵路—东吴南路9861998.12南北宝丰路澄湖中路—东吴南路6501998.12南北澄湖东路古运河—迎春南路11382000.10东西澄湖中路迎春南路—古塘河5702000.10东西石湖东路古运河—古塘河16361995.10东西2017年12月，途经境域的公交车有91路、92路、101路、514路、612路、66路、57路、5002路和快线6号。 || 表5-12017年12月宝带桥社区境域公路建设情况统计表路名起止长度/米建成时间走向东吴南路古运河—古塘河18211992.10东西迎春南路东吴南路—澹台湖大桥27561993.5南北天灵路古运河—古塘河16941993.12东西宝通路天灵路—东吴南路9861998.12南北宝丰路澄湖中路—东吴南路6501998.12南北澄湖东路古运河—迎春南路11382000.10东西澄湖中路迎春南路—古塘河5702000.10东西石湖东路古运河—古塘河16361995.10东西2017年12月，途经境域的公交车有91路、92路、101路、514路、612路、66路、57路、5002路和快线6号。,
古塘河桥,古塘河桥,bridge,review,medium,4,1,1992,1992,2017,1992;2017,2,开发区建设,context_sentence,,,,,missing,,,在高德矢量底图逐项核对同名或近名标签,走向的东吴南路、石湖东路、天灵路、澄湖中路、澄湖东路，南北走向的迎春南路、宝通路、宝丰路；构筑了古塘河桥、下塔里桥、石湖东路公路桥、钱家桥、金家桥、8号不锈钢栏桥等桥梁；开拓疏通了钱家村河、黄家浜、兴,1992年8月始，境域桥梁建设速度、质量有了提高，新建公路桥梁有古塘河桥、下塔里桥、石湖东路桥、天灵路西1号桥、澄湖东路3号桥、天灵路东2号桥、宝通路北4号桥、宝通路南5号桥、迎春南路钱家桥、迎春南路7号桥、迎春南路8号桥、宝丰路9号桥、迎春南路金家桥等13座。 || 169表5-31992—2017年宝带桥社区境域新建桥梁统计表桥梁名称建成时间结构跨径/米宽度/米古塘河桥1992.12简支空心板梁3040.5下塔星桥1992.12简支空心板梁12.2520石湖东路桥1995.10简支空心板梁19.546.2天灵路西1号桥1995.10简支空心板梁16.839澄湖东路3号桥1995.10简支空心板梁811.95天灵路东2号桥1995.10简支空心板梁12.634.2宝通路北4号桥1995.10简支空心板梁1313.2宝通路南5号桥1995.10简支空心板梁1213.2迎春南路钱家桥1995.10简支空心板梁4239.6迎春南路7号桥1998.3简支空心板梁1335.3迎春南路8号桥1,
宝通路南5号桥,宝通路南5号桥,bridge,review,medium,2,1,1992,1992,2017,1992;1995;2017,3,开发区建设,manual_anchor,1992年8月始境域桥梁建设速度、质量提高,,,,missing,,,在高德矢量底图逐项核对同名或近名标签,古塘河桥、下塔里桥、石湖东路桥、天灵路西1号桥、澄湖东路3号桥、天灵路东2号桥、宝通路北4号桥、宝通路南5号桥、迎春南路钱家桥、迎春南路7号桥、迎春南路8号桥、宝丰路9号桥、迎春南路金家桥等13座。并在宝带,1992年8月始，境域桥梁建设速度、质量有了提高，新建公路桥梁有古塘河桥、下塔里桥、石湖东路桥、天灵路西1号桥、澄湖东路3号桥、天灵路东2号桥、宝通路北4号桥、宝通路南5号桥、迎春南路钱家桥、迎春南路7号桥、迎春南路8号桥、宝丰路9号桥、迎春南路金家桥等13座。 || 169表5-31992—2017年宝带桥社区境域新建桥梁统计表桥梁名称建成时间结构跨径/米宽度/米古塘河桥1992.12简支空心板梁3040.5下塔星桥1992.12简支空心板梁12.2520石湖东路桥1995.10简支空心板梁19.546.2天灵路西1号桥1995.10简支空心板梁16.839澄湖东路3号桥1995.10简支空心板梁811.95天灵路东2号桥1995.10简支空心板梁12.634.2宝通路北4号桥1995.10简支空心板梁1313.2宝通路南5号桥1995.10简支空心板梁1213.2迎春南路钱家桥1995.10简支空心板梁4239.6迎春南路7号桥1998.3简支空心板梁1335.3迎春南路8号桥1998.3简支空心板梁1635.5宝丰路9号桥1998.4简支空心板梁1312迎春南路金家桥2003.3简支空心板梁13.138.9宝带桥·澹台湖景区景观桥2017.12钢结构拱桥110318表5-41995—2017年宝带桥社区境域拆除旧桥、危桥统计表地址桥名拆除时间备注宝南东下田廿五基桥1995.10宝尹王家浜王家浜桥1996.1竹桥宝尹东南港馨欣桥1996,
澄湖东路3号桥,澄湖东路3号桥,bridge,review,medium,2,1,1992,1992,2017,1992;2017,2,开发区建设,manual_anchor,1992年8月始境域桥梁建设速度、质量提高,,,,missing,,,在高德矢量底图逐项核对同名或近名标签,，境域桥梁建设速度、质量有了提高，新建公路桥梁有古塘河桥、下塔里桥、石湖东路桥、天灵路西1号桥、澄湖东路3号桥、天灵路东2号桥、宝通路北4号桥、宝通路南5号桥、迎春南路钱家桥、迎春南路7号桥、迎春南路8号桥,1992年8月始，境域桥梁建设速度、质量有了提高，新建公路桥梁有古塘河桥、下塔里桥、石湖东路桥、天灵路西1号桥、澄湖东路3号桥、天灵路东2号桥、宝通路北4号桥、宝通路南5号桥、迎春南路钱家桥、迎春南路7号桥、迎春南路8号桥、宝丰路9号桥、迎春南路金家桥等13座。 || 169表5-31992—2017年宝带桥社区境域新建桥梁统计表桥梁名称建成时间结构跨径/米宽度/米古塘河桥1992.12简支空心板梁3040.5下塔星桥1992.12简支空心板梁12.2520石湖东路桥1995.10简支空心板梁19.546.2天灵路西1号桥1995.10简支空心板梁16.839澄湖东路3号桥1995.10简支空心板梁811.95天灵路东2号桥1995.10简支空心板梁12.634.2宝通路北4号桥1995.10简支空心板梁1313.2宝通路南5号桥1995.10简支空心板梁1213.2迎春南路钱家桥1995.10简支空心板梁4239.6迎春南路7号桥1998.3简支空心板梁1335.3迎春南路8号桥1998.3简支空心板梁1635.5宝丰路9号桥1998.4简支空心板梁1312迎春南路金家桥2003.3简支空心板梁13.138.9宝带桥·澹台湖景区景观桥2017.12钢结构拱桥110318表5-419,
迎春南路7号桥,迎春南路7号桥,bridge,review,medium,2,1,1992,1992,2017,1992;1995;2017,3,开发区建设,context_sentence,,,,,missing,,,在高德矢量底图逐项核对同名或近名标签,天灵路西1号桥、澄湖东路3号桥、天灵路东2号桥、宝通路北4号桥、宝通路南5号桥、迎春南路钱家桥、迎春南路7号桥、迎春南路8号桥、宝丰路9号桥、迎春南路金家桥等13座。并在宝带桥·澹台湖景区建起了异形钢结构景,1992年8月始，境域桥梁建设速度、质量有了提高，新建公路桥梁有古塘河桥、下塔里桥、石湖东路桥、天灵路西1号桥、澄湖东路3号桥、天灵路东2号桥、宝通路北4号桥、宝通路南5号桥、迎春南路钱家桥、迎春南路7号桥、迎春南路8号桥、宝丰路9号桥、迎春南路金家桥等13座。 || 社区境域新建桥梁统计表桥梁名称建成时间结构跨径/米宽度/米古塘河桥1992.12简支空心板梁3040.5下塔星桥1992.12简支空心板梁12.2520石湖东路桥1995.10简支空心板梁19.546.2天灵路西1号桥1995.10简支空心板梁16.839澄湖东路3号桥1995.10简支空心板梁811.95天灵路东2号桥1995.10简支空心板梁12.634.2宝通路北4号桥1995.10简支空心板梁1313.2宝通路南5号桥1995.10简支空心板梁1213.2迎春南路钱家桥1995.10简支空心板梁4239.6迎春南路7号桥1998.3简支空心板梁1335.3迎春南路8号桥1998.3简支空心板梁1635.5宝丰路9号桥1998.4简支空心板梁1312迎春南路金家桥2003.3简支空心板梁13.138.9宝带桥·澹台湖景区景观桥2017.12钢结构拱桥110318表5-41995—2017年宝带桥社区境域拆除旧桥、危桥统计表地址桥名拆除时间备注宝南东下田廿五基桥1995.10宝尹王家浜王家浜桥1996.1竹桥宝尹东南港馨欣桥1996.10宝尹泥河港迎丰桥1996.10宝尹泥河港梁家桥1996.10宝尹泥河港跃进1号桥1996.10宝尹,
迎春南路8号桥,迎春南路8号桥,bridge,review,medium,2,1,1992,1992,2017,1992;1995;2017,3,开发区建设,context_sentence,,,,,missing,,,在高德矢量底图逐项核对同名或近名标签,澄湖东路3号桥、天灵路东2号桥、宝通路北4号桥、宝通路南5号桥、迎春南路钱家桥、迎春南路7号桥、迎春南路8号桥、宝丰路9号桥、迎春南路金家桥等13座。并在宝带桥·澹台湖景区建起了异形钢结构景观桥。拆除的旧桥,1992年8月始，境域桥梁建设速度、质量有了提高，新建公路桥梁有古塘河桥、下塔里桥、石湖东路桥、天灵路西1号桥、澄湖东路3号桥、天灵路东2号桥、宝通路北4号桥、宝通路南5号桥、迎春南路钱家桥、迎春南路7号桥、迎春南路8号桥、宝丰路9号桥、迎春南路金家桥等13座。 || 宽度/米古塘河桥1992.12简支空心板梁3040.5下塔星桥1992.12简支空心板梁12.2520石湖东路桥1995.10简支空心板梁19.546.2天灵路西1号桥1995.10简支空心板梁16.839澄湖东路3号桥1995.10简支空心板梁811.95天灵路东2号桥1995.10简支空心板梁12.634.2宝通路北4号桥1995.10简支空心板梁1313.2宝通路南5号桥1995.10简支空心板梁1213.2迎春南路钱家桥1995.10简支空心板梁4239.6迎春南路7号桥1998.3简支空心板梁1335.3迎春南路8号桥1998.3简支空心板梁1635.5宝丰路9号桥1998.4简支空心板梁1312迎春南路金家桥2003.3简支空心板梁13.138.9宝带桥·澹台湖景区景观桥2017.12钢结构拱桥110318表5-41995—2017年宝带桥社区境域拆除旧桥、危桥统计表地址桥名拆除时间备注宝南东下田廿五基桥1995.10宝尹王家浜王家浜桥1996.1竹桥宝尹东南港馨欣桥1996.10宝尹泥河港迎丰桥1996.10宝尹泥河港梁家桥1996.10宝尹泥河港跃进1号桥1996.10宝尹泥河港跃进2号桥1996.10宝尹沿字港胜利桥19,
钱家桥,钱家桥,bridge,review,medium,6,1,1992,1992,2017,1992;1995;2017,3,开发区建设,context_sentence,,,,,missing,,,在高德矢量底图逐项核对同名或近名标签,湖中路、澄湖东路，南北走向的迎春南路、宝通路、宝丰路；构筑了古塘河桥、下塔里桥、石湖东路公路桥、钱家桥、金家桥、8号不锈钢栏桥等桥梁；开拓疏通了钱家村河、黄家浜、兴隆河、金家村河、跃进河、澹台湖北运,1992年8月始，境域桥梁建设速度、质量有了提高，新建公路桥梁有古塘河桥、下塔里桥、石湖东路桥、天灵路西1号桥、澄湖东路3号桥、天灵路东2号桥、宝通路北4号桥、宝通路南5号桥、迎春南路钱家桥、迎春南路7号桥、迎春南路8号桥、宝丰路9号桥、迎春南路金家桥等13座。 || 169表5-31992—2017年宝带桥社区境域新建桥梁统计表桥梁名称建成时间结构跨径/米宽度/米古塘河桥1992.12简支空心板梁3040.5下塔星桥1992.12简支空心板梁12.2520石湖东路桥1995.10简支空心板梁19.546.2天灵路西1号桥1995.10简支空心板梁16.839澄湖东路3号桥1995.10简支空心板梁811.95天灵路东2号桥1995.10简支空心板梁12.634.2宝通路北4号桥1995.10简支空心板梁1313.2宝通路南5号桥1995.10简支空心板梁1213.2迎春南路钱家桥1995.10简支空心板梁4239.6迎春南路7号桥1998.3简支空心板梁1335.3迎春南路8号桥1998.3简支空心板梁1635.5宝丰路9号桥1998.4简支空心板梁1312迎春南路金家桥2003.3简支空心板梁13.138.9宝带桥·澹台湖景区景观桥2017.12钢结构拱桥110318表5-41995—2017年宝带桥社区境域拆除旧桥、危桥统计表地址桥名拆除时间备注宝南东下田廿五基桥1995.10宝尹王家浜王家浜桥1996.1竹桥宝尹东南港馨欣桥1996.10宝尹泥河港迎丰桥1996.10宝尹泥河港梁家桥,
吴中经济开发区,吴中经济开发区,admin_context,context,low,9,1,1992,2000,2020,2000;2001;2003;2009;2010;2013;2020,7,开发区建设,manual_anchor,1992年8月境域划归吴县经济技术开发区，后属吴中经济开发区体系,,,,missing,,,作为边界/方位参照，不一定在辖区内单独标注,民、塘里（澹台湖西岸）6户居民搬迁至钱家新村居民生活小区。2003年1月，宝尹、宝南2居委会根据吴中经济开发区管理委员会〔2002〕第31号文规定，禁止境内养猪。3月至4月，吴家角35户居民、泥河田38户居,2003年1月，宝尹、宝南2居委会根据吴中经济开发区管理委员会〔2002〕第31号文规定，禁止境内养猪。 || 是月，吴中经济开发区管委会授予宝带桥居委会“2003年度吴中经济开发区无偿献血工作先进集体”称号。 || 是月，吴中经济开发区管委会授予宝带桥居委会“2003年度吴中经济开发区无偿献血工作先进集体”称号。,
吴中经济技术开发区,吴中经济技术开发区,admin_context,context,low,1,1,1992,2014,2015,2014;2015,2,开发区建设,manual_anchor,1992年8月境域划归吴县经济技术开发区，后属吴中经济开发区体系,,,,missing,,,作为边界/方位参照，不一定在辖区内单独标注,、吴中区《关于在全区房屋征收（拆迁）工作中推行“八公开一监督”制度的意见》等文件要求，进一步规范吴中经济技术开发区住宅房屋的拆迁管理及补偿操作行为，根据苏州市、吴中区《吴中区集体土地房屋拆迁管理实施办法（暂行）,2015年2月，吴中经济技术开发区管理委员会授予宝带桥社区居民委员会“2014年征兵工作先进单位”称号。,
吴县经济技术开发区,吴县经济技术开发区,admin_context,context,low,5,1,1992,1920,2001,1920;1921;1923;1924;1925;1926;1949;1983;1990;1992;1993;1994;1995;1996;2001,15,开发区建设,manual_anchor,1992年8月境域划归吴县经济技术开发区,,,,missing,,,作为边界/方位参照，不一定在辖区内单独标注,桥乡并入郭巷乡，境域隶属郭巷乡。1965年12月，境域划归长桥人民公社。1992年8月，境域划归吴县经济技术开发区。1996年7月，吴县撤县建市，境域隶属吴县市；2001年2月，吴县撤市建区（吴中区、相城区），,1992年8月，境域划归吴县经济技术开发区。 || 1949年10月后，特别是改革开放划归吴县经济技术开发区后，按建设规划，在公路、河道、居民住宅、环境卫生上着手，先后建造了东西走向的东吴南路、石湖东路、天灵路、澄湖中路、澄湖东路，南北走向的迎春南路、宝通路、宝丰路； || 1983年7月，恢复乡村建制，境域宝尹、宝南大队改称宝尹、宝南村，1992年8月，境域划归吴县经济技术开发区。,
苏州吴中经济开发区,苏州吴中经济开发区,admin_context,context,low,1,1,1992,2001,2010,2001;2003;2009;2010,4,开发区建设,manual_anchor,1992年8月境域划归吴县经济技术开发区，后属吴中经济开发区体系,,,,missing,,,作为边界/方位参照，不一定在辖区内单独标注,州市吴中区社会治安综合治理委员会授予宝带桥社区“五星级五位一体综治办”称号。2010年2月，中共苏州吴中经济开发区工作委员会、苏州吴中经济开发区管理委员会授予宝带桥社区“2009年度社区管理先进单位”称号。8月,2010年2月，中共苏州吴中经济开发区工作委员会、苏州吴中经济开发区管理委员会授予宝带桥社区“2009年度社区管理先进单位”称号。 || 2010年2月，中共苏州吴中经济开发区工作委员会、苏州吴中经济开发区管理委员会授予宝带桥社区“2009年度社区管理先进单位”称号。 || 2001年2月，吴县经济技术开发区更名为苏州吴中经济开发区，境域隶属苏州吴中经济开发区。,
吴县市,吴县市,admin_context,context,low,1,1,1994,1963,2001,1963;1994;1995;1996;1997;1998;2000;2001,8,开发区建设,context_sentence,,,,,missing,,,作为边界/方位参照，不一定在辖区内单独标注,长桥人民公社。1992年8月，境域划归吴县经济技术开发区。1996年7月，吴县撤县建市，境域隶属吴县市；2001年2月，吴县撤市建区（吴中区、相城区），境域隶属苏州市吴中区。2004年6月，吴中区城,1996年7月，吴县撤县建市，境域隶属吴县市； || 1995年6月8日，经国务院批准，吴县撤县设市，境域隶属吴县市。 || 10月3日至6日，2000年中国吴县市环太湖世界特技飞行奖大赛在太湖之滨举行，村民纷纷前往观看。,
碧波实验小学,碧波实验小学,education,review,medium,20,1,1995,1958,2017,1958;1993;1995;2000;2006;2007;2013;2016;2017,9,开发区建设,context_sentence,,,,,missing,,,在高德底图人工确认点位,在村民家客厅、破庙讲课的私立学校、耕读小学，至2017年，全日制学校有建筑面积35137平方米的碧波实验小学及附属幼儿园，建筑面积15830平方米的碧波中学。少年儿童入学率达100%。卫生事业方面，196,教育方面，原来只有几所在村民家客厅、破庙讲课的私立学校、耕读小学，至2017年，全日制学校有建筑面积35137平方米的碧波实验小学及附属幼儿园，建筑面积15830平方米的碧波中学。 || 1995年6月，新建碧波实验小学（含幼儿园），建筑面积35137平方米。 || 1995年6月，新建碧波实验小学，境内小学并入碧波实验小学。,
黄家浜,黄家浜,waterway,review,medium,4,1,1996,1968,2017,1968;1996;2004;2017,4,开发区建设,context_sentence,,,,,missing,,,在高德矢量底图逐项核对同名或近名标签,了古塘河桥、下塔里桥、石湖东路公路桥、钱家桥、金家桥、8号不锈钢栏桥等桥梁；开拓疏通了钱家村河、黄家浜、兴隆河、金家村河、跃进河、澹台湖北运河、牛桩浜东港、金家河、金星内河、新华内河等河道，并对村庄,1996年5月，第一批拆迁泥河田、黄家浜、港南浜183户村民搬迁至朱塔浜新居，至2004年12月，境域在形成西下田、宝尹花园、钱家新村、下田、小村等5个居民生活小区的同时，各类为民服务商铺先后在小区内或小区附近开张； || 第五章城市化建设168表5-21968—2017年宝带桥社区境域开拓、疏通河道统计表开拓时间河道名称长度/米备注1968.1钱家村河5001968.1黄家浜2501968.1兴隆河4001972.1金家村河20001974.8内河2条12501974.8内河2条12501976.1跃进河12001989.9澹台湖北运河1000为保护宝带桥开拓1996.3牛桩浜东港5002002.1金家河300与宝尹村牛桩浜衔接桥梁境域为水乡，旧时跨越河湖的桥梁除宝带桥之外，多为小桥，且是简陋木桥、竹桥。,
碧波幼儿园,碧波幼儿园,education,review,medium,12,1,1998,1946,2017,1946;1998;2006;2007;2010;2014;2017,7,开发区建设,context_sentence,,,,,missing,,,在高德矢量底图逐项核对同名或近名标签,右，宝南60人左右。2371996年9月1日，碧波实验小学附属幼儿园成立，宝尹村幼儿园并入碧波幼儿园。1998年9月1日，宝南村幼儿园并入碧波幼儿园。境内历任幼儿教师宝尹村有张菊英、潘文妹、朱素芳,1998年9月1日，宝南村幼儿园并入碧波幼儿园。 || 2017年12月，碧波幼儿园设23个班，教师52人，保育员（职工）23人，幼儿园学生710人。 || 碧波幼儿园历任正副园长：1998年9月，何雪英任碧波幼儿园园长。,
碧波卫生院,碧波卫生院,medical,review,medium,3,1,1999,1999,2001,1999;2000;2001,3,开发区建设,context_sentence,,,,,missing,,,在高德矢量底图逐项核对同名或近名标签,月，新建碧波实验小学（含幼儿园），建筑面积35137平方米。1999年4月，宝尹村合作医疗室并入碧波卫生院，翌年1月，卫生院在境内设立社区服务中心，对育龄妇女保健、老年健康体检等提供专项服务。2002年,1999年4月，宝尹村合作医疗室并入碧波卫生院，翌年1月，卫生院在境内设立社区服务中心，对育龄妇女保健、老年健康体检等提供专项服务。 || 1999年4月，境内宝尹村合作卫生室并入碧波卫生院。 || 2000年1月，碧波卫生院在境内设立社区服务中心。,
宝南村钱家村里浜,宝南村钱家村里浜,waterway,review,medium,1,1,2000,2000,2000,2000,1,开发区建设,context_sentence,,,,,missing,,,在高德矢量底图逐项核对同名或近名标签,浜居民生活小区。1998年9月，宝尹村港南浜20户居民搬迁至朱塔浜居民生活小区。2000年6月，宝南村钱家村里浜17户、金家村16户居民搬迁至朱塔浜居民生活小区。7月，宝尹村牛桩浜27户、泥河田23户居民搬迁,2000年6月，宝南村钱家村里浜17户、金家村16户居民搬迁至朱塔浜居民生活小区。,
宝南纸箱厂,宝南纸箱厂,industry,review,medium,3,1,2000,2000,2000,2000,1,开发区建设,context_sentence,,,,,missing,,,在高德矢量底图逐项核对同名或近名标签,州》明信片图录，入选人民中国杂志社出版、苏州外文书店发行的《苏州》明信片图录。是年，宝尹酱品厂、宝南纸箱厂建成投产。是年，宝南村首建村部办公楼，建筑面积为360平方米，占地面积为1650平方米。1988,2000年8月，宝南纸箱厂转制出让给原承包人经营，性质改为私营企业。,
钱家村里浜,钱家村里浜,waterway,review,medium,1,1,2000,2000,2000,2000,1,开发区建设,context_sentence,,,,,missing,,,在高德矢量底图逐项核对同名或近名标签,米，比历史最高水位高0.28米。境内组织基干民兵突击队，日夜守护围圩救险。2000年6月至8月，钱家村里浜17户居民、金家村16户居民搬迁至朱塔浜。8月14日，宝南纸箱厂转制给原承包人经营，性质由集体企,2000年6月至8月，钱家村里浜17户居民、金家村16户居民搬迁至朱塔浜。 || 2000年6月，宝南村钱家村里浜17户、金家村16户居民搬迁至朱塔浜居民生活小区。,
宝尹工业小区,宝尹工业小区,industry,review,medium,3,1,2001,2001,2005,2001;2005,2,开发区建设,context_sentence,,,,,missing,,,在高德矢量底图逐项核对同名或近名标签,桥区域工业商贸用房短缺。境内宝尹、宝南两村抓住商机，在2001年12月后投资2758万元，建起了宝尹工业小区、宝信工业坊。境域在建设工业用房的同时，投资兴建商贸用房、职工宿舍，还与人合作投资建设工业、商贸,境内宝尹、宝南两村抓住商机，在2001年12月后投资2758万元，建起了宝尹工业小区、宝信工业坊。 || 2005年12月，投资1091万元，在宝尹工业小区建起3280平方米、6850平方米的两幢标准厂房，对外招租。,
吴中区,吴中区,admin_context,context,low,2,1,2001,1950,2020,1950;1956;1996;2001;2003;2004;2005;2006;2007;2008;2009;2012;2013;2016;2017;2020,16,开发区建设,manual_anchor,2001年2月吴县撤市建区，境域隶属苏州市吴中区,,,,missing,,,作为边界/方位参照，不一定在辖区内单独标注,聪明才智、勤劳双手，在新时代新征程中，牢记使命，不负韶华，做出新的贡献，书写新的篇章。中共苏州市吴中区城南街道宝带桥社区委员会书记苏州市吴中区城南街道宝带桥社区居民委员会主任21目录概述……,2001年2月，吴县撤市建区（吴中区、相城区），境域隶属苏州市吴中区。 || 2001年2月，吴县撤市建区（吴中区、相城区），境域隶属苏州市吴中区。 || 2004年6月，吴中区城南街道办事处成立，境域隶属城南街道办事处。,
宝尹新村,宝尹新村,residential,review,medium,3,1,2003,2003,2003,2003,1,开发区建设,context_sentence,,,,,missing,,,在高德矢量底图逐项核对同名或近名标签,宅230宝尹花园144号老村改造董才林自建住宅230宝尹花园145号老村改造董夯男自建住宅230宝尹新村146号老村改造沈志明自建住宅230宝尹花园147号老村改造续表188房屋产权人房屋性质面,2000.122002.12战士朱伟宝尹2组2000.122005.12班长姚冬冬宝尹9组2000.122005.11班长朱建宝尹花园114号2001.122004.12班长陆金良宝尹花园133号2001.122003.12战士胡遵标宝尹花园44号2001.122003.12班长沈良西下田48号2001.122002.11战士江华宝尹4组2002.112004.12炊事员钱月宝尹1组2002.122004.12上等兵李晓宝尹2组2005.122007.12话务员沈平钱家新村24号2006.122008.12战士乔龙宝尹新村154号2006.122011.12班长沈奕下田65号2007.112009.10战士陈杰宝南小村40号2007.122012.12战士江顺成宝尹4组2009.122011.12战士沈康康宝尹3组2010.122012.12战士沈强宝尹3组2010.122012.12战士沈嘉炜西下田5号2011.122013.12战士朱晓风下田46号2013.92015.8战士俞志荣宝尹8组2014.92016.9战士第二节荣誉一、集体荣誉2003年7月，苏州吴中经济开发区管委会授予宝带桥居委会“2003年度吴中经济开续表300发,
城南街道,城南街道,admin_context,context,low,6,1,2004,2004,2020,2004;2005;2006;2009;2010;2014;2016;2017;2020,9,社区成立与城市更新,manual_anchor,2004年6月吴中区城南街道办事处成立,,,,missing,,,作为边界/方位参照，不一定在辖区内单独标注,智、勤劳双手，在新时代新征程中，牢记使命，不负韶华，做出新的贡献，书写新的篇章。中共苏州市吴中区城南街道宝带桥社区委员会书记苏州市吴中区城南街道宝带桥社区居民委员会主任21目录概述………………,2004年6月，吴中区城南街道办事处成立，境域隶属城南街道办事处。 || 2004年6月，吴中区城南街道办事处成立，境域隶属城南街道办事处。 || 2017年2月5日，吴中区城南街道党工委、街道办事处对境内阳光扶贫挂钩对象马建明、抗美援朝老兵戈洪福走访慰问。,
迎春路,迎春路,road,review,medium,6,1,2006,2006,2010,2006;2010,2,社区成立与城市更新,context_sentence,,,,,missing,,,在高德矢量底图逐项核对同名或近名标签,考核小组，对境内保洁员制定岗位责任制，进行长效管理。是月，吴中区公安分局城南交警中队在石湖东路、迎春路十字路口设置交通安全教育站。4月，宝带桥社区倡导境内百姓在清明期间通过网上祭祀、居家追思途径纪念,月月快餐店2006年3月开张，位于迎春路117-3号。 || 东盛宾馆2010年4月开张，位于迎春路117号。,
党群服务中心,党群服务中心,service_facility,review,medium,10,1,2008,1956,2020,1956;1964;2008;2017;2020,5,社区成立与城市更新,context_sentence,,,,,missing,,,在高德矢量底图逐项核对同名或近名标签,辉映水润姑苏”的文章，介绍大运河文化带的世界文化遗产——宝带桥。8月29日上午，宝带桥社区举行党群服务中心新楼竣工揭幕仪式。9月26日上午，吴中区人大常委会主任张炳华带领区人大常委会委员一行9人，在区教,2017年12月，设立了党群服务中心，对居民社会保障、困难救助、优生优育、法律咨询、妇幼维权等进行开放式、一站式服务。 || 一、社区党群服务中心2008年3月，宝带桥社区成立居民来访接待中心。 || 2017年2月，宝带桥社区设立党群服务中心大厅，面积200平方米，配有固定电话、计算机、复印机，设置公示栏、投诉箱，公开相关事项，并以台卡标明服务项目。,
老年活动中心,老年活动中心,service_facility,review,medium,5,1,2012,2012,2012,2012,1,社区成立与城市更新,context_sentence,,,,,missing,,,在高德矢量底图逐项核对同名或近名标签,碧波中学建成开学。是年，宝尹居民家家装上了高清数字电视。是年，宝南居委会投资建成下田社区医务室和老年活动中心，建筑面积540平方米。是年，朱塔浜南岸18户居民、塘里（澹台湖西岸）6户居民搬迁至钱家新村居民,2012年1月，在宝尹花园居民生活小区内建设休闲公园和老年活动中心。,
宝信工业坊,宝信工业坊,industry,review,medium,5,1,2015,2001,2017,2001;2017,2,运河文旅更新,manual_anchor,社区志记载宝信工业坊竣工,,,,missing,,,在高德矢量底图逐项核对同名或近名标签,335.3平方米，建筑面积15153.48平方米）。是月，宝带桥社区投资1229万元建设的东湖“宝信工业坊”竣工（系7049平方米标准厂房一幢）。2015年1月，1100米的金家村河清淤污泥9000立方,境内宝尹、宝南两村抓住商机，在2001年12月后投资2758万元，建起了宝尹工业小区、宝信工业坊。 || 2017年12月，境内在宝信工业坊安装1台500千伏安变压器，宝带桥大厦安装2台2000千伏安变压器。,
碧波荡,碧波荡,water,review,medium,2,1,2015,2015,2015,2015,1,运河文旅更新,context_sentence,,,,,missing,,,在高德矢量底图逐项核对同名或近名标签,9.57续表第三章澹台湖·宝带桥境域的水以澹台湖为目，桥以宝带桥为脊。澹台湖绿水清萍，碧波荡漾，为春秋时期孔子弟子澹台灭明结庐修学之地；宝带桥建于唐代元和年间，横跨湖口，薄墩连拱。历代文人,录自2015年5月广陵书社《苏州诱惑》宝带桥凌波见匠心吴县文管及历经沧桑的宝带桥，像一条长龙踞卧于碧波荡漾的运河侧畔、澹台湖口，不仅肩负南北通衢，古来纤夫旅客深蒙其利，且造型精致，为祖国河山增妍添媚。,
宝带桥商业大厦,宝带桥商业大厦,commercial,review,medium,3,1,2016,2014,2014,2014,1,运河文旅更新,manual_anchor,2016年12月宝带桥商业大厦竣工,,,,missing,,,在高德矢量底图逐项核对同名或近名标签,治第一期建设项目正式启动，2016年9月2日竣工。12月18日，宝带桥社区投资4380万元建设的宝带桥商业大厦竣工（占地面积3335.3平方米，建筑面积15153.48平方米）。是月，宝带桥社区投资1229,2014年12月，投资4380万元，建起占地面积3335.3平方米、建筑面积15153.48平方米的宝带桥商业大厦，对外出租。,
下田港,下田港,waterway,review,medium,2,1,2017,2005,2020,2005;2017;2020,3,运河文旅更新,context_sentence,,,,,missing,,,在高德矢量底图逐项核对同名或近名标签,家文化公园——宝带桥·澹台湖核心展示园）位于苏州吴中区核心地带，东至吴东路，北至京杭大运河，西至下田港，南抵石湖东路，规划总面积为105万平方米（含水面），已建成的一期项目总面积为44万平方米（含水,录自2005年6月古吴轩出版社《苏州邮缘》，作者：周治华80第三节宝带桥·澹台湖景区一、概貌宝带桥·澹台湖景区（2020年更名为大运河国家文化公园——宝带桥·澹台湖核心展示园）位于苏州吴中区核心地带，东至吴东路，北至京杭大运河，西至下田港，南抵石湖东路，规划总面积为105万平方米（含水面），已建成的一期项目总面积为44万平方米（含水面）。 || 2017年1月，清淤800米长的下田港，清淤污泥7000立方米。,
兴福庵桥,兴福庵桥,bridge,review,medium,1,1,2017,1995,2017,1995;2017,2,运河文旅更新,context_sentence,,,,,missing,,,在高德矢量底图逐项核对同名或近名标签,桥、王家浜竹桥、馨欣桥、迎丰桥、梁家桥、跃进1号桥、跃进2号桥、胜利桥、红星桥、朱家桥、公路桥、兴福庵桥、潘家桥、牛桩浜桥、金家桥、新开河桥、外浜桥、钱家桥、朱塔浜水泥桥、朱塔浜木头桥、幸福桥、塘角桥,·澹台湖景区景观桥2017.12钢结构拱桥110318表5-41995—2017年宝带桥社区境域拆除旧桥、危桥统计表地址桥名拆除时间备注宝南东下田廿五基桥1995.10宝尹王家浜王家浜桥1996.1竹桥宝尹东南港馨欣桥1996.10宝尹泥河港迎丰桥1996.10宝尹泥河港梁家桥1996.10宝尹泥河港跃进1号桥1996.10宝尹泥河港跃进2号桥1996.10宝尹沿字港胜利桥1996.10宝尹西南港红星桥1996.10混凝土拱桥宝尹泥河田港朱家桥1996.10石拱桥宝带桥西侧公路桥1998.8多孔连翼公路桥宝南金家村兴福庵桥2001.1宝尹泥河田潘家桥2002.1宝尹牛桩浜牛桩浜桥2002.1石拱桥宝南金家村金家桥2002.3水泥石拱桥宝南金家村新开河桥2002.3宝南钱家村外浜桥2003.1170地址桥名拆除时间备注宝南钱家村钱家桥2003.1宝南朱塔浜水泥桥2004.2宝南朱塔浜木头桥2004.2宝南下田村幸福桥2015.2宝南下田村塘角桥2016.2宝南西下田竹头桥2017.2宝南下田村兴隆桥2017.2三、供电供水供电旧时，境内当地居民夜间照明靠火油灯、蜡烛，操办婚丧之事则租用汽灯。,
兴隆河,兴隆河,waterway,review,medium,3,1,2017,1968,2017,1968;2017,2,运河文旅更新,context_sentence,,,,,missing,,,在高德矢量底图逐项核对同名或近名标签,桥、下塔里桥、石湖东路公路桥、钱家桥、金家桥、8号不锈钢栏桥等桥梁；开拓疏通了钱家村河、黄家浜、兴隆河、金家村河、跃进河、澹台湖北运河、牛桩浜东港、金家河、金星内河、新华内河等河道，并对村庄进行旧房,第五章城市化建设168表5-21968—2017年宝带桥社区境域开拓、疏通河道统计表开拓时间河道名称长度/米备注1968.1钱家村河5001968.1黄家浜2501968.1兴隆河4001972.1金家村河20001974.8内河2条12501974.8内河2条12501976.1跃进河12001989.9澹台湖北运河1000为保护宝带桥开拓1996.3牛桩浜东港5002002.1金家河300与宝尹村牛桩浜衔接桥梁境域为水乡，旧时跨越河湖的桥梁除宝带桥之外，多为小桥，且是简陋木桥、竹桥。,
宝尹泥河港梁家桥,宝尹泥河港梁家桥,bridge,review,medium,1,1,2017,1995,2017,1995;2017,2,运河文旅更新,context_sentence,,,,,missing,,,在高德矢量底图逐项核对同名或近名标签,0宝尹王家浜王家浜桥1996.1竹桥宝尹东南港馨欣桥1996.10宝尹泥河港迎丰桥1996.10宝尹泥河港梁家桥1996.10宝尹泥河港跃进1号桥1996.10宝尹泥河港跃进2号桥1996.10宝尹沿字港胜利,2迎春南路钱家桥1995.10简支空心板梁4239.6迎春南路7号桥1998.3简支空心板梁1335.3迎春南路8号桥1998.3简支空心板梁1635.5宝丰路9号桥1998.4简支空心板梁1312迎春南路金家桥2003.3简支空心板梁13.138.9宝带桥·澹台湖景区景观桥2017.12钢结构拱桥110318表5-41995—2017年宝带桥社区境域拆除旧桥、危桥统计表地址桥名拆除时间备注宝南东下田廿五基桥1995.10宝尹王家浜王家浜桥1996.1竹桥宝尹东南港馨欣桥1996.10宝尹泥河港迎丰桥1996.10宝尹泥河港梁家桥1996.10宝尹泥河港跃进1号桥1996.10宝尹泥河港跃进2号桥1996.10宝尹沿字港胜利桥1996.10宝尹西南港红星桥1996.10混凝土拱桥宝尹泥河田港朱家桥1996.10石拱桥宝带桥西侧公路桥1998.8多孔连翼公路桥宝南金家村兴福庵桥2001.1宝尹泥河田潘家桥2002.1宝尹牛桩浜牛桩浜桥2002.1石拱桥宝南金家村金家桥2002.3水泥石拱桥宝南金家村新开河桥2002.3宝南钱家村外浜桥2003.1170地址桥名拆除时间备注宝南钱家村钱家桥2003.1宝南朱塔浜水泥桥2004.2宝南朱塔浜木头桥,
宝尹泥河港迎丰桥,宝尹泥河港迎丰桥,bridge,review,medium,1,1,2017,1995,2017,1995;2017,2,运河文旅更新,context_sentence,,,,,missing,,,在高德矢量底图逐项核对同名或近名标签,宝南东下田廿五基桥1995.10宝尹王家浜王家浜桥1996.1竹桥宝尹东南港馨欣桥1996.10宝尹泥河港迎丰桥1996.10宝尹泥河港梁家桥1996.10宝尹泥河港跃进1号桥1996.10宝尹泥河港跃进2号,5.10简支空心板梁1213.2迎春南路钱家桥1995.10简支空心板梁4239.6迎春南路7号桥1998.3简支空心板梁1335.3迎春南路8号桥1998.3简支空心板梁1635.5宝丰路9号桥1998.4简支空心板梁1312迎春南路金家桥2003.3简支空心板梁13.138.9宝带桥·澹台湖景区景观桥2017.12钢结构拱桥110318表5-41995—2017年宝带桥社区境域拆除旧桥、危桥统计表地址桥名拆除时间备注宝南东下田廿五基桥1995.10宝尹王家浜王家浜桥1996.1竹桥宝尹东南港馨欣桥1996.10宝尹泥河港迎丰桥1996.10宝尹泥河港梁家桥1996.10宝尹泥河港跃进1号桥1996.10宝尹泥河港跃进2号桥1996.10宝尹沿字港胜利桥1996.10宝尹西南港红星桥1996.10混凝土拱桥宝尹泥河田港朱家桥1996.10石拱桥宝带桥西侧公路桥1998.8多孔连翼公路桥宝南金家村兴福庵桥2001.1宝尹泥河田潘家桥2002.1宝尹牛桩浜牛桩浜桥2002.1石拱桥宝南金家村金家桥2002.3水泥石拱桥宝南金家村新开河桥2002.3宝南钱家村外浜桥2003.1170地址桥名拆除时间备注宝南钱家村钱家桥2003.1宝南朱塔浜水泥,
宝尹泥河田潘家桥,宝尹泥河田潘家桥,bridge,review,medium,1,1,2017,1995,2017,1995;2017,2,运河文旅更新,context_sentence,,,,,missing,,,在高德矢量底图逐项核对同名或近名标签,家桥1996.10石拱桥宝带桥西侧公路桥1998.8多孔连翼公路桥宝南金家村兴福庵桥2001.1宝尹泥河田潘家桥2002.1宝尹牛桩浜牛桩浜桥2002.1石拱桥宝南金家村金家桥2002.3水泥石拱桥宝南金家村,017.12钢结构拱桥110318表5-41995—2017年宝带桥社区境域拆除旧桥、危桥统计表地址桥名拆除时间备注宝南东下田廿五基桥1995.10宝尹王家浜王家浜桥1996.1竹桥宝尹东南港馨欣桥1996.10宝尹泥河港迎丰桥1996.10宝尹泥河港梁家桥1996.10宝尹泥河港跃进1号桥1996.10宝尹泥河港跃进2号桥1996.10宝尹沿字港胜利桥1996.10宝尹西南港红星桥1996.10混凝土拱桥宝尹泥河田港朱家桥1996.10石拱桥宝带桥西侧公路桥1998.8多孔连翼公路桥宝南金家村兴福庵桥2001.1宝尹泥河田潘家桥2002.1宝尹牛桩浜牛桩浜桥2002.1石拱桥宝南金家村金家桥2002.3水泥石拱桥宝南金家村新开河桥2002.3宝南钱家村外浜桥2003.1170地址桥名拆除时间备注宝南钱家村钱家桥2003.1宝南朱塔浜水泥桥2004.2宝南朱塔浜木头桥2004.2宝南下田村幸福桥2015.2宝南下田村塘角桥2016.2宝南西下田竹头桥2017.2宝南下田村兴隆桥2017.2三、供电供水供电旧时，境内当地居民夜间照明靠火油灯、蜡烛，操办婚丧之事则租用汽灯。,
宝尹西南港红星桥,宝尹西南港红星桥,bridge,review,medium,1,1,2017,1995,2017,1995;2017,2,运河文旅更新,context_sentence,,,,,missing,,,在高德矢量底图逐项核对同名或近名标签,尹泥河港跃进1号桥1996.10宝尹泥河港跃进2号桥1996.10宝尹沿字港胜利桥1996.10宝尹西南港红星桥1996.10混凝土拱桥宝尹泥河田港朱家桥1996.10石拱桥宝带桥西侧公路桥1998.8多孔连,3简支空心板梁1635.5宝丰路9号桥1998.4简支空心板梁1312迎春南路金家桥2003.3简支空心板梁13.138.9宝带桥·澹台湖景区景观桥2017.12钢结构拱桥110318表5-41995—2017年宝带桥社区境域拆除旧桥、危桥统计表地址桥名拆除时间备注宝南东下田廿五基桥1995.10宝尹王家浜王家浜桥1996.1竹桥宝尹东南港馨欣桥1996.10宝尹泥河港迎丰桥1996.10宝尹泥河港梁家桥1996.10宝尹泥河港跃进1号桥1996.10宝尹泥河港跃进2号桥1996.10宝尹沿字港胜利桥1996.10宝尹西南港红星桥1996.10混凝土拱桥宝尹泥河田港朱家桥1996.10石拱桥宝带桥西侧公路桥1998.8多孔连翼公路桥宝南金家村兴福庵桥2001.1宝尹泥河田潘家桥2002.1宝尹牛桩浜牛桩浜桥2002.1石拱桥宝南金家村金家桥2002.3水泥石拱桥宝南金家村新开河桥2002.3宝南钱家村外浜桥2003.1170地址桥名拆除时间备注宝南钱家村钱家桥2003.1宝南朱塔浜水泥桥2004.2宝南朱塔浜木头桥2004.2宝南下田村幸福桥2015.2宝南下田村塘角桥2016.2宝南西下田竹头桥2017.2宝南下田村兴隆桥2017.2三、,
澹台湖北运河,澹台湖北运河,waterway,review,medium,1,1,2017,1968,2017,1968;2017,2,运河文旅更新,context_sentence,,,,,missing,,,在高德矢量底图逐项核对同名或近名标签,桥、钱家桥、金家桥、8号不锈钢栏桥等桥梁；开拓疏通了钱家村河、黄家浜、兴隆河、金家村河、跃进河、澹台湖北运河、牛桩浜东港、金家河、金星内河、新华内河等河道，并对村庄进行旧房改造、动迁安置；居民生活小区实施,第五章城市化建设168表5-21968—2017年宝带桥社区境域开拓、疏通河道统计表开拓时间河道名称长度/米备注1968.1钱家村河5001968.1黄家浜2501968.1兴隆河4001972.1金家村河20001974.8内河2条12501974.8内河2条12501976.1跃进河12001989.9澹台湖北运河1000为保护宝带桥开拓1996.3牛桩浜东港5002002.1金家河300与宝尹村牛桩浜衔接桥梁境域为水乡，旧时跨越河湖的桥梁除宝带桥之外，多为小桥，且是简陋木桥、竹桥。,
牛桩浜东港,牛桩浜东港,waterway,review,medium,3,1,2017,1968,2017,1968;2017,2,运河文旅更新,context_sentence,,,,,missing,,,在高德矢量底图逐项核对同名或近名标签,家桥、8号不锈钢栏桥等桥梁；开拓疏通了钱家村河、黄家浜、兴隆河、金家村河、跃进河、澹台湖北运河、牛桩浜东港、金家河、金星内河、新华内河等河道，并对村庄进行旧房改造、动迁安置；居民生活小区实施环境、卫生、,第五章城市化建设168表5-21968—2017年宝带桥社区境域开拓、疏通河道统计表开拓时间河道名称长度/米备注1968.1钱家村河5001968.1黄家浜2501968.1兴隆河4001972.1金家村河20001974.8内河2条12501974.8内河2条12501976.1跃进河12001989.9澹台湖北运河1000为保护宝带桥开拓1996.3牛桩浜东港5002002.1金家河300与宝尹村牛桩浜衔接桥梁境域为水乡，旧时跨越河湖的桥梁除宝带桥之外，多为小桥，且是简陋木桥、竹桥。,
牛桩浜桥,牛桩浜桥,bridge,review,medium,1,1,2017,1995,2017,1995;2017,2,运河文旅更新,context_sentence,,,,,missing,,,在高德矢量底图逐项核对同名或近名标签,欣桥、迎丰桥、梁家桥、跃进1号桥、跃进2号桥、胜利桥、红星桥、朱家桥、公路桥、兴福庵桥、潘家桥、牛桩浜桥、金家桥、新开河桥、外浜桥、钱家桥、朱塔浜水泥桥、朱塔浜木头桥、幸福桥、塘角桥、下田竹头桥、兴隆,-41995—2017年宝带桥社区境域拆除旧桥、危桥统计表地址桥名拆除时间备注宝南东下田廿五基桥1995.10宝尹王家浜王家浜桥1996.1竹桥宝尹东南港馨欣桥1996.10宝尹泥河港迎丰桥1996.10宝尹泥河港梁家桥1996.10宝尹泥河港跃进1号桥1996.10宝尹泥河港跃进2号桥1996.10宝尹沿字港胜利桥1996.10宝尹西南港红星桥1996.10混凝土拱桥宝尹泥河田港朱家桥1996.10石拱桥宝带桥西侧公路桥1998.8多孔连翼公路桥宝南金家村兴福庵桥2001.1宝尹泥河田潘家桥2002.1宝尹牛桩浜牛桩浜桥2002.1石拱桥宝南金家村金家桥2002.3水泥石拱桥宝南金家村新开河桥2002.3宝南钱家村外浜桥2003.1170地址桥名拆除时间备注宝南钱家村钱家桥2003.1宝南朱塔浜水泥桥2004.2宝南朱塔浜木头桥2004.2宝南下田村幸福桥2015.2宝南下田村塘角桥2016.2宝南西下田竹头桥2017.2宝南下田村兴隆桥2017.2三、供电供水供电旧时，境内当地居民夜间照明靠火油灯、蜡烛，操办婚丧之事则租用汽灯。,
钱家村河,钱家村河,waterway,review,medium,4,1,2017,1968,2017,1968;2017,2,运河文旅更新,context_sentence,,,,,missing,,,在高德矢量底图逐项核对同名或近名标签,丰路；构筑了古塘河桥、下塔里桥、石湖东路公路桥、钱家桥、金家桥、8号不锈钢栏桥等桥梁；开拓疏通了钱家村河、黄家浜、兴隆河、金家村河、跃进河、澹台湖北运河、牛桩浜东港、金家河、金星内河、新华内河等河道，,第五章城市化建设168表5-21968—2017年宝带桥社区境域开拓、疏通河道统计表开拓时间河道名称长度/米备注1968.1钱家村河5001968.1黄家浜2501968.1兴隆河4001972.1金家村河20001974.8内河2条12501974.8内河2条12501976.1跃进河12001989.9澹台湖北运河1000为保护宝带桥开拓1996.3牛桩浜东港5002002.1金家河300与宝尹村牛桩浜衔接桥梁境域为水乡，旧时跨越河湖的桥梁除宝带桥之外，多为小桥，且是简陋木桥、竹桥。,
下田村南港河,下田村南港河,waterway,review,medium,1,1,,,,,0,无明确时间,,,,,,missing,,,在高德矢量底图逐项核对同名或近名标签,园居民生活区奠基动工。一、王家浜（村）王家浜位于境域东南，东为尤字港，南临南浜，西为泥和田，北连下田村南港河（又名马桶河）。1950年3月，王家浜隶属吴县车坊区宝带乡；4月15日，隶属吴县枫桥区尹西乡。1,,
东湖,东湖,water,review,medium,3,1,,,,,0,无明确时间,,,,,,missing,,,在高德矢量底图逐项核对同名或近名标签,水利局核准。是月20日，苏州市人民政府同意设立并批复成立吴中区城南街道办事处，下辖宝带桥、红庄、东湖、南石湖、龙南、新江、碧波、白云街、南港、吴中商城、盛丰苑、商贸城、桂苑等13个社区（村）居委会,,
太太庙,太太庙,religious_site,review,medium,3,1,,,,,0,无明确时间,,,,,,missing,,,在高德矢量底图逐项核对同名或近名标签,场所，现在里面竖立着一块《重修宝带桥记碑》。宝带桥的北面是一块空地，村民在那里造了一座澹台子祠暨太太庙，供奉澹台灭明、太太等。澹台灭明就是孔子的学生，宝带桥就建在澹台湖上，供奉澹台灭明顺理成章。录自,,
威尼斯花园,威尼斯花园,residential,review,medium,3,1,,,,,0,无明确时间,,,,,,missing,,,在高德矢量底图逐项核对同名或近名标签,就在澹台湖大桥南端的东侧。新建的澹台湖公园，北临京杭大运河，东北部是澹台湖与运河的交汇处，东南是威尼斯花园别墅，西靠澹台湖大桥南端，正南面向白云街，大门就设在此处，与威尼斯花园大门相邻。公园大约有百八十,,
宝南下田村兴隆桥,宝南下田村兴隆桥,bridge,review,medium,1,1,,,,,0,无明确时间,,,,,,missing,,,在高德矢量底图逐项核对同名或近名标签,2004.2宝南下田村幸福桥2015.2宝南下田村塘角桥2016.2宝南西下田竹头桥2017.2宝南下田村兴隆桥2017.2三、供电供水供电旧时，境内当地居民夜间照明靠火油灯、蜡烛，操办婚丧之事则租用汽灯。,,
宝南下田村塘角桥,宝南下田村塘角桥,bridge,review,medium,1,1,,,,,0,无明确时间,,,,,,missing,,,在高德矢量底图逐项核对同名或近名标签,2003.1宝南朱塔浜水泥桥2004.2宝南朱塔浜木头桥2004.2宝南下田村幸福桥2015.2宝南下田村塘角桥2016.2宝南西下田竹头桥2017.2宝南下田村兴隆桥2017.2三、供电供水供电旧时，境内,,
宝南下田村幸福桥,宝南下田村幸福桥,bridge,review,medium,1,1,,,,,0,无明确时间,,,,,,missing,,,在高德矢量底图逐项核对同名或近名标签,拆除时间备注宝南钱家村钱家桥2003.1宝南朱塔浜水泥桥2004.2宝南朱塔浜木头桥2004.2宝南下田村幸福桥2015.2宝南下田村塘角桥2016.2宝南西下田竹头桥2017.2宝南下田村兴隆桥2017.2,,
宝南中心河,宝南中心河,waterway,review,medium,4,1,,,,,0,无明确时间,,,,,,missing,,,在高德矢量底图逐项核对同名或近名标签,域在20世纪90年代初期，共有大小内河流39条，总长度16555米。南北纵向的骨干河道有古运河、宝南中心河（原北为廿五港，南为泥河田港）和古塘河；东西纵向的骨干河道有泥河田港（原为宝尹南港河）、跃进河、,,
宝南拼线厂,宝南拼线厂,industry,review,medium,2,1,,,,,0,无明确时间,,,,,,missing,,,在高德矢量底图逐项核对同名或近名标签,南村的钱家村、金家村拆除原简易竹桥、木桥，建起石拱桥。1985年4月，宝南织布厂迁移扩容。6月，宝南拼线厂就地扩容。10月，宝南汽车改装厂成立开业。11月，开展第一个五年普法教育，简称“一五”普法教育。,,
宝南朱塔浜木头桥,宝南朱塔浜木头桥,bridge,review,medium,1,1,,,,,0,无明确时间,,,,,,missing,,,在高德矢量底图逐项核对同名或近名标签,03.1170地址桥名拆除时间备注宝南钱家村钱家桥2003.1宝南朱塔浜水泥桥2004.2宝南朱塔浜木头桥2004.2宝南下田村幸福桥2015.2宝南下田村塘角桥2016.2宝南西下田竹头桥2017.2,,
宝南朱塔浜水泥桥,宝南朱塔浜水泥桥,bridge,review,medium,1,1,,,,,0,无明确时间,,,,,,missing,,,在高德矢量底图逐项核对同名或近名标签,02.3宝南钱家村外浜桥2003.1170地址桥名拆除时间备注宝南钱家村钱家桥2003.1宝南朱塔浜水泥桥2004.2宝南朱塔浜木头桥2004.2宝南下田村幸福桥2015.2宝南下田村塘角桥2016.2,,
宝南汽车改装厂,宝南汽车改装厂,industry,review,medium,1,1,,,,,0,无明确时间,,,,,,missing,,,在高德矢量底图逐项核对同名或近名标签,易竹桥、木桥，建起石拱桥。1985年4月，宝南织布厂迁移扩容。6月，宝南拼线厂就地扩容。10月，宝南汽车改装厂成立开业。11月，开展第一个五年普法教育，简称“一五”普法教育。是年，长桥公社始建治安联防队，境,,
宝南西下田竹头桥,宝南西下田竹头桥,bridge,review,medium,1,1,,,,,0,无明确时间,,,,,,missing,,,在高德矢量底图逐项核对同名或近名标签,2004.2宝南朱塔浜木头桥2004.2宝南下田村幸福桥2015.2宝南下田村塘角桥2016.2宝南西下田竹头桥2017.2宝南下田村兴隆桥2017.2三、供电供水供电旧时，境内当地居民夜间照明靠火油灯、蜡,,
宝南钱家村外浜桥,宝南钱家村外浜桥,bridge,review,medium,1,1,,,,,0,无明确时间,,,,,,missing,,,在高德矢量底图逐项核对同名或近名标签,浜牛桩浜桥2002.1石拱桥宝南金家村金家桥2002.3水泥石拱桥宝南金家村新开河桥2002.3宝南钱家村外浜桥2003.1170地址桥名拆除时间备注宝南钱家村钱家桥2003.1宝南朱塔浜水泥桥2004,,
宝尹制件厂,宝尹制件厂,industry,review,medium,1,1,,,,,0,无明确时间,,,,,,missing,,,在高德矢量底图逐项核对同名或近名标签,游》明信片图录。12月15日，撤乡建镇，实行镇管村体制，长桥乡改称长桥镇，境域隶属长桥镇。是年，宝尹制件厂建成投产。1987年4月15日，宝尹村陈志明当选吴县第九届人民代表大会代表；28日，宝尹村江根土,,
宝尹南港河,宝尹南港河,waterway,review,medium,1,1,,,,,0,无明确时间,,,,,,missing,,,在高德矢量底图逐项核对同名或近名标签,道有古运河、宝南中心河（原北为廿五港，南为泥河田港）和古塘河；东西纵向的骨干河道有泥河田港（原为宝尹南港河）、跃进河、金家村河、马桶港（原为宝南南港河）和苏南运河。加之各自然村的内河小溪，纵横交叉，起着,,
宝尹村泥河,宝尹村泥河,waterway,review,medium,1,1,,,,,0,无明确时间,,,,,,missing,,,在高德矢量底图逐项核对同名或近名标签,田、小村等5个居民生活小区，采用公拆自建方法，开始迁居。5月，居民生活区开始第一期拆迁改造搬迁：宝尹村泥河田114户、港南浜6户、王家浜63户，共计183户居民搬迁至朱塔浜居民生活区（后改名宝尹花园）。,,
宝尹村自建水塔,宝尹村自建水塔,heritage,review,medium,2,1,,,,,0,无明确时间,,,,,,missing,,,在高德矢量底图逐项核对同名或近名标签,苏州外文书店发行的《苏州风光》明信片图录，入选中国图书进出口公司出版的《苏州》明信片图录。4月，宝尹村自建水塔，村民喝上自来水。6月中旬，持续高温10多天，境域大旱。151989年4月，苏州市人民政府,,
宝尹酱品厂,宝尹酱品厂,industry,review,medium,1,1,,,,,0,无明确时间,,,,,,missing,,,在高德矢量底图逐项核对同名或近名标签,局发行的《苏州》明信片图录，入选人民中国杂志社出版、苏州外文书店发行的《苏州》明信片图录。是年，宝尹酱品厂、宝南纸箱厂建成投产。是年，宝南村首建村部办公楼，建筑面积为360平方米，占地面积为1650平方,,
小村廿五基桥,小村廿五基桥,bridge,review,medium,1,1,,,,,0,无明确时间,,,,,,missing,,,在高德矢量底图逐项核对同名或近名标签,位于吴家角西1台，位于馨欣桥边1台，均为50千伏安。同年，在金星第24社安装3台变压器，其中位于小村廿五基桥旁1台，位于钱家村1台，位于幸福桥东（饲料加工厂旁）1台，也均为50千伏安。1980年居民电视机,,
新华内河,新华内河,waterway,review,medium,2,1,,,,,0,无明确时间,,,,,,missing,,,在高德矢量底图逐项核对同名或近名标签,拓疏通了钱家村河、黄家浜、兴隆河、金家村河、跃进河、澹台湖北运河、牛桩浜东港、金家河、金星内河、新华内河等河道，并对村庄进行旧房改造、动迁安置；居民生活小区实施环境、卫生、安全等长效管理。宝带桥社区历,,
新华大队织布厂,新华大队织布厂,industry,review,medium,1,1,,,,,0,无明确时间,,,,,,missing,,,在高德矢量底图逐项核对同名或近名标签,0天无雨。11月下旬，150名基干民兵参加太浦河二期工程施工。是年，境内基本消灭血吸虫病。是年，新华大队织布厂、金星大队眼镜厂建成投产。1979年3月，根据中央文件精神，对13名改造好的地、富、反、坏分子“,,
新华拼线厂,新华拼线厂,industry,review,medium,1,1,,,,,0,无明确时间,,,,,,missing,,,在高德矢量底图逐项核对同名或近名标签,平整土地，至翌年12月，开挖河道4条。11月25日，组织150名基干民兵参加浏河拓宽工程。是年，新华拼线厂建成投产。1976年1月8日，周恩来逝世，村民自觉佩戴黑纱，开展悼念活动。是月，公社建立地震领导,,
朱塔浜木头桥,朱塔浜木头桥,bridge,review,medium,1,1,,,,,0,无明确时间,,,,,,missing,,,在高德矢量底图逐项核对同名或近名标签,桥、朱家桥、公路桥、兴福庵桥、潘家桥、牛桩浜桥、金家桥、新开河桥、外浜桥、钱家桥、朱塔浜水泥桥、朱塔浜木头桥、幸福桥、塘角桥、下田竹头桥、兴隆桥等23座。为了保护宝带桥古迹，苏（苏州）嘉（嘉兴）公路改道，,,
朱塔浜水泥桥,朱塔浜水泥桥,bridge,review,medium,1,1,,,,,0,无明确时间,,,,,,missing,,,在高德矢量底图逐项核对同名或近名标签,、胜利桥、红星桥、朱家桥、公路桥、兴福庵桥、潘家桥、牛桩浜桥、金家桥、新开河桥、外浜桥、钱家桥、朱塔浜水泥桥、朱塔浜木头桥、幸福桥、塘角桥、下田竹头桥、兴隆桥等23座。为了保护宝带桥古迹，苏（苏州）嘉（嘉,,
澹台湖上景观桥,澹台湖上景观桥,bridge,review,medium,1,1,,,,,0,无明确时间,,,,,,missing,,,在高德矢量底图逐项核对同名或近名标签,观前街东醋坊桥，人民路上饮马桥。拙政园里九曲桥，环城河上渡僧桥。古城苏州风光好，东南西北都有桥。澹台湖上景观桥，连环桥洞宝带桥。王江泾大桥高又高，不及彩云桥半身高。说书先生琵琶桥，年老体弱走平板桥。古城苏州,,
田度里小区公园,田度里小区公园,park,review,medium,2,1,,,,,0,无明确时间,,,,,,missing,,,在高德矢量底图逐项核对同名或近名标签,月，苏州市文化广电新闻出版局授予宝带桥社区“苏州市有线高清互动社区（村）”称号。是年，朱塔浜建成田度里小区公园、老年活动中心。是年，宝带桥社区投资90万元，在钱家新村、朱塔浜和下田村居民生活小区安装技防监控,,
西下田生活小区,西下田生活小区,residential,review,medium,1,1,,,,,0,无明确时间,,,,,,missing,,,在高德矢量底图逐项核对同名或近名标签,压器，宝带桥大厦安装2台2000千伏安变压器。宝尹花园生活小区安装8台变压器，每台350千伏安。西下田生活小区安装7台变压器，每台315千伏安。钱家新村安装11台变压器，每台315千伏安。境域合计安装变压电,,
金星内河,金星内河,waterway,review,medium,2,1,,,,,0,无明确时间,,,,,,missing,,,在高德矢量底图逐项核对同名或近名标签,等桥梁；开拓疏通了钱家村河、黄家浜、兴隆河、金家村河、跃进河、澹台湖北运河、牛桩浜东港、金家河、金星内河、新华内河等河道，并对村庄进行旧房改造、动迁安置；居民生活小区实施环境、卫生、安全等长效管理。宝,,
金星北港河,金星北港河,waterway,review,medium,1,1,,,,,0,无明确时间,,,,,,missing,,,在高德矢量底图逐项核对同名或近名标签,厂名创办时间地址经营项目注册资金/万元厂区面积/平方米从业人员/个备注牛桩浜砖瓦厂1973.11金星北港河南砖、瓦1.313000181987.5停办新华并线厂1975.3宝带桥南棉纱加工、并线4198,,
金星塑料厂,金星塑料厂,industry,review,medium,1,1,,,,,0,无明确时间,,,,,,missing,,,在高德矢量底图逐项核对同名或近名标签,至3时，8号台风袭击境域，最大风力达11级并连降暴雨，境内部分低洼稻田被淹，老旧房屋被毁。是年，金星塑料厂建成投产。1978年1月10日，150名基干民兵参加东太湖复堤工程建设。5月至9月，大旱，7月至,,
金星大队眼镜厂,金星大队眼镜厂,industry,review,medium,1,1,,,,,0,无明确时间,,,,,,missing,,,在高德矢量底图逐项核对同名或近名标签,下旬，150名基干民兵参加太浦河二期工程施工。是年，境内基本消灭血吸虫病。是年，新华大队织布厂、金星大队眼镜厂建成投产。1979年3月，根据中央文件精神，对13名改造好的地、富、反、坏分子“摘帽”。4月，长,,
金鸡湖,金鸡湖,water,review,medium,2,1,,,,,0,无明确时间,,,,,,missing,,,在高德矢量底图逐项核对同名或近名标签,《吴地记》以为子羽宅所陷。自此东过宝带桥入运河，分流入黄天荡、入陈湖（即今澄湖）、入金泾淹（即今金鸡湖）。”对于澹台灭明的墓葬所在，《姑苏志》第三十四卷同时记载：“澹台灭明墓在澹台湖傍，或曰在吴县西,,
钱家花园,钱家花园,residential,review,medium,3,1,,,,,0,无明确时间,,,,,,missing,,,在高德矢量底图逐项核对同名或近名标签,宅396钱家新村202号老村改造董才男自建住宅396钱家新村203号老村改造王庆丰自建住宅396钱家花园204号老村改造沈云龙自建住宅396钱家新村205号老村改造钱春龙自建住宅396钱家新村206号,,
黄天荡,黄天荡,water,review,medium,3,1,,,,,0,无明确时间,,,,,,missing,,,在高德矢量底图逐项核对同名或近名标签,观光之地。75第一节澹台湖澹台湖位于苏州古城之南，西界太湖，东过宝带桥入运河，分流入黄天荡、金泾河；直北正行经葑门环城为濠，至娄门东入娄江。澹台湖因春秋时期孔子弟子澹台灭明而得名。唐代的,,
宝带桥村,宝带桥村,historic_settlement,manual,medium,2,1,,,,,0,无明确时间,,,,,,missing,,,高德底图未必有历史地名标签，需人工补点或补面,和住所第五条名称：苏州市吴中区城南街道宝带桥社区股份合作社。第六条住所：苏州市吴中区城南街道宝带桥村。第三章业务范围第七条业务范围：本社自有资产的经营、管理、投资，本社房屋出租，物业管理，为合,,
郭巷公社,郭巷公社,historic_admin,manual,medium,4,1,,,,,0,无明确时间,,,,,,missing,,,高德底图未必有历史地名标签，需人工补点或补面,医疗费由公社、大队集体负担。是年，江苏农科院副院长、全国劳动生产模范陈永康率领10多名科技人员至郭巷公社长桥大队政点，做水稻高产示范试验，其间多次至境内指导和推广水稻高产栽培技术。1963年3月5日，,,
金星24社,金星24社,historic_admin,manual,medium,1,1,,,,,0,无明确时间,,,,,,missing,,,高德底图未必有历史地名标签，需人工补点或补面,。10月8日，宝带桥被列为江苏省文物保护单位。是年，长桥乡开展建立农业生产高级合作社运动，境域建金星24社、25社两个高级农业生产合作社。1957年3月，吴县撤区并乡，长桥乡并入郭巷乡，境域归属郭巷乡。,,
金星25社,金星25社,historic_admin,manual,medium,1,1,,,,,0,无明确时间,,,,,,missing,,,高德底图未必有历史地名标签，需人工补点或补面,民公社成立，实行集工农商学于一体、政社合一的体制，境域归属郭巷人民公社。金星24社改称新华大队，金星25社改称金星大队。是月，金星、新华大队实行营连制，大办食堂，并提出“放开肚皮吃饭，鼓足干劲生产”等口,,
吴中高新区,吴中高新区,admin_context,context,low,3,1,,,,,0,无明确时间,,,,,,missing,,,作为边界/方位参照，不一定在辖区内单独标注,1概述宝带桥社区坐落在长江三角洲腹地、上海经济区大都市圈内，东依大运河，分别与郭巷街道、吴中高新区相望，南接城南街道红庄社区，西连新江、龙南社区，北临江南运河；迎春南路穿越境域南北，石湖东路贯通,,
吴江区,吴江区,admin_context,context,low,1,1,,,,,0,无明确时间,,,,,,missing,,,作为边界/方位参照，不一定在辖区内单独标注,成立，是月，宝带桥社区境域划归吴县淞北区尹山乡。翌年3月，尹山乡析分长桥、宝带、尹山及青树（今属吴江区境域）4个乡，境域隶属宝带乡。4月，宝带乡并入长桥乡，青树乡并入尹西乡，境内金家村、钱家村、朱塔,,
红庄社区,红庄社区,admin_context,context,low,4,1,,,,,0,无明确时间,,,,,,missing,,,作为边界/方位参照，不一定在辖区内单独标注,在长江三角洲腹地、上海经济区大都市圈内，东依大运河，分别与郭巷街道、吴中高新区相望，南接城南街道红庄社区，西连新江、龙南社区，北临江南运河；迎春南路穿越境域南北，石湖东路贯通境域东西，交通便捷；境内有,,
郭巷街道,郭巷街道,admin_context,context,low,5,1,,,,,0,无明确时间,,,,,,missing,,,作为边界/方位参照，不一定在辖区内单独标注,带桥社区志1概述宝带桥社区坐落在长江三角洲腹地、上海经济区大都市圈内，东依大运河，分别与郭巷街道、吴中高新区相望，南接城南街道红庄社区，西连新江、龙南社区，北临江南运河；迎春南路穿越境域南北，,,
长桥街道,长桥街道,admin_context,context,low,1,1,,,,,0,无明确时间,,,,,,missing,,,作为边界/方位参照，不一定在辖区内单独标注,委主任、副处级退休徐金元男1955.9吴中区统战部通讯部主任、高级工程师退休姚永根男1956.8长桥街道正科级退休马卫东男1958.12北京军区空军后勤部高级工程师5级、文职2级吴林泉男1963.8城,,
