gazetteer_name,place_type,source,match_status,match_method,match_score,osm_name,osm_type,osm_id,osm_class,lon,lat
宝带桥社区,community,seed,matched,exact,1.0,宝带桥社区,node,5403148866,named,120.6402801,31.252537
宝带桥,heritage,seed,matched,exact,1.0,宝带桥,way,460257370,tourism:attraction,120.649476,31.2587641
澹台湖,water,seed,matched,exact,1.0,澹台湖,relation,7359510,natural:water,120.6457856,31.2578039
宝带桥·澹台湖景区,scenic,seed,unmatched,,0,,,,,,
宝带桥·澹台湖核心展示园,scenic,seed,unmatched,,0,,,,,,
大运河国家文化公园,scenic,seed,unmatched,,0,,,,,,
吴中博物馆,culture,seed,review,fuzzy,0.727,吴文化博物馆,way,1049631300,tourism:museum,120.6442089,31.2558181
吴文化博物馆,culture,seed,matched,exact,1.0,吴文化博物馆,way,1049631300,tourism:museum,120.6442089,31.2558181
大运河,waterway,seed,matched,exact,1.0,大运河,way,293947723,waterway:river,120.6449042,31.2770083
京杭大运河,waterway,seed,matched,exact,1.0,京杭大运河,way,148701483,waterway:canal,120.6569172,31.1275905
苏南运河,waterway,seed,unmatched,,0,,,,,,
江南运河,waterway,seed,unmatched,,0,,,,,,
东吴南路,road,seed,matched,exact,1.0,东吴南路,way,147991185,highway:primary,120.6252582,31.2638651
石湖东路,road,seed,matched,exact,1.0,石湖东路,way,443616410,highway:secondary,120.6438266,31.2520953
天灵路,road,seed,matched,exact,1.0,天灵路,way,343176075,highway:secondary,120.6323266,31.2473515
澄湖中路,road,seed,matched,exact,1.0,澄湖中路,way,541359954,highway:tertiary,120.6381702,31.2436063
澄湖东路,road,seed,matched,exact,1.0,澄湖东路,way,523332294,highway:tertiary,120.6498656,31.2434819
迎春南路,road,seed,matched,exact,1.0,迎春南路,way,523621575,highway:tertiary,120.6367146,31.2541242
宝通路,road,seed,matched,exact,1.0,宝通路,way,343176077,highway:tertiary,120.6468,31.2436335
宝丰路,road,seed,matched,exact,1.0,宝丰路,way,523332285,highway:tertiary,120.6374388,31.2416867
古塘河桥,bridge,seed,unmatched,,0,,,,,,
下塔里桥,bridge,seed,unmatched,,0,,,,,,
石湖东路公路桥,bridge,seed,review,fuzzy,0.727,石湖东路,relation,7719901,named,120.625324,31.2553757
石湖东路桥,bridge,seed,matched,contains,0.8,石湖东路,way,443616410,highway:secondary,120.6438266,31.2520953
钱家桥,bridge,seed,unmatched,,0,,,,,,
金家桥,bridge,seed,review,fuzzy,0.857,金家桥南,relation,18358653,named,120.6417547,31.2435817
新家桥,bridge,seed,matched,exact,1.0,新家桥,node,2716415638,railway:station,120.6106184,31.2584772
钱家村河,waterway,seed,unmatched,,0,,,,,,
黄家浜,waterway,seed,unmatched,,0,,,,,,
兴隆河,waterway,seed,unmatched,,0,,,,,,
金家村河,waterway,seed,unmatched,,0,,,,,,
跃进河,waterway,seed,unmatched,,0,,,,,,
澹台湖北运河,waterway,seed,unmatched,,0,,,,,,
牛桩浜东港,waterway,seed,unmatched,,0,,,,,,
金家河,waterway,seed,unmatched,,0,,,,,,
金星内河,waterway,seed,unmatched,,0,,,,,,
新华内河,waterway,seed,unmatched,,0,,,,,,
古塘河,waterway,seed,unmatched,,0,,,,,,
宝南中心河,waterway,seed,unmatched,,0,,,,,,
泥河田港,waterway,seed,unmatched,,0,,,,,,
马桶港,waterway,seed,unmatched,,0,,,,,,
钱家新村,residential,seed,review,fuzzy,0.75,姜家新村,way,1230040495,landuse:residential,120.6535801,31.2745093
宝尹花园,residential,seed,review,fuzzy,0.75,嘉宝花园,way,154409707,landuse:residential,120.6372185,31.2712671
西下田,settlement,seed,unmatched,,0,,,,,,
下田,settlement,seed,review,fuzzy,0.8,下田路,way,1049631301,highway:tertiary,120.6427471,31.2544472
小村,settlement,seed,unmatched,,0,,,,,,
金家村,settlement,seed,unmatched,,0,,,,,,
钱家村,settlement,seed,unmatched,,0,,,,,,
朱塔浜,settlement,seed,unmatched,,0,,,,,,
沉家浜,settlement,seed,unmatched,,0,,,,,,
泥河田,settlement,seed,unmatched,,0,,,,,,
王家浜,settlement,seed,unmatched,,0,,,,,,
港南浜,settlement,seed,unmatched,,0,,,,,,
吴家角,settlement,seed,unmatched,,0,,,,,,
牛桩浜,settlement,seed,unmatched,,0,,,,,,
宝尹,historic_admin,seed,unmatched,,0,,,,,,
宝南,historic_admin,seed,unmatched,,0,,,,,,
碧波实验小学,education,seed,unmatched,,0,,,,,,
碧波中学,education,seed,matched,exact,1.0,碧波中学,way,449710711,amenity:school,120.6378519,31.2524076
宝带桥公园,park,seed,matched,exact,1.0,宝带桥公园,node,10120115430,leisure:park,120.6505396,31.2635548
宝带桥商业大厦,commercial,seed,unmatched,,0,,,,,,
宝信工业坊,industrial,seed,unmatched,,0,,,,,,
田度里小区公园,park,seed,unmatched,,0,,,,,,
老年活动中心,service,seed,unmatched,,0,,,,,,
宝带桥南站,transport,seed,review,fuzzy,0.889,宝带桥南,node,11049376100,named,120.6437471,31.2519466
宝带桥南,transport,seed,matched,exact,1.0,宝带桥南,node,2969859603,railway:station,120.6439485,31.2520388
党群服务中心,service,seed,unmatched,,0,,,,,,
实事求是地全面反映宝带桥社区,community,regex,unmatched,,0,,,,,,
以宝带桥社区,community,regex,matched,contains,0.833,宝带桥社区,node,5403148866,named,120.6402801,31.252537
概述宝带桥社区,community,regex,review,fuzzy,0.727,宝带社区,node,5261903450,named,120.6387431,31.2673537
东依大运河,waterway,regex,unmatched,,0,,,,,,
南接城南街道红庄社区,community,regex,unmatched,,0,,,,,,
龙南社区,community,regex,matched,exact,1.0,龙南社区,node,5403148868,named,120.6227052,31.2594673
北临江南运河,waterway,regex,unmatched,,0,,,,,,
境内有宝带桥·澹台湖景区,scenic,regex,unmatched,,0,,,,,,
受太湖,water,regex,unmatched,,0,,,,,,
尹山乡析分长桥,bridge,regex,unmatched,,0,,,,,,
宝带乡并入长桥,bridge,regex,unmatched,,0,,,,,,
境内金家村,settlement,regex,unmatched,,0,,,,,,
下田村等6个自然村隶属长桥,bridge,regex,unmatched,,0,,,,,,
牛桩浜等5个自然村,settlement,regex,unmatched,,0,,,,,,
名称长桥,bridge,regex,unmatched,,0,,,,,,
境域隶属长桥,bridge,regex,unmatched,,0,,,,,,
境域划归长桥,bridge,regex,unmatched,,0,,,,,,
据郭新河遗址及随后的牛桥港,waterway,regex,unmatched,,0,,,,,,
即现澹台湖,water,regex,unmatched,,0,,,,,,
陷落为湖,water,regex,unmatched,,0,,,,,,
故名澹台湖,water,regex,unmatched,,0,,,,,,
京杭大运河边所筑纤道中断于澹台湖,water,regex,matched,contains,0.312,京杭大运河,way,148701483,waterway:canal,120.6569172,31.1275905
延工规划构筑长桥,bridge,regex,unmatched,,0,,,,,,
人为纪念王仲舒捐带建桥,bridge,regex,unmatched,,0,,,,,,
即把此桥命名为宝带桥,bridge,regex,unmatched,,0,,,,,,
风土清嘉的澹台湖,water,regex,unmatched,,0,,,,,,
境域为滨湖,water,regex,unmatched,,0,,,,,,
境域因昔日河,waterway,regex,unmatched,,0,,,,,,
陆上道路,road,regex,unmatched,,0,,,,,,
公路,road,regex,unmatched,,0,,,,,,
先后建造了东西走向的东吴南路,road,regex,unmatched,,0,,,,,,
南北走向的迎春南路,road,regex,unmatched,,0,,,,,,
构筑了古塘河桥,bridge,regex,unmatched,,0,,,,,,
号不锈钢栏桥等桥,bridge,regex,unmatched,,0,,,,,,
开拓疏通了钱家村河,waterway,regex,unmatched,,0,,,,,,
新华内河等河,waterway,regex,unmatched,,0,,,,,,
并对村,settlement,regex,unmatched,,0,,,,,,
原来只有几所在村,settlement,regex,unmatched,,0,,,,,,
耕读小学,education,regex,unmatched,,0,,,,,,
附属幼儿园,place,regex,unmatched,,0,,,,,,
谐社区,community,regex,unmatched,,0,,,,,,
先锋社区,community,regex,matched,exact,1.0,先锋社区,relation,7778474,named,120.6052798,31.2540483
村级经济百强村,settlement,regex,unmatched,,0,,,,,,
人与自然和谐相处的现代化发展之路,road,regex,unmatched,,0,,,,,,
康熙十二年（1673）宝带桥,bridge,regex,unmatched,,0,,,,,,
（1831）林则徐主持修缮宝带桥,bridge,regex,unmatched,,0,,,,,,
拆去宝带桥中间桥,bridge,regex,unmatched,,0,,,,,,
（1872）水利工程局重建宝带桥,bridge,regex,unmatched,,0,,,,,,
碑阴列当时修葺江浙诸桥,bridge,regex,unmatched,,0,,,,,,
碑先立于桥,bridge,regex,unmatched,,0,,,,,,
浙江海潮浸冲太湖,water,regex,unmatched,,0,,,,,,
败兵自瓜泾港,waterway,regex,unmatched,,0,,,,,,
境内家家出动劳力参与土筑苏州嘉兴公路,road,regex,unmatched,,0,,,,,,
苏嘉公路,road,regex,unmatched,,0,,,,,,
苏（州）嘉（兴）公路,road,regex,unmatched,,0,,,,,,
境内下田村,settlement,regex,unmatched,,0,,,,,,
被日本兵从坟堂上沿南港河（俗称马桶河,waterway,regex,unmatched,,0,,,,,,
）追逃至廿五港,waterway,regex,unmatched,,0,,,,,,
泥河田村吴毛头被派去苏嘉铁路,road,regex,unmatched,,0,,,,,,
境内沉家浜,waterway,regex,unmatched,,0,,,,,,
隐居太湖,water,regex,unmatched,,0,,,,,,
改沙土路面为沥青路,road,regex,unmatched,,0,,,,,,
境内宝庆寺西厢房建起泥河田公立小学,education,regex,unmatched,,0,,,,,,
（1990年改称宝尹小学,education,regex,unmatched,,0,,,,,,
境内下田村徐毛妹家开办小学,education,regex,unmatched,,0,,,,,,
（1956年搬至下田村,settlement,regex,unmatched,,0,,,,,,
尹山乡拆分为长桥,bridge,regex,unmatched,,0,,,,,,
境域金家村,settlement,regex,unmatched,,0,,,,,,
下田村归属长桥,bridge,regex,unmatched,,0,,,,,,
境域归属长桥,bridge,regex,unmatched,,0,,,,,,
以自然村,settlement,regex,unmatched,,0,,,,,,
完成农村,settlement,regex,unmatched,,0,,,,,,
境域隶属吴县枫桥区长桥,bridge,regex,unmatched,,0,,,,,,
境内各自然村,settlement,regex,unmatched,,0,,,,,,
金家村兴福庵开办庙桥小学,education,regex,unmatched,,0,,,,,,
境内地处泥河田宝庆寺的泥河田小学,education,regex,unmatched,,0,,,,,,
并更名为金星小学,education,regex,unmatched,,0,,,,,,
境内出动150余名干部群众参加太浦河,waterway,regex,unmatched,,0,,,,,,
吴县红旗大学改为吴县农业高级中学,education,regex,unmatched,,0,,,,,,
境内100多名社员参加开挖太浦河,waterway,regex,unmatched,,0,,,,,,
关于农村,settlement,regex,unmatched,,0,,,,,,
入选国家邮政部出版的（4枚一套）古桥,bridge,regex,unmatched,,0,,,,,,
庙桥小学搬迁至钱家村,settlement,regex,unmatched,,0,,,,,,
并更名为钱家小学,education,regex,unmatched,,0,,,,,,
下田小学,education,regex,unmatched,,0,,,,,,
蠡墅人民公社随即更名为长桥,bridge,regex,unmatched,,0,,,,,,
苏州市区至境内的公交车由10路,road,regex,unmatched,,0,,,,,,
改为13路,road,regex,unmatched,,0,,,,,,
终点站延伸至尹山桥,bridge,regex,unmatched,,0,,,,,,
忠于毛主席革命路,road,regex,unmatched,,0,,,,,,
新华大队暨生产队干部至龙桥,bridge,regex,unmatched,,0,,,,,,
并更名为新华小学,education,regex,unmatched,,0,,,,,,
金星大队在尤字港建造混凝土拱桥,bridge,regex,unmatched,,0,,,,,,
重建拱桥,bridge,regex,unmatched,,0,,,,,,
胜利桥,bridge,regex,unmatched,,0,,,,,,
新华大队遵照长桥,bridge,regex,unmatched,,0,,,,,,
澹台湖围湖,water,regex,unmatched,,0,,,,,,
抽干湖,water,regex,unmatched,,0,,,,,,
改建成宝带桥·澹台湖景区,scenic,regex,unmatched,,0,,,,,,
宝带桥旁建一座多孔连翼的公路新桥,bridge,regex,unmatched,,0,,,,,,
新华大队开掘全长2000米的金家村河,waterway,regex,unmatched,,0,,,,,,
名基干民兵参加白茆塘（河,waterway,regex,unmatched,,0,,,,,,
长桥,bridge,regex,review,exact,1.0,长桥,way,538305826,named,120.6252043,31.2617963
钱家小学并入下田村坟堂上的新华小学,education,regex,unmatched,,0,,,,,,
开挖河,waterway,regex,unmatched,,0,,,,,,
组织150名基干民兵参加浏河,waterway,regex,unmatched,,0,,,,,,
境内村,settlement,regex,unmatched,,0,,,,,,
张春桥,bridge,regex,unmatched,,0,,,,,,
境内港,waterway,regex,unmatched,,0,,,,,,
名基干民兵前往东太湖,water,regex,unmatched,,0,,,,,,
名基干民兵参加东太湖,water,regex,unmatched,,0,,,,,,
名基干民兵参加太浦河,waterway,regex,unmatched,,0,,,,,,
马金（根）姐当选长桥,bridge,regex,unmatched,,0,,,,,,
省政府拨款修缮宝带桥,bridge,regex,unmatched,,0,,,,,,
吴县桥,bridge,regex,unmatched,,0,,,,,,
宝尹大队将泥河田夹河溇北潘家桥（竹桥,bridge,regex,unmatched,,0,,,,,,
）改建为石桥,bridge,regex,unmatched,,0,,,,,,
何招根妹当选为中共长桥,bridge,regex,unmatched,,0,,,,,,
境内实行村,settlement,regex,unmatched,,0,,,,,,
设立2个行政村,settlement,regex,unmatched,,0,,,,,,
个村,settlement,regex,unmatched,,0,,,,,,
宝尹大队更名为宝尹村,settlement,regex,unmatched,,0,,,,,,
下辖10个村,settlement,regex,unmatched,,0,,,,,,
宝南大队更名为宝南村,settlement,regex,unmatched,,0,,,,,,
下辖21个村,settlement,regex,unmatched,,0,,,,,,
中顾委常委陆定一视察宝带桥,bridge,regex,unmatched,,0,,,,,,
宝南村,settlement,regex,unmatched,,0,,,,,,
宝尹村,settlement,regex,unmatched,,0,,,,,,
陈锦男当选长桥,bridge,regex,unmatched,,0,,,,,,
宝南村的钱家村,settlement,regex,unmatched,,0,,,,,,
金家村拆除原简易竹桥,bridge,regex,unmatched,,0,,,,,,
建起石拱桥,bridge,regex,unmatched,,0,,,,,,
宝尹村首建村,settlement,regex,unmatched,,0,,,,,,
实行镇管村,settlement,regex,unmatched,,0,,,,,,
长桥乡改称长桥,bridge,regex,unmatched,,0,,,,,,
夏福元当选长桥,bridge,regex,unmatched,,0,,,,,,
全国政协副主席费孝通考察境内苏嘉公路,road,regex,unmatched,,0,,,,,,
周边农村,settlement,regex,unmatched,,0,,,,,,
宝南村首建村,settlement,regex,unmatched,,0,,,,,,
重修宝带桥,bridge,regex,review,fuzzy,0.75,宝带桥,way,460257370,tourism:attraction,120.649476,31.2587641
保护宝带桥,bridge,regex,review,fuzzy,0.75,宝带桥,way,460257370,tourism:attraction,120.649476,31.2587641
并使运河,waterway,regex,unmatched,,0,,,,,,
开掘澹台湖以北运河,waterway,regex,unmatched,,0,,,,,,
金福珠当选长桥,bridge,regex,unmatched,,0,,,,,,
境内河,waterway,regex,unmatched,,0,,,,,,
宝南小学,education,regex,review,fuzzy,0.75,沧南小学,way,806341952,amenity:school,120.6214017,31.2781
龙南等村高年级小学,education,regex,unmatched,,0,,,,,,
时宝南小学,education,regex,unmatched,,0,,,,,,
新建阳山路（后改迎春南路,road,regex,unmatched,,0,,,,,,
东吴南路至澹台湖主干路,road,regex,unmatched,,0,,,,,,
宝南两村,settlement,regex,unmatched,,0,,,,,,
乡镇财政资助相结合的形式推行农村,settlement,regex,unmatched,,0,,,,,,
确立了村,settlement,regex,unmatched,,0,,,,,,
宝南两村集体经济合作社对本村,settlement,regex,unmatched,,0,,,,,,
碧波小学,education,regex,review,fuzzy,0.75,碧波中学,way,449710711,amenity:school,120.6378519,31.2524076
境内小学撤并至碧波小学,education,regex,unmatched,,0,,,,,,
国家计委主任邹家华为苏南运河,waterway,regex,unmatched,,0,,,,,,
整治苏南运河,waterway,regex,unmatched,,0,,,,,,
并立碑于宝带桥,bridge,regex,unmatched,,0,,,,,,
境内进行老村,settlement,regex,unmatched,,0,,,,,,
搬迁至朱塔浜,waterway,regex,unmatched,,0,,,,,,
（2004年12月更名为宝尹花园,residential,regex,unmatched,,0,,,,,,
宝尹村港南浜老村,settlement,regex,unmatched,,0,,,,,,
户居民搬迁至朱塔浜,waterway,regex,unmatched,,0,,,,,,
苏（苏州）嘉（嘉兴）公路,road,regex,unmatched,,0,,,,,,
宝带桥西侧公路桥,bridge,regex,unmatched,,0,,,,,,
户村民搬迁至朱塔浜,waterway,regex,unmatched,,0,,,,,,
境域新建宝通路,road,regex,matched,contains,0.429,宝通路,way,343176077,highway:tertiary,120.6468,31.2436335
天灵路至东吴南路支路,road,regex,unmatched,,0,,,,,,
新建宝丰路,road,regex,matched,contains,0.6,宝丰路,way,523332285,highway:tertiary,120.6374388,31.2416867
澄湖中路至东吴南路次干路,road,regex,unmatched,,0,,,,,,
钱家村里浜,waterway,regex,unmatched,,0,,,,,,
金家村16户居民搬迁至朱塔浜,waterway,regex,unmatched,,0,,,,,,
泥河田23户居民先后搬至朱塔浜,waterway,regex,unmatched,,0,,,,,,
中国吴县市环太湖,water,regex,unmatched,,0,,,,,,
世界特技飞行奖大赛在太湖,water,regex,unmatched,,0,,,,,,
国家文物局拨款对宝带桥,bridge,regex,unmatched,,0,,,,,,
宝尹两村,settlement,regex,unmatched,,0,,,,,,
先后搬迁至朱塔浜和钱家新村,residential,regex,unmatched,,0,,,,,,
地处境域石湖东路,road,regex,unmatched,,0,,,,,,
宝南居委会投资建成下田社区,community,regex,unmatched,,0,,,,,,
医务室和老年活动中心,service,regex,unmatched,,0,,,,,,
泥河田38户居民搬迁至下田村,settlement,regex,unmatched,,0,,,,,,
建立中共宝带桥,bridge,regex,unmatched,,0,,,,,,
宝南两个居委会合并为宝带桥,bridge,regex,unmatched,,0,,,,,,
吴中经济开发区管委会授予宝带桥,bridge,regex,unmatched,,0,,,,,,
苏州桥,bridge,regex,unmatched,,0,,,,,,
地处石湖东路,road,regex,review,fuzzy,0.8,石湖东路,node,2716415625,railway:station,120.6254096,31.2555327
中共宝带桥,bridge,regex,review,fuzzy,0.75,宝带桥,way,460257370,tourism:attraction,120.649476,31.2587641
度社会治安安全社区,community,regex,unmatched,,0,,,,,,
境内投资750万元建成地处石湖东路,road,regex,unmatched,,0,,,,,,
下辖宝带桥,bridge,regex,review,fuzzy,0.75,宝带桥,way,460257370,tourism:attraction,120.649476,31.2587641
南石湖,water,regex,unmatched,,0,,,,,,
桂苑等13个社区（村,settlement,regex,unmatched,,0,,,,,,
境内开展新农村,settlement,regex,unmatched,,0,,,,,,
民主法治示范社区,community,regex,unmatched,,0,,,,,,
度治安安全社区,community,regex,unmatched,,0,,,,,,
原宝南村,settlement,regex,unmatched,,0,,,,,,
宝带桥桥,bridge,regex,review,fuzzy,0.857,宝带桥,way,460257370,tourism:attraction,120.649476,31.2587641
成为宝带桥,bridge,regex,review,fuzzy,0.75,宝带桥,way,460257370,tourism:attraction,120.649476,31.2587641
成立宝带桥社区,community,regex,review,fuzzy,0.727,宝带社区,node,5261903450,named,120.6387431,31.2673537
度社区,community,regex,unmatched,,0,,,,,,
宝带桥旁建起宝带桥公园,park,regex,matched,contains,0.455,宝带桥公园,node,10120115430,leisure:park,120.6505396,31.2635548
苏州市民政局授予宝带桥社区,community,regex,unmatched,,0,,,,,,
民主法治社区,community,regex,unmatched,,0,,,,,,
动员石湖东路,road,regex,review,fuzzy,0.8,石湖东路,node,2716415625,railway:station,120.6254096,31.2555327
苏州市有线高清互动社区（村,settlement,regex,unmatched,,0,,,,,,
朱塔浜建成田度里小区公园,park,regex,unmatched,,0,,,,,,
朱塔浜和下田村,settlement,regex,unmatched,,0,,,,,,
联合国教科文组织专家在大运河,waterway,regex,unmatched,,0,,,,,,
宝带桥作为中国大运河,waterway,regex,unmatched,,0,,,,,,
商业大厦,commercial,regex,unmatched,,0,,,,,,
宝带桥社区投资1229万元建设的东湖,water,regex,unmatched,,0,,,,,,
米的金家村河,waterway,regex,unmatched,,0,,,,,,
（后改名吴文化博物馆）在宝带桥,bridge,regex,unmatched,,0,,,,,,
视察宝带桥·澹台湖景区,scenic,regex,unmatched,,0,,,,,,
江苏省档案局对宝带桥社区,community,regex,unmatched,,0,,,,,,
并在钱家新村,residential,regex,unmatched,,0,,,,,,
境域东西向的石湖东路桥,bridge,regex,unmatched,,0,,,,,,
寻找大运河,waterway,regex,unmatched,,0,,,,,,
授予宝带桥,bridge,regex,review,fuzzy,0.75,宝带桥,way,460257370,tourism:attraction,120.649476,31.2587641
江苏最美运河,waterway,regex,unmatched,,0,,,,,,
史众恩任中共宝带桥社区,community,regex,unmatched,,0,,,,,,
介绍大运河,waterway,regex,unmatched,,0,,,,,,
宝带桥社区举行党群服务中心,service,regex,unmatched,,0,,,,,,
江苏省司法厅在大运河,waterway,regex,unmatched,,0,,,,,,
苏州市委书记蓝绍敏等一行视察宝带桥,bridge,regex,unmatched,,0,,,,,,
暨宝带桥·澹台湖景区,scenic,regex,unmatched,,0,,,,,,
朱晓生任中共宝带桥社区,community,regex,unmatched,,0,,,,,,
吴中区公安分局城南交警中队在石湖东路,road,regex,unmatched,,0,,,,,,
迎春路十字路口设置交通安全教育站,transport,regex,unmatched,,0,,,,,,
境域澹台湖,water,regex,unmatched,,0,,,,,,
关于苏州宝带桥北桥,bridge,regex,unmatched,,0,,,,,,
苏州市委书记许昆林一行调研宝带桥,bridge,regex,unmatched,,0,,,,,,
·澹台湖景区,scenic,regex,review,fuzzy,0.8,澹台湖社区,node,5261903451,named,120.6319613,31.2648652
宝带桥·澹台湖景区更名为大运河,waterway,regex,unmatched,,0,,,,,,
国家文化公园,park,regex,unmatched,,0,,,,,,
宝带桥社区境域东依京杭大运河,waterway,regex,unmatched,,0,,,,,,
南接吴中区城南街道红庄社区,community,regex,unmatched,,0,,,,,,
北靠苏南运河市河,waterway,regex,unmatched,,0,,,,,,
共有大小内河,waterway,regex,unmatched,,0,,,,,,
泥河田3个行政村,settlement,regex,unmatched,,0,,,,,,
下辖下田村,settlement,regex,unmatched,,0,,,,,,
吴家角11个自然村,settlement,regex,unmatched,,0,,,,,,
恢复乡村,settlement,regex,unmatched,,0,,,,,,
宝南2村,settlement,regex,unmatched,,0,,,,,,
成立宝带桥,bridge,regex,review,fuzzy,0.75,宝带桥,way,460257370,tourism:attraction,120.649476,31.2587641
随即更名为宝带桥社区,community,regex,unmatched,,0,,,,,,
划归吴县枫桥,bridge,regex,unmatched,,0,,,,,,
下田村等6个自然村隶属吴县枫桥区长桥,bridge,regex,unmatched,,0,,,,,,
牛桩浜等5个自然村境域隶属枫桥,bridge,regex,unmatched,,0,,,,,,
尹西乡合并为长桥,bridge,regex,unmatched,,0,,,,,,
境域隶属吴县车坊区长桥,bridge,regex,unmatched,,0,,,,,,
境域划归蠡墅人民公社（后即改称长桥,bridge,regex,unmatched,,0,,,,,,
隶属长桥,bridge,regex,unmatched,,0,,,,,,
长桥人民公社改称长桥,bridge,regex,unmatched,,0,,,,,,
设长桥,bridge,regex,review,fuzzy,0.8,长桥,way,538305826,named,120.6252043,31.2617963
宝尹两个居委会合并为宝带桥,bridge,regex,unmatched,,0,,,,,,
更名为宝带桥社区,community,regex,unmatched,,0,,,,,,
水文河,waterway,regex,unmatched,,0,,,,,,
南北纵向的骨干河道有古运河,waterway,regex,unmatched,,0,,,,,,
宝南中心河（原北为廿五港,waterway,regex,unmatched,,0,,,,,,
南为泥河田港）和古塘河,waterway,regex,unmatched,,0,,,,,,
东西纵向的骨干河道有泥河田港,waterway,regex,unmatched,,0,,,,,,
（原为宝尹南港河,waterway,regex,unmatched,,0,,,,,,
马桶港（原为宝南南港河）和苏南运河,waterway,regex,unmatched,,0,,,,,,
加之各自然村的内河,waterway,regex,unmatched,,0,,,,,,
形成了与运河,waterway,regex,unmatched,,0,,,,,,
澹台湖相沟通的河,waterway,regex,unmatched,,0,,,,,,
湖澹台湖,water,regex,matched,contains,0.75,澹台湖,relation,7359510,natural:water,120.6457856,31.2578039
曾围湖,water,regex,unmatched,,0,,,,,,
退耕还湖,water,regex,unmatched,,0,,,,,,
水位境域水位略低于太湖,water,regex,unmatched,,0,,,,,,
汇入京杭大运河,waterway,regex,matched,contains,0.714,京杭大运河,way,148701483,waterway:canal,120.6569172,31.1275905
水位变化受太湖,water,regex,unmatched,,0,,,,,,
境内河流为平原河,waterway,regex,unmatched,,0,,,,,,
般河,waterway,regex,unmatched,,0,,,,,,
全域河,waterway,regex,unmatched,,0,,,,,,
根据苏州地区水文站（觅渡桥,bridge,regex,unmatched,,0,,,,,,
土壤境域属滨湖,water,regex,unmatched,,0,,,,,,
宝尹2个行政村,settlement,regex,unmatched,,0,,,,,,
宝尹村所辖的10个村,settlement,regex,unmatched,,0,,,,,,
宝南村所辖的21个村,settlement,regex,unmatched,,0,,,,,,
植物资源境域为滨湖,water,regex,unmatched,,0,,,,,,
节自然村,settlement,regex,unmatched,,0,,,,,,
长洲县尹山乡中三十一都十二图下辖小村,settlement,regex,unmatched,,0,,,,,,
下田村,settlement,regex,unmatched,,0,,,,,,
沉家浜等3个自然村,settlement,regex,unmatched,,0,,,,,,
长洲县尹山乡中十三图下辖金家村,settlement,regex,unmatched,,0,,,,,,
朱塔浜3个自然村,settlement,regex,unmatched,,0,,,,,,
长洲县尹山乡十四图下辖泥河,waterway,regex,unmatched,,0,,,,,,
吴家角5个自然村,settlement,regex,unmatched,,0,,,,,,
吴县第十四区泥河田乡下辖泥河,waterway,regex,unmatched,,0,,,,,,
吴县第十四区下田乡下辖小村,settlement,regex,unmatched,,0,,,,,,
吴县第十四区金钱乡下辖金家村,settlement,regex,unmatched,,0,,,,,,
境域有王家浜,waterway,regex,unmatched,,0,,,,,,
朱塔浜等11个自然村,settlement,regex,unmatched,,0,,,,,,
境域宝尹行政村下辖王家浜,waterway,regex,unmatched,,0,,,,,,
宝南行政村下辖金家村,settlement,regex,unmatched,,0,,,,,,
下田村等6个自然村,settlement,regex,unmatched,,0,,,,,,
宝南行政村,settlement,regex,unmatched,,0,,,,,,
境内新村建设规划宝尹花园,residential,regex,unmatched,,0,,,,,,
宝南2村撤村,settlement,regex,unmatched,,0,,,,,,
改称宝带桥,bridge,regex,review,fuzzy,0.75,宝带桥,way,460257370,tourism:attraction,120.649476,31.2587641
境域王家浜,waterway,regex,unmatched,,0,,,,,,
小村11个自然村,settlement,regex,unmatched,,0,,,,,,
形成宝尹花园,residential,regex,unmatched,,0,,,,,,
动迁下田村,settlement,regex,unmatched,,0,,,,,,
小村2个居民生活区拟建宝南花园,residential,regex,unmatched,,0,,,,,,
宝南花园,residential,regex,matched,exact,1.0,宝南花园,way,1267623063,landuse:residential,120.6411052,31.2536204
王家浜（村）王家浜,waterway,regex,unmatched,,0,,,,,,
东为尤字港,waterway,regex,unmatched,,0,,,,,,
南临南浜,waterway,regex,unmatched,,0,,,,,,
北连下田村南港河（又名马桶河,waterway,regex,unmatched,,0,,,,,,
隶属吴县枫桥,bridge,regex,unmatched,,0,,,,,,
尹西乡王家浜,waterway,regex,unmatched,,0,,,,,,
建宝尹村,settlement,regex,unmatched,,0,,,,,,
境域老村,settlement,regex,unmatched,,0,,,,,,
搬迁至朱塔浜（后改名宝尹花园,residential,regex,unmatched,,0,,,,,,
王家浜境内生产队（村,settlement,regex,unmatched,,0,,,,,,
民小组）管理人员先后担任王家浜,waterway,regex,unmatched,,0,,,,,,
生产队队长（村,settlement,regex,unmatched,,0,,,,,,
担任副队长（村,settlement,regex,unmatched,,0,,,,,,
先后担任王家浜第8生产队队长（村,settlement,regex,unmatched,,0,,,,,,
港南浜（村）港南浜,waterway,regex,unmatched,,0,,,,,,
东为东南港,waterway,regex,unmatched,,0,,,,,,
南临钢铁村,settlement,regex,unmatched,,0,,,,,,
西接西南港,waterway,regex,unmatched,,0,,,,,,
北连泥河田港,waterway,regex,unmatched,,0,,,,,,
尹西乡港南浜,waterway,regex,unmatched,,0,,,,,,
因老村,settlement,regex,unmatched,,0,,,,,,
分别搬至宝尹花园,residential,regex,unmatched,,0,,,,,,
泥河田境内生产队（村,settlement,regex,unmatched,,0,,,,,,
民小组）管理人员先后担任泥河,waterway,regex,unmatched,,0,,,,,,
田第2生产队队长（村,settlement,regex,unmatched,,0,,,,,,
先后担任泥河田第3生产队队长（村,settlement,regex,unmatched,,0,,,,,,
先后担任泥河田第6生产队队长（村,settlement,regex,unmatched,,0,,,,,,
先后担任泥河田第9生产队队长（村,settlement,regex,unmatched,,0,,,,,,
先后担任泥河田第10村,settlement,regex,unmatched,,0,,,,,,
担任村,settlement,regex,unmatched,,0,,,,,,
牛桩浜（村）牛桩浜,waterway,regex,unmatched,,0,,,,,,
东为泥河田港,waterway,regex,unmatched,,0,,,,,,
南接夹河,waterway,regex,unmatched,,0,,,,,,
西临金家村,settlement,regex,unmatched,,0,,,,,,
北连钱家村,settlement,regex,unmatched,,0,,,,,,
陈家将家中的几头牛固定在浜,waterway,regex,unmatched,,0,,,,,,
牛桩浜书写成严家浜,waterway,regex,unmatched,,0,,,,,,
尹西乡牛桩浜,waterway,regex,unmatched,,0,,,,,,
改称第7村,settlement,regex,unmatched,,0,,,,,,
牛桩浜境内生产队（村,settlement,regex,unmatched,,0,,,,,,
民小组）管理人员先后担任牛桩浜,waterway,regex,unmatched,,0,,,,,,
金家村金家村位于金家村河,waterway,regex,unmatched,,0,,,,,,
东为夹河,waterway,regex,unmatched,,0,,,,,,
南临西南港,waterway,regex,unmatched,,0,,,,,,
北连朱塔浜,waterway,regex,unmatched,,0,,,,,,
隶属吴县枫桥区长桥,bridge,regex,unmatched,,0,,,,,,
长桥乡金家村,settlement,regex,unmatched,,0,,,,,,
建宝南村,settlement,regex,unmatched,,0,,,,,,
分别搬迁至宝尹花园,residential,regex,unmatched,,0,,,,,,
金家村境内生产队（村,settlement,regex,unmatched,,0,,,,,,
民小组）管理人员先后担任金家村,settlement,regex,unmatched,,0,,,,,,
先后担任金家村第16村,settlement,regex,unmatched,,0,,,,,,
先后担任金家村第17村,settlement,regex,unmatched,,0,,,,,,
钱家村钱家村村,settlement,regex,unmatched,,0,,,,,,
位于境域外浜,waterway,regex,unmatched,,0,,,,,,
东临下田村,settlement,regex,unmatched,,0,,,,,,
南为牛桩浜,waterway,regex,unmatched,,0,,,,,,
西为朱塔浜,waterway,regex,unmatched,,0,,,,,,
北连下田村南港河,waterway,regex,unmatched,,0,,,,,,
始名钱家新村,residential,regex,unmatched,,0,,,,,,
长桥乡钱家村,settlement,regex,unmatched,,0,,,,,,
建立宝南村,settlement,regex,unmatched,,0,,,,,,
隶属宝南村,settlement,regex,unmatched,,0,,,,,,
撤销村,settlement,regex,unmatched,,0,,,,,,
宝带桥社区对钱家村,settlement,regex,unmatched,,0,,,,,,
遂名钱家新村,residential,regex,unmatched,,0,,,,,,
钱家村境内生产队（村,settlement,regex,unmatched,,0,,,,,,
民小组）管理人员先后担任钱家村,settlement,regex,unmatched,,0,,,,,,
先后担任钱家村第18村,settlement,regex,unmatched,,0,,,,,,
先后担任钱家村第19村,settlement,regex,unmatched,,0,,,,,,
先后担任钱家村,settlement,regex,unmatched,,0,,,,,,
先后担任钱家村第20村,settlement,regex,unmatched,,0,,,,,,
先后担任钱家村第21村,settlement,regex,unmatched,,0,,,,,,
朱塔浜（村）朱塔浜村,settlement,regex,unmatched,,0,,,,,,
村东为钱家村,settlement,regex,unmatched,,0,,,,,,
村南为金家村,settlement,regex,unmatched,,0,,,,,,
西临古塘河,waterway,regex,unmatched,,0,,,,,,
北连田渡浜,waterway,regex,unmatched,,0,,,,,,
朱塔浜隶属吴县枫桥,bridge,regex,unmatched,,0,,,,,,
长桥乡朱塔浜,waterway,regex,unmatched,,0,,,,,,
朱塔浜隶属城南街道宝带桥社区,community,regex,unmatched,,0,,,,,,
更名为宝尹花园,residential,regex,unmatched,,0,,,,,,
朱塔浜境内生产队（村,settlement,regex,unmatched,,0,,,,,,
民小组）管理人员先后担任朱塔浜,waterway,regex,unmatched,,0,,,,,,
先后担任朱塔浜第8生产队队长（村,settlement,regex,unmatched,,0,,,,,,
先后担任朱塔浜第14村,settlement,regex,unmatched,,0,,,,,,
先后担任朱塔浜第15村,settlement,regex,unmatched,,0,,,,,,
沉家浜（村）沉家浜村,settlement,regex,unmatched,,0,,,,,,
下田村隔河,waterway,regex,unmatched,,0,,,,,,
南接下田村南港河,waterway,regex,unmatched,,0,,,,,,
西为下塔村,settlement,regex,unmatched,,0,,,,,,
北临蝴蝶浜,waterway,regex,unmatched,,0,,,,,,
中华人民共和国成立前当地有两条断头浜,waterway,regex,unmatched,,0,,,,,,
条从南港,waterway,regex,unmatched,,0,,,,,,
另一条在竹桥,bridge,regex,unmatched,,0,,,,,,
遂将二浜称为沉家浜,waterway,regex,unmatched,,0,,,,,,
沉家浜因地处下田村,settlement,regex,unmatched,,0,,,,,,
原下田村,settlement,regex,unmatched,,0,,,,,,
划归蠡墅人民公社（后改称长桥,bridge,regex,unmatched,,0,,,,,,
沉家浜村隶属城南街道宝带桥社区,community,regex,unmatched,,0,,,,,,
沉家浜境内生产队（村,settlement,regex,unmatched,,0,,,,,,
先后担任第12村,settlement,regex,unmatched,,0,,,,,,
先后担任第13村,settlement,regex,unmatched,,0,,,,,,
下田村下田村位于澹台湖,water,regex,unmatched,,0,,,,,,
古运河与澹台湖,water,regex,unmatched,,0,,,,,,
因战壕面对澹台河,waterway,regex,unmatched,,0,,,,,,
加之下田村,settlement,regex,unmatched,,0,,,,,,
下田村东为廿五港,waterway,regex,unmatched,,0,,,,,,
南接南港河,waterway,regex,unmatched,,0,,,,,,
西接沉家浜,waterway,regex,unmatched,,0,,,,,,
北临澹台湖,water,regex,unmatched,,0,,,,,,
遂将下田村,settlement,regex,unmatched,,0,,,,,,
长桥乡下田第1（东下田含小村,settlement,regex,unmatched,,0,,,,,,
境域划归蠡墅人民公社（后改称长桥,bridge,regex,unmatched,,0,,,,,,
成立长桥,bridge,regex,unmatched,,0,,,,,,
宝南村成立村,settlement,regex,unmatched,,0,,,,,,
隶属城南街道宝带桥,bridge,regex,unmatched,,0,,,,,,
下田村与小村,settlement,regex,unmatched,,0,,,,,,
原地规划拟建宝南花园,residential,regex,unmatched,,0,,,,,,
下田村境内生产队（村,settlement,regex,unmatched,,0,,,,,,
民小组）管理人员先后担任东下田第2村,settlement,regex,unmatched,,0,,,,,,
先后担任东下田第3村,settlement,regex,unmatched,,0,,,,,,
先后担任东下田第4村,settlement,regex,unmatched,,0,,,,,,
先后担任东下田第3生产队队长村,settlement,regex,unmatched,,0,,,,,,
先后担任下田村第5村,settlement,regex,unmatched,,0,,,,,,
先后担任下田村第6村,settlement,regex,unmatched,,0,,,,,,
先后担任下田村,settlement,regex,unmatched,,0,,,,,,
先后担任下田村第7村,settlement,regex,unmatched,,0,,,,,,
先后担任下田村第9村,settlement,regex,unmatched,,0,,,,,,
先后担任下田村第10村,settlement,regex,unmatched,,0,,,,,,
先后担任下田村第11村,settlement,regex,unmatched,,0,,,,,,
小村小村,settlement,regex,unmatched,,0,,,,,,
又名江阴小村,settlement,regex,unmatched,,0,,,,,,
东与廿五港,waterway,regex,unmatched,,0,,,,,,
南临廿五桥,bridge,regex,unmatched,,0,,,,,,
西为下田村,settlement,regex,unmatched,,0,,,,,,
北为横加连浜,waterway,regex,unmatched,,0,,,,,,
当地村民称他们住的地方为江阴小村,settlement,regex,unmatched,,0,,,,,,
小村为长桥,bridge,regex,unmatched,,0,,,,,,
加入长桥,bridge,regex,unmatched,,0,,,,,,
小村划归蠡墅人民公社（后改称长桥,bridge,regex,unmatched,,0,,,,,,
其中2组划归下田村,settlement,regex,unmatched,,0,,,,,,
宝南村第1村,settlement,regex,unmatched,,0,,,,,,
隶属城南街道宝带桥社区,community,regex,unmatched,,0,,,,,,
小村与下田村,settlement,regex,unmatched,,0,,,,,,
拟新建宝南花园,residential,regex,matched,contains,0.571,宝南花园,way,1267623063,landuse:residential,120.6411052,31.2536204
据1987年郭新河,waterway,regex,unmatched,,0,,,,,,
传说苏州刺史王仲舒捐带建宝带桥,bridge,regex,unmatched,,0,,,,,,
人口宝带桥社区,community,regex,review,fuzzy,0.727,宝带社区,node,5261903450,named,120.6387431,31.2673537
宝带桥社区境域各自然村,settlement,regex,unmatched,,0,,,,,,
人王家浜34140沉家浜40152港,waterway,regex,unmatched,,0,,,,,,
南浜1677钱家村,settlement,regex,unmatched,,0,,,,,,
吴家角1984朱塔浜,waterway,regex,unmatched,,0,,,,,,
泥河田84364下田村,settlement,regex,unmatched,,0,,,,,,
牛桩浜2377小村,settlement,regex,unmatched,,0,,,,,,
随着村,settlement,regex,unmatched,,0,,,,,,
部分劳动力向村,settlement,regex,unmatched,,0,,,,,,
参加村,settlement,regex,unmatched,,0,,,,,,
无村,settlement,regex,unmatched,,0,,,,,,
服务中心设立生育两胎服务站,transport,regex,unmatched,,0,,,,,,
规定每年对本社区,community,regex,unmatched,,0,,,,,,
宝带桥社区代行对本社区,community,regex,unmatched,,0,,,,,,
村（社区,community,regex,unmatched,,0,,,,,,
以文件形式规定村（社区,community,regex,unmatched,,0,,,,,,
且未享受农村,settlement,regex,unmatched,,0,,,,,,
境域的水以澹台湖,water,regex,unmatched,,0,,,,,,
桥以宝带桥,bridge,regex,review,fuzzy,0.75,宝带桥,way,460257370,tourism:attraction,120.649476,31.2587641
横跨湖,water,regex,unmatched,,0,,,,,,
澹台湖畔建起市民公园,park,regex,unmatched,,0,,,,,,
千年古桥宝带桥,bridge,regex,unmatched,,0,,,,,,
节澹台湖澹台湖,water,regex,unmatched,,0,,,,,,
西界太湖,water,regex,unmatched,,0,,,,,,
东过宝带桥入运河,waterway,regex,unmatched,,0,,,,,,
金泾河,waterway,regex,unmatched,,0,,,,,,
宅陷为湖,water,regex,unmatched,,0,,,,,,
澹台湖在太湖,water,regex,unmatched,,0,,,,,,
吴国东南澹台湖,water,regex,unmatched,,0,,,,,,
自此东过宝带桥入运河,waterway,regex,unmatched,,0,,,,,,
入陈湖（即今澄湖,water,regex,unmatched,,0,,,,,,
入金泾淹（即今金鸡湖,water,regex,unmatched,,0,,,,,,
澹台灭明墓在澹台湖,water,regex,unmatched,,0,,,,,,
看起来有点像河,waterway,regex,unmatched,,0,,,,,,
玳玳河,waterway,regex,unmatched,,0,,,,,,
复原澹台湖,water,regex,unmatched,,0,,,,,,
完成构筑澹台湖,water,regex,unmatched,,0,,,,,,
完成构筑北侧城区内河,waterway,regex,unmatched,,0,,,,,,
西通石湖,water,regex,unmatched,,0,,,,,,
东过宝带桥入江南运河,waterway,regex,unmatched,,0,,,,,,
又与宝带桥,bridge,regex,review,fuzzy,0.75,宝带桥,way,460257370,tourism:attraction,120.649476,31.2587641
建成的澹台湖大桥横跨京杭大运河,waterway,regex,unmatched,,0,,,,,,
站在大桥,bridge,regex,unmatched,,0,,,,,,
整个湖,water,regex,unmatched,,0,,,,,,
澹台湖畔新建市民公园,park,regex,unmatched,,0,,,,,,
千年古桥,bridge,regex,unmatched,,0,,,,,,
苏城东南的澹台湖,water,regex,unmatched,,0,,,,,,
以为子羽宅所陷成湖,water,regex,unmatched,,0,,,,,,
澹台子祠设在集镇河,waterway,regex,unmatched,,0,,,,,,
里人筹款在宝带桥,bridge,regex,unmatched,,0,,,,,,
建造宝带桥公园,park,regex,matched,contains,0.714,宝带桥公园,node,10120115430,leisure:park,120.6505396,31.2635548
移建廿五港,waterway,regex,unmatched,,0,,,,,,
节宝带桥,bridge,regex,review,fuzzy,0.857,宝带桥,way,460257370,tourism:attraction,120.649476,31.2587641
入选国家邮政部出版的4枚一套古桥,bridge,regex,unmatched,,0,,,,,,
苏州段现场考察评估中对宝带桥,bridge,regex,unmatched,,0,,,,,,
中国大运河,waterway,regex,unmatched,,0,,,,,,
概貌宝带桥,bridge,regex,review,fuzzy,0.75,宝带桥,way,460257370,tourism:attraction,120.649476,31.2587641
位于京杭大运河与澹台湖（太湖岔港,waterway,regex,matched,contains,0.333,京杭大运河,way,148701483,waterway:canal,120.6569172,31.1275905
它与京杭大运河,waterway,regex,matched,contains,0.714,京杭大运河,way,148701483,waterway:canal,120.6569172,31.1275905
跨诸湖,water,regex,unmatched,,0,,,,,,
又是太湖水通往运河,waterway,regex,unmatched,,0,,,,,,
唐代沿大运河所筑纤道中断于澹台湖,water,regex,unmatched,,0,,,,,,
之石拱桥,bridge,regex,unmatched,,0,,,,,,
使湖,water,regex,unmatched,,0,,,,,,
北端引桥,bridge,regex,unmatched,,0,,,,,,
南端引桥,bridge,regex,unmatched,,0,,,,,,
拱券顶部距桥,bridge,regex,unmatched,,0,,,,,,
今之桥,bridge,regex,unmatched,,0,,,,,,
桥北堍与桥,bridge,regex,unmatched,,0,,,,,,
今桥南端引桥,bridge,regex,unmatched,,0,,,,,,
又能宣泄澹台湖,water,regex,unmatched,,0,,,,,,
修缮宝带桥,bridge,regex,review,fuzzy,0.75,宝带桥,way,460257370,tourism:attraction,120.649476,31.2587641
元代修筑为长石拱桥,bridge,regex,unmatched,,0,,,,,,
拆去桥,bridge,regex,unmatched,,0,,,,,,
重建宝带桥,bridge,regex,review,fuzzy,0.75,宝带桥,way,460257370,tourism:attraction,120.649476,31.2587641
使运河,waterway,regex,unmatched,,0,,,,,,
吴中区文管办委托太湖,water,regex,unmatched,,0,,,,,,
了减少在此期间（10米外）撞桥,bridge,regex,unmatched,,0,,,,,,
吴中区文管办委托苏州市鑫路桥,bridge,regex,unmatched,,0,,,,,,
工程有限公司在桥北端东侧的运河,waterway,regex,unmatched,,0,,,,,,
同时在桥,bridge,regex,unmatched,,0,,,,,,
艺术特点宝带桥,bridge,regex,unmatched,,0,,,,,,
坐落的地域属长江下游冲积平原的河,waterway,regex,unmatched,,0,,,,,,
防止桥,bridge,regex,unmatched,,0,,,,,,
孔石拱桥桥墩建在河（湖,water,regex,unmatched,,0,,,,,,
居世界石拱桥,bridge,regex,unmatched,,0,,,,,,
而减轻了桥,bridge,regex,unmatched,,0,,,,,,
重力式桥,bridge,regex,unmatched,,0,,,,,,
了防止多孔薄型桥,bridge,regex,unmatched,,0,,,,,,
该墩由两个桥,bridge,regex,unmatched,,0,,,,,,
宝带桥的桥,bridge,regex,review,fuzzy,0.75,宝带桥,way,460257370,tourism:attraction,120.649476,31.2587641
形成了水乡独特的桥,bridge,regex,unmatched,,0,,,,,,
整座石桥,bridge,regex,unmatched,,0,,,,,,
宝带桥是我国现存最长的石拱古桥,bridge,regex,unmatched,,0,,,,,,
中外建桥,bridge,regex,unmatched,,0,,,,,,
更有极高的桥,bridge,regex,unmatched,,0,,,,,,
中国第一套古代桥,bridge,regex,unmatched,,0,,,,,,
梁建筑邮票上的苏州宝带桥,bridge,regex,unmatched,,0,,,,,,
上说的公元前1027年周文王在渭河,waterway,regex,unmatched,,0,,,,,,
上用船架设浮桥,bridge,regex,unmatched,,0,,,,,,
我国桥,bridge,regex,unmatched,,0,,,,,,
千姿百态的古桥,bridge,regex,unmatched,,0,,,,,,
河北赵县赵州桥,bridge,regex,unmatched,,0,,,,,,
种赵县安济桥,bridge,regex,unmatched,,0,,,,,,
即赵州桥,bridge,regex,unmatched,,0,,,,,,
种苏州宝带桥,bridge,regex,unmatched,,0,,,,,,
种四川灌县珠浦桥,bridge,regex,unmatched,,0,,,,,,
竹索桥,bridge,regex,unmatched,,0,,,,,,
种广西三江程阳桥,bridge,regex,unmatched,,0,,,,,,
苏州宝带桥,bridge,regex,review,fuzzy,0.75,宝带桥,way,460257370,tourism:attraction,120.649476,31.2587641
全国十大名桥,bridge,regex,unmatched,,0,,,,,,
运河与澹台湖之间动工建桥,bridge,regex,unmatched,,0,,,,,,
了纪念王仲舒捐玉带建桥,bridge,regex,unmatched,,0,,,,,,
共有53个桥,bridge,regex,unmatched,,0,,,,,,
我国现存最长的连拱古桥,bridge,regex,unmatched,,0,,,,,,
于湖,water,regex,unmatched,,0,,,,,,
保持畅流和桥,bridge,regex,unmatched,,0,,,,,,
同京杭大运河,waterway,regex,matched,contains,0.833,京杭大运河,way,148701483,waterway:canal,120.6569172,31.1275905
每个桥,bridge,regex,unmatched,,0,,,,,,
又于宝带桥,bridge,regex,review,fuzzy,0.75,宝带桥,way,460257370,tourism:attraction,120.649476,31.2587641
近处造了一座平行的公路大桥,bridge,regex,unmatched,,0,,,,,,
加上民国时期在桥,bridge,regex,unmatched,,0,,,,,,
使这座名桥,bridge,regex,unmatched,,0,,,,,,
了保护这座名桥,bridge,regex,unmatched,,0,,,,,,
桥北边切断公路开口通河,waterway,regex,unmatched,,0,,,,,,
这样从苏州城到宝带桥,bridge,regex,unmatched,,0,,,,,,
必须绕过长桥,bridge,regex,unmatched,,0,,,,,,
再从南边上桥,bridge,regex,unmatched,,0,,,,,,
公路桥,bridge,regex,unmatched,,0,,,,,,
再现了昔日宝带桥,bridge,regex,unmatched,,0,,,,,,
节宝带桥·澹台湖景区,scenic,regex,unmatched,,0,,,,,,
概貌宝带桥·澹台湖景区,scenic,regex,unmatched,,0,,,,,,
（2020年更名为大运河国家文化公园,park,regex,unmatched,,0,,,,,,
东至吴东路,road,regex,unmatched,,0,,,,,,
北至京杭大运河,waterway,regex,matched,contains,0.714,京杭大运河,way,148701483,waterway:canal,120.6569172,31.1275905
西至下田港,waterway,regex,unmatched,,0,,,,,,
南抵石湖东路,road,regex,review,fuzzy,0.8,石湖东路,node,2716415625,railway:station,120.6254096,31.2555327
景区四面临河,waterway,regex,unmatched,,0,,,,,,
水乡文化为一体的特色滨水区与沿古运河,waterway,regex,unmatched,,0,,,,,,
还原古运河,waterway,regex,unmatched,,0,,,,,,
运河,waterway,regex,matched,contains,0.667,大运河,way,293947723,waterway:river,120.6449042,31.2770083
描绘了唐代苏州刺史王仲舒捐带建桥,bridge,regex,unmatched,,0,,,,,,
桥梁景观宝带桥·澹台湖景区,scenic,regex,unmatched,,0,,,,,,
东为千年宝带古桥,bridge,regex,unmatched,,0,,,,,,
西为现代精装修澹台湖大桥,bridge,regex,unmatched,,0,,,,,,
中间跨湖的为景观桥,bridge,regex,unmatched,,0,,,,,,
宝带桥上隔着运河,waterway,regex,unmatched,,0,,,,,,
双层形状的斜港大桥,bridge,regex,unmatched,,0,,,,,,
新斜港大桥,bridge,regex,review,fuzzy,0.889,斜港大桥,way,538305813,named,120.6517697,31.260518
位于吴东路与斜港河,waterway,regex,unmatched,,0,,,,,,
跨越斜港河,waterway,regex,unmatched,,0,,,,,,
上下层桥,bridge,regex,unmatched,,0,,,,,,
上层与东环快速路,road,regex,review,fuzzy,0.769,东环快速路,relation,15846407,named,120.6423923,31.3143708
其中主桥,bridge,regex,unmatched,,0,,,,,,
上层桥,bridge,regex,unmatched,,0,,,,,,
下层与地面道路,road,regex,unmatched,,0,,,,,,
景观桥位于江南运河,waterway,regex,unmatched,,0,,,,,,
澹台湖大桥,bridge,regex,matched,exact,1.0,澹台湖大桥,way,802150315,highway:secondary,120.6363249,31.2628772
异形结构式钢结构拱桥,bridge,regex,unmatched,,0,,,,,,
整座景观桥,bridge,regex,unmatched,,0,,,,,,
字形的造型在苏州大桥,bridge,regex,unmatched,,0,,,,,,
跨越京杭大运河,waterway,regex,matched,contains,0.714,京杭大运河,way,148701483,waterway:canal,120.6569172,31.1275905
北接迎春路,road,regex,unmatched,,0,,,,,,
中铁一局集团公司桥,bridge,regex,unmatched,,0,,,,,,
武汉桥,bridge,regex,unmatched,,0,,,,,,
苏州市第一座精装修的大桥,bridge,regex,unmatched,,0,,,,,,
夜间景观照明是大桥,bridge,regex,unmatched,,0,,,,,,
整座大桥,bridge,regex,unmatched,,0,,,,,,
它西起盘蠡路,road,regex,unmatched,,0,,,,,,
东至冬青路,road,regex,matched,contains,0.6,冬青路,way,423183750,highway:secondary,120.644873,31.273709
龙桥,bridge,regex,unmatched,,0,,,,,,
泛舟至宝带桥,bridge,regex,unmatched,,0,,,,,,
左为澹台湖,water,regex,unmatched,,0,,,,,,
维舟步桥,bridge,regex,unmatched,,0,,,,,,
复登桥,bridge,regex,unmatched,,0,,,,,,
宝带桥石亭钱玉成宝带桥,bridge,regex,unmatched,,0,,,,,,
大运河西岸的玳玳河,waterway,regex,unmatched,,0,,,,,,
南至杭州的大运河,waterway,regex,unmatched,,0,,,,,,
这运河,waterway,regex,unmatched,,0,,,,,,
但在苏州城南澹台湖,water,regex,unmatched,,0,,,,,,
河水因受太湖,water,regex,unmatched,,0,,,,,,
大流量地涌入大运河,waterway,regex,unmatched,,0,,,,,,
以为挽舟之路,road,regex,unmatched,,0,,,,,,
然河之支流实为澹台湖,water,regex,unmatched,,0,,,,,,
根据太湖,water,regex,unmatched,,0,,,,,,
构筑了多达53孔的平坦而宽阔的长桥,bridge,regex,unmatched,,0,,,,,,
宝带桥石亭在桥,bridge,regex,unmatched,,0,,,,,,
石亭朝东面向运河,waterway,regex,unmatched,,0,,,,,,
但因宝带桥,bridge,regex,review,fuzzy,0.75,宝带桥,way,460257370,tourism:attraction,120.649476,31.2587641
唐代元和年间宝带桥,bridge,regex,unmatched,,0,,,,,,
还有路,road,regex,unmatched,,0,,,,,,
它位于交通要道的桥首路,road,regex,unmatched,,0,,,,,,
沿苏州古城的运河,waterway,regex,unmatched,,0,,,,,,
河水改由宝带桥北面的澹台湖,water,regex,unmatched,,0,,,,,,
再转入原运河河,waterway,regex,unmatched,,0,,,,,,
则都已列入新建的澹台湖公园,park,regex,unmatched,,0,,,,,,
水乡泽国桥,bridge,regex,unmatched,,0,,,,,,
举足有河,waterway,regex,unmatched,,0,,,,,,
人家尽枕河,waterway,regex,unmatched,,0,,,,,,
水港小桥,bridge,regex,unmatched,,0,,,,,,
类型各不同的桥,bridge,regex,unmatched,,0,,,,,,
这些桥,bridge,regex,unmatched,,0,,,,,,
独具一格的吴地桥,bridge,regex,unmatched,,0,,,,,,
中国桥梁史上占有独特地位的吴地名桥,bridge,regex,unmatched,,0,,,,,,
则是宝带桥,bridge,regex,review,fuzzy,0.75,宝带桥,way,460257370,tourism:attraction,120.649476,31.2587641
它侧卧于古运河,waterway,regex,unmatched,,0,,,,,,
横跨澹台湖,water,regex,unmatched,,0,,,,,,
贯通江浙陆路古道和宣泄太湖,water,regex,unmatched,,0,,,,,,
传因唐刺史王仲舒捐宝带资助建桥,bridge,regex,unmatched,,0,,,,,,
明朝正统十一年（1446）的桥,bridge,regex,unmatched,,0,,,,,,
宝带桥是大运河边的一座纤道桥,bridge,regex,unmatched,,0,,,,,,
元朝僧人善住经过此桥,bridge,regex,unmatched,,0,,,,,,
既然是纤道桥,bridge,regex,unmatched,,0,,,,,,
就不必用吴地常见的石拱桥,bridge,regex,unmatched,,0,,,,,,
平坦的桥,bridge,regex,unmatched,,0,,,,,,
其他的孔则为了宣泄澹台湖,water,regex,unmatched,,0,,,,,,
同时减轻桥,bridge,regex,unmatched,,0,,,,,,
而在桥,bridge,regex,unmatched,,0,,,,,,
孔之间建造刚性墩（由两个桥,bridge,regex,unmatched,,0,,,,,,
这样便可以防止多孔桥,bridge,regex,unmatched,,0,,,,,,
这种一桥采用柔刚墩结合的技术是桥,bridge,regex,unmatched,,0,,,,,,
吴地采用这种桥,bridge,regex,unmatched,,0,,,,,,
石湖上方山行春桥,bridge,regex,unmatched,,0,,,,,,
现在建造多孔拱桥,bridge,regex,unmatched,,0,,,,,,
它既不同于赵州桥,bridge,regex,unmatched,,0,,,,,,
又不同于卢沟桥,bridge,regex,unmatched,,0,,,,,,
而使桥,bridge,regex,unmatched,,0,,,,,,
居世界古拱桥,bridge,regex,unmatched,,0,,,,,,
古罗马及欧洲的古石拱桥,bridge,regex,unmatched,,0,,,,,,
如13世纪初建成的英国老伦敦桥,bridge,regex,unmatched,,0,,,,,,
直至18世纪法国桥,bridge,regex,unmatched,,0,,,,,,
梁大师贝龙从理论上证明桥,bridge,regex,unmatched,,0,,,,,,
欧洲才出现薄墩桥,bridge,regex,unmatched,,0,,,,,,
但是仍然不及宝带桥桥,bridge,regex,unmatched,,0,,,,,,
古代桥,bridge,regex,unmatched,,0,,,,,,
邮电部曾出一套4枚古桥,bridge,regex,unmatched,,0,,,,,,
赵州安济桥,bridge,regex,unmatched,,0,,,,,,
北京卢沟桥等合称为中国十大名桥,bridge,regex,unmatched,,0,,,,,,
湖柔波的澹台湖,water,regex,unmatched,,0,,,,,,
澹台湖与我家乡仅一河,waterway,regex,unmatched,,0,,,,,,
记得我小时候的澹台湖,water,regex,unmatched,,0,,,,,,
我只知道澹台湖,water,regex,unmatched,,0,,,,,,
到运河边数宝带桥的桥,bridge,regex,unmatched,,0,,,,,,
遍地筑路,road,regex,unmatched,,0,,,,,,
近日我又重游澹台湖,water,regex,unmatched,,0,,,,,,
我在湖北桥头公园,park,regex,unmatched,,0,,,,,,
来到湖西长桥,bridge,regex,unmatched,,0,,,,,,
这里舟行桥,bridge,regex,unmatched,,0,,,,,,
车奔桥,bridge,regex,unmatched,,0,,,,,,
我徐步踱到湖,water,regex,unmatched,,0,,,,,,
灯盏挂路,road,regex,unmatched,,0,,,,,,
当我站在湖东古桥,bridge,regex,unmatched,,0,,,,,,
东边的古运河,waterway,regex,unmatched,,0,,,,,,
北面的新运河河,waterway,regex,unmatched,,0,,,,,,
建设中的东环路长浜大桥,bridge,regex,unmatched,,0,,,,,,
宝带桥仍像长虹般地横卧在河,waterway,regex,unmatched,,0,,,,,,
外敌曾把三十多个桥,bridge,regex,unmatched,,0,,,,,,
这是清陆世仪笔下的澹台湖,water,regex,unmatched,,0,,,,,,
大运河畔的一座纤道桥,bridge,regex,unmatched,,0,,,,,,
玲珑剔透的古桥,bridge,regex,unmatched,,0,,,,,,
宝带桥确实是我国桥,bridge,regex,unmatched,,0,,,,,,
它的桥,bridge,regex,unmatched,,0,,,,,,
于古代澹台湖是宣泄太湖,water,regex,unmatched,,0,,,,,,
因此在此建桥,bridge,regex,unmatched,,0,,,,,,
桥身不用江南常见的又高又陡的石拱桥,bridge,regex,unmatched,,0,,,,,,
而是建成平坦宽阔的长桥,bridge,regex,unmatched,,0,,,,,,
这不仅减轻了桥,bridge,regex,unmatched,,0,,,,,,
有利于长桥,bridge,regex,unmatched,,0,,,,,,
最高的桥,bridge,regex,unmatched,,0,,,,,,
而且使桥,bridge,regex,unmatched,,0,,,,,,
青山翠湖,water,regex,unmatched,,0,,,,,,
并立志要在古运河之侧造座长桥,bridge,regex,unmatched,,0,,,,,,
兴工建桥,bridge,regex,unmatched,,0,,,,,,
历时四年之久大桥,bridge,regex,unmatched,,0,,,,,,
就把这座桥命名为宝带桥,bridge,regex,unmatched,,0,,,,,,
捐带建桥,bridge,regex,unmatched,,0,,,,,,
古老的宝带桥,bridge,regex,unmatched,,0,,,,,,
并焚劫圆明园）悍然下令拆毁一个桥,bridge,regex,unmatched,,0,,,,,,
结果造成北端二十六个桥,bridge,regex,unmatched,,0,,,,,,
本侵略者也曾用飞机炸毁了南端六个桥,bridge,regex,unmatched,,0,,,,,,
旧时的宝带桥,bridge,regex,unmatched,,0,,,,,,
邮电部曾出过一套4枚古桥,bridge,regex,unmatched,,0,,,,,,
到宝带桥和石湖的行春桥,bridge,regex,unmatched,,0,,,,,,
葑门外饶溪港,waterway,regex,unmatched,,0,,,,,,
近几年中秋之夜前往宝带桥,bridge,regex,unmatched,,0,,,,,,
宝带桥不仅是建桥,bridge,regex,unmatched,,0,,,,,,
历史之桥,bridge,regex,unmatched,,0,,,,,,
长虹卧波宝带桥（二）崔晋余说到宝带桥,bridge,regex,unmatched,,0,,,,,,
人们都说它是中国的一座古代名桥,bridge,regex,unmatched,,0,,,,,,
说到宝带桥,bridge,regex,review,fuzzy,0.75,宝带桥,way,460257370,tourism:attraction,120.649476,31.2587641
它那精湛的造桥,bridge,regex,unmatched,,0,,,,,,
宝带一长桥,bridge,regex,review,fuzzy,0.75,宝带桥,way,460257370,tourism:attraction,120.649476,31.2587641
人们带到了评说宝带桥,bridge,regex,unmatched,,0,,,,,,
这座彩虹般的石桥,bridge,regex,unmatched,,0,,,,,,
横卧在大运河和澹台湖,water,regex,unmatched,,0,,,,,,
苏杭水陆交通所必经的路,road,regex,unmatched,,0,,,,,,
（宝带桥,bridge,regex,review,exact,1.0,宝带桥,way,460257370,tourism:attraction,120.649476,31.2587641
军飞机又炸毁桥,bridge,regex,unmatched,,0,,,,,,
于宝带桥,bridge,regex,review,fuzzy,0.857,宝带桥,way,460257370,tourism:attraction,120.649476,31.2587641
所以人们把它和河北的安济桥,bridge,regex,unmatched,,0,,,,,,
广西的程阳桥,bridge,regex,unmatched,,0,,,,,,
川的珠浦桥,bridge,regex,unmatched,,0,,,,,,
中国的四大古桥,bridge,regex,unmatched,,0,,,,,,
其中就有宝带桥,bridge,regex,unmatched,,0,,,,,,
这样处理使宝带桥,bridge,regex,unmatched,,0,,,,,,
桥的第27与第28孔桥,bridge,regex,unmatched,,0,,,,,,
形制与桥,bridge,regex,unmatched,,0,,,,,,
实是中国桥,bridge,regex,unmatched,,0,,,,,,
写出了宛若苍龙的宝带桥,bridge,regex,unmatched,,0,,,,,,
虹卧五湖,water,regex,unmatched,,0,,,,,,
这更写出了宝带桥,bridge,regex,unmatched,,0,,,,,,
阖城男女老少纷纷来到宝带桥,bridge,regex,unmatched,,0,,,,,,
宝带桥这座中国名桥,bridge,regex,unmatched,,0,,,,,,
苏州古桥,bridge,regex,unmatched,,0,,,,,,
宝带桥张文献我认识的宝带桥,bridge,regex,unmatched,,0,,,,,,
它叫五十二三环龙桥,bridge,regex,unmatched,,0,,,,,,
然而那桥的桥,bridge,regex,unmatched,,0,,,,,,
偶然下乡或出差经过宝带桥,bridge,regex,unmatched,,0,,,,,,
然而那种感觉却与我心中的宝带桥,bridge,regex,unmatched,,0,,,,,,
虽说我现在居住的龙桥小镇与宝带桥,bridge,regex,unmatched,,0,,,,,,
以后只要看到有关介绍宝带桥,bridge,regex,unmatched,,0,,,,,,
我终于登上了这座古老的石拱桥,bridge,regex,unmatched,,0,,,,,,
那滔滔的运河,waterway,regex,unmatched,,0,,,,,,
似乎使我听到那一块块光滑的青石桥,bridge,regex,unmatched,,0,,,,,,
个个几乎被压弯的桥,bridge,regex,unmatched,,0,,,,,,
你为澹台湖,water,regex,unmatched,,0,,,,,,
你为太湖,water,regex,unmatched,,0,,,,,,
走在长长的桥,bridge,regex,unmatched,,0,,,,,,
座桥拥有五十三个桥,bridge,regex,unmatched,,0,,,,,,
我心中的桥,bridge,regex,unmatched,,0,,,,,,
千年沧桑宝带桥,bridge,regex,unmatched,,0,,,,,,
长虹卧波显神韵谷于走在宝带桥,bridge,regex,unmatched,,0,,,,,,
人类历史上第一座桥,bridge,regex,unmatched,,0,,,,,,
最早意义上的桥,bridge,regex,unmatched,,0,,,,,,
即所谓的独木桥,bridge,regex,unmatched,,0,,,,,,
座精美绝伦的长长石桥就侧卧在古运河,waterway,regex,unmatched,,0,,,,,,
于是下令开凿江南河,waterway,regex,unmatched,,0,,,,,,
江南河,waterway,regex,unmatched,,0,,,,,,
北运河,waterway,regex,unmatched,,0,,,,,,
世界上最长的一条人工运河,waterway,regex,unmatched,,0,,,,,,
但大运河,waterway,regex,matched,contains,0.75,大运河,way,293947723,waterway:river,120.6449042,31.2770083
当船队行至澹台湖,water,regex,unmatched,,0,,,,,,
哀号声在澹台湖,water,regex,unmatched,,0,,,,,,
口造一座长桥,bridge,regex,unmatched,,0,,,,,,
筹建这座桥,bridge,regex,unmatched,,0,,,,,,
历时4年建成了举世无双的宝带桥,bridge,regex,unmatched,,0,,,,,,
便于太湖,water,regex,unmatched,,0,,,,,,
建桥,bridge,regex,unmatched,,0,,,,,,
这种桥,bridge,regex,unmatched,,0,,,,,,
孔受力波及全桥,bridge,regex,unmatched,,0,,,,,,
防止一孔坍毁而影响整桥,bridge,regex,unmatched,,0,,,,,,
改成由两个并立的桥,bridge,regex,unmatched,,0,,,,,,
构成刚性桥,bridge,regex,unmatched,,0,,,,,,
这些刚柔相济的桥,bridge,regex,unmatched,,0,,,,,,
使整座长桥,bridge,regex,unmatched,,0,,,,,,
分别安置在桥,bridge,regex,unmatched,,0,,,,,,
了使自己亲手建造的石桥,bridge,regex,unmatched,,0,,,,,,
匠人们又在宝带桥桥北与桥,bridge,regex,unmatched,,0,,,,,,
希望它们能像守护神一样保佑石桥,bridge,regex,unmatched,,0,,,,,,
当纤夫的号子在宝带桥,bridge,regex,unmatched,,0,,,,,,
苍龙浮水的长长石桥,bridge,regex,unmatched,,0,,,,,,
我们现在所见到的并不是唐代的宝带桥,bridge,regex,unmatched,,0,,,,,,
唐代始建的宝带桥,bridge,regex,unmatched,,0,,,,,,
度宝带桥,bridge,regex,review,fuzzy,0.857,宝带桥,way,460257370,tourism:attraction,120.649476,31.2587641
以建木桥,bridge,regex,unmatched,,0,,,,,,
处在黄金水道上的宝带桥,bridge,regex,unmatched,,0,,,,,,
宝带桥又成了一座长长的石拱桥,bridge,regex,unmatched,,0,,,,,,
这是当时的僧人善住经过此桥,bridge,regex,unmatched,,0,,,,,,
中可依稀领略唐代宝带桥,bridge,regex,unmatched,,0,,,,,,
当时桥,bridge,regex,unmatched,,0,,,,,,
了不使康熙下江南因看不到这座唐代名桥,bridge,regex,unmatched,,0,,,,,,
捐资重修宝带桥,bridge,regex,unmatched,,0,,,,,,
开凿太仓浏河,waterway,regex,unmatched,,0,,,,,,
光重修宝带桥,bridge,regex,unmatched,,0,,,,,,
准备偷袭驻守在宝带桥,bridge,regex,unmatched,,0,,,,,,
但长长的宝带桥挡住了他的去路,road,regex,unmatched,,0,,,,,,
于是他悍然下令将桥,bridge,regex,unmatched,,0,,,,,,
刚性桥墩一倒殃及其他桥,bridge,regex,unmatched,,0,,,,,,
另有十余人在桥,bridge,regex,unmatched,,0,,,,,,
桥南端的六个桥,bridge,regex,unmatched,,0,,,,,,
此时的宝带桥,bridge,regex,unmatched,,0,,,,,,
也给宝带桥,bridge,regex,review,fuzzy,0.75,宝带桥,way,460257370,tourism:attraction,120.649476,31.2587641
国家拨款修建了这座破旧不堪的千年古桥,bridge,regex,unmatched,,0,,,,,,
江苏省文化厅拨款对宝带桥,bridge,regex,unmatched,,0,,,,,,
拔除在宝带桥,bridge,regex,unmatched,,0,,,,,,
建于70年代距宝带桥,bridge,regex,unmatched,,0,,,,,,
米之遥的205省道公路桥,bridge,regex,unmatched,,0,,,,,,
了保护这座古桥,bridge,regex,unmatched,,0,,,,,,
桥北切断公路桥,bridge,regex,unmatched,,0,,,,,,
另开凿湖,water,regex,unmatched,,0,,,,,,
使宝带桥,bridge,regex,review,fuzzy,0.857,宝带桥,way,460257370,tourism:attraction,120.649476,31.2587641
我市交通市政公路,road,regex,unmatched,,0,,,,,,
公司又成功地拆除了这座与宝带桥,bridge,regex,unmatched,,0,,,,,,
平行的公路桥,bridge,regex,unmatched,,0,,,,,,
它与赵州的安济桥,bridge,regex,unmatched,,0,,,,,,
北京的卢沟桥,bridge,regex,unmatched,,0,,,,,,
米长的宝带桥,bridge,regex,unmatched,,0,,,,,,
如今你如乘着小舟靠近石桥,bridge,regex,unmatched,,0,,,,,,
这座吴中大地的历史名桥,bridge,regex,unmatched,,0,,,,,,
星桥控五湖,water,regex,unmatched,,0,,,,,,
这是明代一位诗人吟咏宝带桥,bridge,regex,unmatched,,0,,,,,,
形象地描绘了这座名桥,bridge,regex,unmatched,,0,,,,,,
见于典籍的三百五十多座苏州古桥,bridge,regex,unmatched,,0,,,,,,
横卧古运河,waterway,regex,unmatched,,0,,,,,,
凌踞澹台湖,water,regex,unmatched,,0,,,,,,
自隋炀帝开凿江南大运河,waterway,regex,unmatched,,0,,,,,,
江浙的粮食开始由水路,road,regex,unmatched,,0,,,,,,
中外古代建桥,bridge,regex,unmatched,,0,,,,,,
可证此桥在元代已是石拱桥,bridge,regex,unmatched,,0,,,,,,
明代重建的宝带桥,bridge,regex,unmatched,,0,,,,,,
基本上已是今桥,bridge,regex,unmatched,,0,,,,,,
英人目睹此桥,bridge,regex,unmatched,,0,,,,,,
世间不可多见之长桥,bridge,regex,unmatched,,0,,,,,,
古宝带桥,bridge,regex,review,fuzzy,0.857,宝带桥,way,460257370,tourism:attraction,120.649476,31.2587641
减轻了桥,bridge,regex,unmatched,,0,,,,,,
防止了多孔桥,bridge,regex,unmatched,,0,,,,,,
既不同于赵州桥,bridge,regex,unmatched,,0,,,,,,
也不同于卢沟桥,bridge,regex,unmatched,,0,,,,,,
美如长虹的名桥,bridge,regex,unmatched,,0,,,,,,
倍添了澹台湖,water,regex,unmatched,,0,,,,,,
搅起满湖,water,regex,unmatched,,0,,,,,,
影恰同桥,bridge,regex,unmatched,,0,,,,,,
个月影映于湖,water,regex,unmatched,,0,,,,,,
省交通厅于1972年在古桥,bridge,regex,unmatched,,0,,,,,,
旁建了一座多孔连翼的新宝带桥,bridge,regex,unmatched,,0,,,,,,
新老二桥,bridge,regex,unmatched,,0,,,,,,
难忘宝带桥坠家炎年少时去过宝带桥,bridge,regex,unmatched,,0,,,,,,
曾步行在桥,bridge,regex,unmatched,,0,,,,,,
那时宝带桥,bridge,regex,review,fuzzy,0.75,宝带桥,way,460257370,tourism:attraction,120.649476,31.2587641
公路木桥比石砌的宝带桥,bridge,regex,unmatched,,0,,,,,,
因此在300多米的木桥,bridge,regex,unmatched,,0,,,,,,
于后来什么时候又改成水泥大桥,bridge,regex,unmatched,,0,,,,,,
留在我印象中的宝带桥,bridge,regex,unmatched,,0,,,,,,
低低地躺在大运河,waterway,regex,unmatched,,0,,,,,,
跨越宽阔的澹台湖,water,regex,unmatched,,0,,,,,,
就像是一条玉带躺在碧波荡漾的河,waterway,regex,unmatched,,0,,,,,,
宝带桥位于大运河与澹台湖（太湖岔港,waterway,regex,unmatched,,0,,,,,,
湖的必经之路,road,regex,unmatched,,0,,,,,,
唐代时大运河沿河,waterway,regex,unmatched,,0,,,,,,
募集资金造桥,bridge,regex,unmatched,,0,,,,,,
了使得湖,water,regex,unmatched,,0,,,,,,
使得宝带桥,bridge,regex,review,fuzzy,0.75,宝带桥,way,460257370,tourism:attraction,120.649476,31.2587641
孔间桥,bridge,regex,unmatched,,0,,,,,,
我步行去了宝带桥,bridge,regex,unmatched,,0,,,,,,
直走到大运河,waterway,regex,unmatched,,0,,,,,,
然后沿着运河边上一条叫宝南路的道路,road,regex,unmatched,,0,,,,,,
路的东面是运河,waterway,regex,unmatched,,0,,,,,,
宝南路的北尽头就是宝带桥,bridge,regex,unmatched,,0,,,,,,
那里现在是宝带桥社区,community,regex,unmatched,,0,,,,,,
路北一扇大门挡住去路,road,regex,unmatched,,0,,,,,,
走进小门宽阔的河,waterway,regex,unmatched,,0,,,,,,
条久组的石板平桥,bridge,regex,unmatched,,0,,,,,,
只是过去的公路桥,bridge,regex,unmatched,,0,,,,,,
剩下一排桥,bridge,regex,unmatched,,0,,,,,,
走上宝带桥,bridge,regex,review,fuzzy,0.75,宝带桥,way,460257370,tourism:attraction,120.649476,31.2587641
远方的游客驻足桥上欣赏湖,water,regex,unmatched,,0,,,,,,
士农工商簇拥桥上观看宝带桥,bridge,regex,unmatched,,0,,,,,,
如今古老的宝带桥,bridge,regex,unmatched,,0,,,,,,
偶然出现几个村,settlement,regex,unmatched,,0,,,,,,
只有桥,bridge,regex,unmatched,,0,,,,,,
宝带桥就建在澹台湖,water,regex,unmatched,,0,,,,,,
赏月宝带桥,bridge,regex,review,fuzzy,0.75,宝带桥,way,460257370,tourism:attraction,120.649476,31.2587641
出名的是石湖,water,regex,unmatched,,0,,,,,,
那里有行春桥,bridge,regex,unmatched,,0,,,,,,
理应以宝带桥,bridge,regex,unmatched,,0,,,,,,
就可看见宝带桥,bridge,regex,unmatched,,0,,,,,,
亲自数一数宝带桥究竟有多少个桥,bridge,regex,unmatched,,0,,,,,,
环桥,bridge,regex,review,fuzzy,0.8,南环桥,relation,12440888,named,120.6434843,31.2839565
杭州回来路,road,regex,unmatched,,0,,,,,,
礼拜天结伴骑了自行车到桥,bridge,regex,unmatched,,0,,,,,,
孔桥,bridge,regex,unmatched,,0,,,,,,
这座桥,bridge,regex,unmatched,,0,,,,,,
今天的宝带桥,bridge,regex,unmatched,,0,,,,,,
称其为明桥,bridge,regex,unmatched,,0,,,,,,
什么桥,bridge,regex,unmatched,,0,,,,,,
众议要造座桥,bridge,regex,unmatched,,0,,,,,,
解下自己的腰带为造桥,bridge,regex,unmatched,,0,,,,,,
中外桥,bridge,regex,unmatched,,0,,,,,,
它是中国今存桥,bridge,regex,unmatched,,0,,,,,,
桥墩最薄的石拱桥,bridge,regex,unmatched,,0,,,,,,
其他三座桥,bridge,regex,unmatched,,0,,,,,,
安济桥（又名赵州桥,bridge,regex,unmatched,,0,,,,,,
珠浦桥,bridge,regex,unmatched,,0,,,,,,
程阳桥,bridge,regex,unmatched,,0,,,,,,
可以与我国现存最著名的古代大石拱桥,bridge,regex,unmatched,,0,,,,,,
赵州桥,bridge,regex,unmatched,,0,,,,,,
我有过一次宝带桥,bridge,regex,unmatched,,0,,,,,,
请航道处派了只小汽艇去宝带桥,bridge,regex,unmatched,,0,,,,,,
稻香村,settlement,regex,unmatched,,0,,,,,,
汽艇在宝带桥,bridge,regex,unmatched,,0,,,,,,
那是我第一次走上宝带桥,bridge,regex,unmatched,,0,,,,,,
长长的辅桥,bridge,regex,unmatched,,0,,,,,,
很有点乡村,settlement,regex,unmatched,,0,,,,,,
而像宝带桥这样与河道平行的古桥,bridge,regex,unmatched,,0,,,,,,
了保护古桥,bridge,regex,unmatched,,0,,,,,,
不让古桥,bridge,regex,unmatched,,0,,,,,,
苏州市在古桥西侧修筑了一座公路桥,bridge,regex,unmatched,,0,,,,,,
既大大减轻了古桥,bridge,regex,unmatched,,0,,,,,,
也可让更多的游人从陆上一睹宝带桥,bridge,regex,unmatched,,0,,,,,,
但真正在桥,bridge,regex,unmatched,,0,,,,,,
或是在公路桥,bridge,regex,unmatched,,0,,,,,,
才能感受到桥,bridge,regex,unmatched,,0,,,,,,
感受到宝带桥由于桥,bridge,regex,unmatched,,0,,,,,,
我曾听桥梁专家讲过宝带桥,bridge,regex,unmatched,,0,,,,,,
可以防止多桥,bridge,regex,unmatched,,0,,,,,,
这在古桥,bridge,regex,unmatched,,0,,,,,,
这样的古桥,bridge,regex,unmatched,,0,,,,,,
写宝带桥,bridge,regex,review,fuzzy,0.857,宝带桥,way,460257370,tourism:attraction,120.649476,31.2587641
假如把中秋月下走宝带桥,bridge,regex,unmatched,,0,,,,,,
那些在桥,bridge,regex,unmatched,,0,,,,,,
跑到公路桥,bridge,regex,unmatched,,0,,,,,,
船行在运河,waterway,regex,unmatched,,0,,,,,,
能见到每一个桥,bridge,regex,unmatched,,0,,,,,,
我虽多次去过宝带桥,bridge,regex,unmatched,,0,,,,,,
凌波见匠心吴县文管及历经沧桑的宝带桥,bridge,regex,unmatched,,0,,,,,,
像一条长龙踞卧于碧波荡漾的运河,waterway,regex,unmatched,,0,,,,,,
祖国河,waterway,regex,unmatched,,0,,,,,,
桥南北两端立脚于岸边的巨大桥,bridge,regex,unmatched,,0,,,,,,
座桥,bridge,regex,unmatched,,0,,,,,,
支承着河,waterway,regex,unmatched,,0,,,,,,
桥址接近湖,water,regex,unmatched,,0,,,,,,
保证桥,bridge,regex,unmatched,,0,,,,,,
今天在桥,bridge,regex,unmatched,,0,,,,,,
宝带桥采用的这一类桥,bridge,regex,unmatched,,0,,,,,,
就要牵动两边的桥,bridge,regex,unmatched,,0,,,,,,
连续拱桥（简称连拱桥,bridge,regex,unmatched,,0,,,,,,
连拱的桥,bridge,regex,unmatched,,0,,,,,,
它相连接的两个桥,bridge,regex,unmatched,,0,,,,,,
严重时甚至引起全桥,bridge,regex,unmatched,,0,,,,,,
连拱桥,bridge,regex,unmatched,,0,,,,,,
一个或若干个桥,bridge,regex,unmatched,,0,,,,,,
今天建造连拱桥,bridge,regex,unmatched,,0,,,,,,
建造宝带桥,bridge,regex,review,fuzzy,0.75,宝带桥,way,460257370,tourism:attraction,120.649476,31.2587641
拆掉了宝带桥,bridge,regex,unmatched,,0,,,,,,
这个事实充分看出宝带桥,bridge,regex,unmatched,,0,,,,,,
陡拱的拱脚对桥台桥,bridge,regex,unmatched,,0,,,,,,
桥台桥,bridge,regex,unmatched,,0,,,,,,
陡拱的桥,bridge,regex,unmatched,,0,,,,,,
全桥,bridge,regex,unmatched,,0,,,,,,
比之全桥,bridge,regex,unmatched,,0,,,,,,
且使桥,bridge,regex,unmatched,,0,,,,,,
宝带桥也反映了中国古代桥,bridge,regex,unmatched,,0,,,,,,
铰石拱桥,bridge,regex,unmatched,,0,,,,,,
当拱桥,bridge,regex,unmatched,,0,,,,,,
但多铰石拱桥也有悬索桥,bridge,regex,unmatched,,0,,,,,,
车马行人过桥,bridge,regex,unmatched,,0,,,,,,
宝带桥全桥,bridge,regex,review,fuzzy,0.75,宝带桥,way,460257370,tourism:attraction,120.649476,31.2587641
填料除了能起支托路,road,regex,unmatched,,0,,,,,,
还多少有助于增加多铰石拱桥,bridge,regex,unmatched,,0,,,,,,
历史上留下来的珍贵的宝带桥,bridge,regex,unmatched,,0,,,,,,
老宝带桥,bridge,regex,review,fuzzy,0.857,宝带桥,way,460257370,tourism:attraction,120.649476,31.2587641
江苏省交通局在老宝带桥,bridge,regex,unmatched,,0,,,,,,
近旁动工建造一座新宝带桥,bridge,regex,unmatched,,0,,,,,,
技术人员看到宝带桥,bridge,regex,unmatched,,0,,,,,,
江南水乡习见的半圆拱桥,bridge,regex,unmatched,,0,,,,,,
故确定桥型为我国建桥,bridge,regex,unmatched,,0,,,,,,
工人新创的富有民族特色的双曲拱桥,bridge,regex,unmatched,,0,,,,,,
此新老宝带桥,bridge,regex,unmatched,,0,,,,,,
内心不禁深赞古今桥,bridge,regex,unmatched,,0,,,,,,
新老两桥,bridge,regex,unmatched,,0,,,,,,
新中国的建桥,bridge,regex,unmatched,,0,,,,,,
横架在古运河与澹台湖之间的河,waterway,regex,unmatched,,0,,,,,,
它与赵州桥,bridge,regex,unmatched,,0,,,,,,
卢沟桥等合称为中国的十大名桥,bridge,regex,unmatched,,0,,,,,,
度还搭建木桥,bridge,regex,unmatched,,0,,,,,,
元朝时重建成石拱桥,bridge,regex,unmatched,,0,,,,,,
其结构与规模与今天的宝带桥,bridge,regex,unmatched,,0,,,,,,
才免于葬身河,waterway,regex,unmatched,,0,,,,,,
经修理后仅32年的宝带桥,bridge,regex,unmatched,,0,,,,,,
上述两志书对毁桥,bridge,regex,unmatched,,0,,,,,,
而把毁桥,bridge,regex,unmatched,,0,,,,,,
葑门外和宝带桥,bridge,regex,unmatched,,0,,,,,,
号轮船顺利通过宝带桥,bridge,regex,unmatched,,0,,,,,,
不顾大桥,bridge,regex,unmatched,,0,,,,,,
悍然下令将大桥,bridge,regex,unmatched,,0,,,,,,
宝带桥曾有铁栏杆杜祯彬如今的宝带桥,bridge,regex,unmatched,,0,,,,,,
宝带桥桥面两侧却有连续的铸铁桥,bridge,regex,unmatched,,0,,,,,,
桥面两侧桥板上还残留着部分固定桥,bridge,regex,unmatched,,0,,,,,,
给宝带桥加桥,bridge,regex,unmatched,,0,,,,,,
可能始于一起塌桥,bridge,regex,unmatched,,0,,,,,,
汽船驶入太湖,water,regex,unmatched,,0,,,,,,
捉民夫拆去宝带桥,bridge,regex,unmatched,,0,,,,,,
于宝带桥的桥,bridge,regex,unmatched,,0,,,,,,
个桥,bridge,regex,unmatched,,0,,,,,,
此次拆桥导致宝带桥,bridge,regex,unmatched,,0,,,,,,
尤其是冰雪天因桥,bridge,regex,unmatched,,0,,,,,,
工程部门遂加装了铸铁桥,bridge,regex,unmatched,,0,,,,,,
无论是铸铁冶炼技术还是桥,bridge,regex,unmatched,,0,,,,,,
加装铸铁桥,bridge,regex,unmatched,,0,,,,,,
说明这一桥,bridge,regex,unmatched,,0,,,,,,
那么宝带桥的桥,bridge,regex,unmatched,,0,,,,,,
说明至少在1910年之前已经移除桥,bridge,regex,unmatched,,0,,,,,,
有些宝带桥照片上桥,bridge,regex,unmatched,,0,,,,,,
境域因地处滨湖,water,regex,unmatched,,0,,,,,,
节农村,settlement,regex,unmatched,,0,,,,,,
藉以解放农村,settlement,regex,unmatched,,0,,,,,,
新中国的工业化开辟道路,road,regex,unmatched,,0,,,,,,
关于划分农村,settlement,regex,unmatched,,0,,,,,,
如境内下田村,settlement,regex,unmatched,,0,,,,,,
境域完成农村,settlement,regex,unmatched,,0,,,,,,
自然村,settlement,regex,unmatched,,0,,,,,,
个王家浜,waterway,regex,unmatched,,0,,,,,,
钱三元3808002王家浜,waterway,regex,unmatched,,0,,,,,,
金福根4909003王家浜,waterway,regex,unmatched,,0,,,,,,
泥河,waterway,regex,unmatched,,0,,,,,,
田潘和尚612012050泥河,waterway,regex,unmatched,,0,,,,,,
田朱根宝310010003泥河,waterway,regex,unmatched,,0,,,,,,
个泥河,waterway,regex,unmatched,,0,,,,,,
田马五宝4909003泥河,waterway,regex,unmatched,,0,,,,,,
田沈香林512012003泥河,waterway,regex,unmatched,,0,,,,,,
田朱长法311011050泥河,waterway,regex,unmatched,,0,,,,,,
田付火生2606020泥河,waterway,regex,unmatched,,0,,,,,,
田任招生3303000泥河,waterway,regex,unmatched,,0,,,,,,
个牛桩浜,waterway,regex,unmatched,,0,,,,,,
陈祥高4900003牛桩浜,waterway,regex,unmatched,,0,,,,,,
个金家村,settlement,regex,unmatched,,0,,,,,,
个钱家村,settlement,regex,unmatched,,0,,,,,,
周根火3606002钱家村,settlement,regex,unmatched,,0,,,,,,
徐升源411011050钱家村,settlement,regex,unmatched,,0,,,,,,
周惠根1404000朱塔浜,waterway,regex,unmatched,,0,,,,,,
个朱塔浜,waterway,regex,unmatched,,0,,,,,,
个下田村,settlement,regex,unmatched,,0,,,,,,
陆文龙2505040下田村,settlement,regex,unmatched,,0,,,,,,
下田村徐老土1202000下田村,settlement,regex,unmatched,,0,,,,,,
个小村,settlement,regex,unmatched,,0,,,,,,
夏金泉413013004小村,settlement,regex,unmatched,,0,,,,,,
境域村,settlement,regex,unmatched,,0,,,,,,
境域办起了泥河,waterway,regex,unmatched,,0,,,,,,
关于在农村,settlement,regex,unmatched,,0,,,,,,
关于改变农村,settlement,regex,unmatched,,0,,,,,,
新华2个大队暨生产队干部至龙桥,bridge,regex,unmatched,,0,,,,,,
围澹台湖,water,regex,matched,contains,0.75,澹台湖,relation,7359510,natural:water,120.6457856,31.2578039
人工开挖生产河,waterway,regex,unmatched,,0,,,,,,
派出150名基干民兵支援浏河,waterway,regex,unmatched,,0,,,,,,
构筑太湖,water,regex,unmatched,,0,,,,,,
派出150名基干民兵支援东太湖,water,regex,unmatched,,0,,,,,,
派出150名基干民兵支援太浦河,waterway,regex,unmatched,,0,,,,,,
中国农村,settlement,regex,unmatched,,0,,,,,,
切可以到农村,settlement,regex,unmatched,,0,,,,,,
城市的中小学,education,regex,unmatched,,0,,,,,,
城镇中学毕业生主要面向农村,settlement,regex,unmatched,,0,,,,,,
知识青年到农村,settlement,regex,unmatched,,0,,,,,,
宝南两个大队学习外地农村,settlement,regex,unmatched,,0,,,,,,
分田到748户村,settlement,regex,unmatched,,0,,,,,,
其中宝尹村,settlement,regex,unmatched,,0,,,,,,
分田到307户村,settlement,regex,unmatched,,0,,,,,,
宝南村1946亩耕地分田到441户村,settlement,regex,unmatched,,0,,,,,,
其中村,settlement,regex,unmatched,,0,,,,,,
宝南村下辖21个村,settlement,regex,unmatched,,0,,,,,,
宝南村经济合作社为所在村,settlement,regex,unmatched,,0,,,,,,
村经济合作社承担全村,settlement,regex,unmatched,,0,,,,,,
管理村,settlement,regex,unmatched,,0,,,,,,
陈志明任宝尹村,settlement,regex,unmatched,,0,,,,,,
陈锦男任宝南村,settlement,regex,unmatched,,0,,,,,,
杨金木任宝南村,settlement,regex,unmatched,,0,,,,,,
姚水龙任宝尹村,settlement,regex,unmatched,,0,,,,,,
翁木云任宝南村,settlement,regex,unmatched,,0,,,,,,
（刑）股份博作社在农村,settlement,regex,unmatched,,0,,,,,,
徐志华任宝带桥社区,community,regex,unmatched,,0,,,,,,
时间宝带桥,bridge,regex,review,fuzzy,0.75,宝带桥,way,460257370,tourism:attraction,120.649476,31.2587641
城南街道统一在东湖社区,community,regex,unmatched,,0,,,,,,
节农副业境域为滨湖,water,regex,unmatched,,0,,,,,,
（刑）面另与产量耕地面积宝带桥社区,community,regex,unmatched,,0,,,,,,
境域地处太湖,water,regex,unmatched,,0,,,,,,
并修筑了机耕路,road,regex,unmatched,,0,,,,,,
围堵澹台湖,water,regex,unmatched,,0,,,,,,
亩悉数退耕还湖,water,regex,unmatched,,0,,,,,,
每年不但满足了村,settlement,regex,unmatched,,0,,,,,,
有的村,settlement,regex,unmatched,,0,,,,,,
境内各村,settlement,regex,unmatched,,0,,,,,,
还要求冬前要浇灌水河,waterway,regex,unmatched,,0,,,,,,
又找到提高集体和村,settlement,regex,unmatched,,0,,,,,,
落前后的河,waterway,regex,unmatched,,0,,,,,,
因此境内村,settlement,regex,unmatched,,0,,,,,,
新华大队把450亩澹台湖面的西半个湖,water,regex,unmatched,,0,,,,,,
东半个湖面围栏好后与长桥,bridge,regex,unmatched,,0,,,,,,
因澹台湖被围湖,water,regex,unmatched,,0,,,,,,
下田土地庙上建立了大队养猪场的指导站,transport,regex,unmatched,,0,,,,,,
不但站,transport,regex,unmatched,,0,,,,,,
起还在澹台湖,water,regex,unmatched,,0,,,,,,
龙桥的两个食品收购站,transport,regex,unmatched,,0,,,,,,
食品收购站,transport,regex,unmatched,,0,,,,,,
公社还成立了畜牧兽医站,transport,regex,unmatched,,0,,,,,,
确保轻微小病不出村,settlement,regex,unmatched,,0,,,,,,
疑难病情有兽医站,transport,regex,unmatched,,0,,,,,,
也有畜牧兽医站,transport,regex,unmatched,,0,,,,,,
境内随着农村,settlement,regex,unmatched,,0,,,,,,
兔毛由当地公社收购站,transport,regex,unmatched,,0,,,,,,
境内钱家村的周永明和下田村,settlement,regex,unmatched,,0,,,,,,
其中金星（宝尹）大队养殖在苏嘉公路,road,regex,unmatched,,0,,,,,,
东（吴县染料厂北）的运河,waterway,regex,unmatched,,0,,,,,,
新华大队养殖在澹台湖,water,regex,unmatched,,0,,,,,,
新华大队在澹台湖西围湖,water,regex,unmatched,,0,,,,,,
金星大队第6生产队在夹河,waterway,regex,unmatched,,0,,,,,,
宝尹村第6村民组把夹河,waterway,regex,unmatched,,0,,,,,,
吴县水产局在澹台湖,water,regex,unmatched,,0,,,,,,
宝尹村第6村民组夹河,waterway,regex,unmatched,,0,,,,,,
会去河浜,waterway,regex,unmatched,,0,,,,,,
丝网放入河,waterway,regex,unmatched,,0,,,,,,
用自己编织的竹笼子在河浜,waterway,regex,unmatched,,0,,,,,,
用小耥网去河浜,waterway,regex,unmatched,,0,,,,,,
事水上运输的村,settlement,regex,unmatched,,0,,,,,,
鼓励村,settlement,regex,unmatched,,0,,,,,,
机动船的兴起大大降低了运输村,settlement,regex,unmatched,,0,,,,,,
位于苏嘉杭公路,road,regex,unmatched,,0,,,,,,
站铁路,road,regex,unmatched,,0,,,,,,
新华大队派出51人去铁路,road,regex,unmatched,,0,,,,,,
境内宝尹（金星）村,settlement,regex,unmatched,,0,,,,,,
宝南（新华）村,settlement,regex,unmatched,,0,,,,,,
主要是为铁路部门修建铁路,road,regex,unmatched,,0,,,,,,
大搞公路,road,regex,unmatched,,0,,,,,,
有的参与公路,road,regex,unmatched,,0,,,,,,
服务对象为本大队和附近村,settlement,regex,unmatched,,0,,,,,,
时为村,settlement,regex,unmatched,,0,,,,,,
宝南（新华）2个大队（村,settlement,regex,unmatched,,0,,,,,,
宝尹2个村,settlement,regex,unmatched,,0,,,,,,
开展村,settlement,regex,unmatched,,0,,,,,,
其他村,settlement,regex,unmatched,,0,,,,,,
南港河,waterway,regex,unmatched,,0,,,,,,
个备注牛桩浜,waterway,regex,unmatched,,0,,,,,,
金星北港河,waterway,regex,unmatched,,0,,,,,,
停办王家浜,waterway,regex,unmatched,,0,,,,,,
停办宝带桥,bridge,regex,review,fuzzy,0.75,宝带桥,way,460257370,tourism:attraction,120.649476,31.2587641
苏嘉公路朱河店桥,bridge,regex,unmatched,,0,,,,,,
停办长桥,bridge,regex,unmatched,,0,,,,,,
位于天灵路,road,regex,matched,contains,0.6,天灵路,way,343176075,highway:secondary,120.6323266,31.2473515
位于迎春南路,road,regex,matched,contains,0.667,迎春南路,way,523621575,highway:tertiary,120.6367146,31.2541242
扩散板1000万元95优德太湖,water,regex,unmatched,,0,,,,,,
供应村,settlement,regex,unmatched,,0,,,,,,
境域开始老村,settlement,regex,unmatched,,0,,,,,,
批拆迁泥河,waterway,regex,unmatched,,0,,,,,,
港南浜183户村民搬迁至朱塔浜,waterway,regex,unmatched,,0,,,,,,
位于石湖东路,road,regex,review,fuzzy,0.8,石湖东路,node,2716415625,railway:station,120.6254096,31.2555327
位于迎春路,road,regex,unmatched,,0,,,,,,
位于迎春南路钱家新村,residential,regex,unmatched,,0,,,,,,
位于钱家新村,residential,regex,unmatched,,0,,,,,,
金电器12南浜,waterway,regex,unmatched,,0,,,,,,
小河小浜,waterway,regex,unmatched,,0,,,,,,
当地社区,community,regex,unmatched,,0,,,,,,
设立了党群服务中心,service,regex,unmatched,,0,,,,,,
交通公路,road,regex,review,fuzzy,0.857,交通路,way,503535613,highway:trunk,120.6527833,31.2247729
土筑沿古运河的苏（州）嘉（兴）公路,road,regex,unmatched,,0,,,,,,
途经境域的苏（州）嘉（兴）公路,road,regex,unmatched,,0,,,,,,
建成通车（1976年1月改沙土路,road,regex,unmatched,,0,,,,,,
面为沥青路,road,regex,unmatched,,0,,,,,,
苏州第一辆公交10路,road,regex,unmatched,,0,,,,,,
苏州公交10路改为公交13路,road,regex,unmatched,,0,,,,,,
苏州13路,road,regex,unmatched,,0,,,,,,
延伸至尹山桥,bridge,regex,unmatched,,0,,,,,,
公路改道走十苏王公路（后更名东吴南路,road,regex,unmatched,,0,,,,,,
境域公路,road,regex,unmatched,,0,,,,,,
先后建起东西向东吴南路,road,regex,unmatched,,0,,,,,,
澄湖中路等5条公路,road,regex,unmatched,,0,,,,,,
南北向迎春南路,road,regex,unmatched,,0,,,,,,
宝丰路等3条公路,road,regex,matched,contains,0.375,宝丰路,way,523332285,highway:tertiary,120.6374388,31.2416867
途经境内公路,road,regex,unmatched,,0,,,,,,
宝带桥社区境域公路,road,regex,unmatched,,0,,,,,,
米建成时间走向东吴南路古运河,waterway,regex,unmatched,,0,,,,,,
东西迎春南路东吴南路,road,regex,unmatched,,0,,,,,,
南北天灵路古运河,waterway,regex,unmatched,,0,,,,,,
东西宝通路天灵路,road,regex,matched,contains,0.375,天灵路,way,343176075,highway:secondary,120.6323266,31.2473515
南北宝丰路澄湖中路,road,regex,unmatched,,0,,,,,,
南北澄湖东路古运河,waterway,regex,unmatched,,0,,,,,,
东西澄湖中路迎春南路,road,regex,unmatched,,0,,,,,,
东西石湖东路古运河,waterway,regex,unmatched,,0,,,,,,
途经境域的公交车有91路,road,regex,unmatched,,0,,,,,,
但当时断头浜,waterway,regex,unmatched,,0,,,,,,
小河浜,waterway,regex,unmatched,,0,,,,,,
于河,waterway,regex,unmatched,,0,,,,,,
拓宽与其他河浜,waterway,regex,unmatched,,0,,,,,,
促使水上河,waterway,regex,unmatched,,0,,,,,,
境域开掘河,waterway,regex,unmatched,,0,,,,,,
疏通河,waterway,regex,unmatched,,0,,,,,,
开拓时间河,waterway,regex,unmatched,,0,,,,,,
内河,waterway,regex,unmatched,,0,,,,,,
澹台湖北运河1000为保护宝带桥,bridge,regex,unmatched,,0,,,,,,
金家河300与宝尹村牛桩浜衔接桥,bridge,regex,unmatched,,0,,,,,,
旧时跨越河湖的桥梁除宝带桥,bridge,regex,unmatched,,0,,,,,,
小桥,bridge,regex,unmatched,,0,,,,,,
且是简陋木桥,bridge,regex,unmatched,,0,,,,,,
建起钱家村外浜桥（石板桥,bridge,regex,unmatched,,0,,,,,,
因生产队载稻麦船过不了桥,bridge,regex,unmatched,,0,,,,,,
东下田石桥（又名廿五基桥,bridge,regex,unmatched,,0,,,,,,
换上柏树板拼作的桥,bridge,regex,unmatched,,0,,,,,,
东下田廿五港北建起竹桥,bridge,regex,unmatched,,0,,,,,,
竹桥改建成木头桩竹面桥,bridge,regex,unmatched,,0,,,,,,
改建成混凝土拱桥,bridge,regex,unmatched,,0,,,,,,
并命名为迎丰桥,bridge,regex,unmatched,,0,,,,,,
境域拆除的旧桥,bridge,regex,unmatched,,0,,,,,,
危桥有夹河溇竹桥,bridge,regex,unmatched,,0,,,,,,
牛桩桥,bridge,regex,unmatched,,0,,,,,,
钱家木桥,bridge,regex,unmatched,,0,,,,,,
金家河木桥,bridge,regex,unmatched,,0,,,,,,
改造的老桥,bridge,regex,unmatched,,0,,,,,,
危桥有潘家桥,bridge,regex,unmatched,,0,,,,,,
王家浜竹桥,bridge,regex,unmatched,,0,,,,,,
迎丰桥,bridge,regex,unmatched,,0,,,,,,
梁家桥,bridge,regex,unmatched,,0,,,,,,
朱家桥,bridge,regex,unmatched,,0,,,,,,
牛桩浜石拱桥,bridge,regex,unmatched,,0,,,,,,
馨欣桥,bridge,regex,unmatched,,0,,,,,,
新建的桥梁有幸福桥,bridge,regex,unmatched,,0,,,,,,
王家浜桥,bridge,regex,unmatched,,0,,,,,,
红星桥,bridge,regex,unmatched,,0,,,,,,
朱塔浜木桥,bridge,regex,unmatched,,0,,,,,,
夹河溇竹桥,bridge,regex,unmatched,,0,,,,,,
塘角桥,bridge,regex,unmatched,,0,,,,,,
朱塔浜桥,bridge,regex,unmatched,,0,,,,,,
跃进1号桥,bridge,regex,unmatched,,0,,,,,,
跃进2号桥,bridge,regex,unmatched,,0,,,,,,
钱家石拱桥,bridge,regex,unmatched,,0,,,,,,
金家石拱桥,bridge,regex,unmatched,,0,,,,,,
境域桥,bridge,regex,unmatched,,0,,,,,,
新建公路桥梁有古塘河桥,bridge,regex,unmatched,,0,,,,,,
天灵路西1号桥,bridge,regex,matched,contains,0.429,天灵路,way,343176075,highway:secondary,120.6323266,31.2473515
澄湖东路3号桥,bridge,regex,unmatched,,0,,,,,,
天灵路东2号桥,bridge,regex,matched,contains,0.429,天灵路,way,343176075,highway:secondary,120.6323266,31.2473515
宝通路北4号桥,bridge,regex,matched,contains,0.429,宝通路,way,343176077,highway:tertiary,120.6468,31.2436335
宝通路南5号桥,bridge,regex,unmatched,,0,,,,,,
迎春南路钱家桥,bridge,regex,unmatched,,0,,,,,,
迎春南路7号桥,bridge,regex,unmatched,,0,,,,,,
迎春南路8号桥,bridge,regex,unmatched,,0,,,,,,
宝丰路9号桥,bridge,regex,matched,contains,0.5,宝丰路,way,523332285,highway:tertiary,120.6374388,31.2416867
迎春南路金家桥,bridge,regex,unmatched,,0,,,,,,
并在宝带桥·澹台湖景区,scenic,regex,unmatched,,0,,,,,,
建起了异形钢结构景观桥,bridge,regex,unmatched,,0,,,,,,
拆除的旧桥,bridge,regex,unmatched,,0,,,,,,
危桥有廿五基桥,bridge,regex,unmatched,,0,,,,,,
兴福庵桥,bridge,regex,unmatched,,0,,,,,,
潘家桥,bridge,regex,unmatched,,0,,,,,,
牛桩浜桥,bridge,regex,unmatched,,0,,,,,,
新开河桥,bridge,regex,unmatched,,0,,,,,,
外浜桥,bridge,regex,unmatched,,0,,,,,,
朱塔浜水泥桥,bridge,regex,unmatched,,0,,,,,,
朱塔浜木头桥,bridge,regex,unmatched,,0,,,,,,
幸福桥,bridge,regex,unmatched,,0,,,,,,
下田竹头桥,bridge,regex,unmatched,,0,,,,,,
兴隆桥,bridge,regex,review,fuzzy,0.75,兴隆桥社区,relation,7772491,named,120.6140829,31.2868694
了保护宝带桥,bridge,regex,unmatched,,0,,,,,,
拆除了宝带西侧的多孔连翼公路桥,bridge,regex,unmatched,,0,,,,,,
宝带桥社区境域新建桥,bridge,regex,unmatched,,0,,,,,,
米古塘河桥,bridge,regex,unmatched,,0,,,,,,
下塔星桥,bridge,regex,unmatched,,0,,,,,,
简支空心板梁1312迎春南路金家桥,bridge,regex,unmatched,,0,,,,,,
宝带桥·澹台湖景区景观桥,bridge,regex,unmatched,,0,,,,,,
钢结构拱桥,bridge,regex,unmatched,,0,,,,,,
宝带桥社区境域拆除旧桥,bridge,regex,unmatched,,0,,,,,,
宝尹王家浜王家浜桥,bridge,regex,unmatched,,0,,,,,,
竹桥宝尹东南港馨欣桥,bridge,regex,unmatched,,0,,,,,,
宝尹泥河港迎丰桥,bridge,regex,unmatched,,0,,,,,,
宝尹泥河港梁家桥,bridge,regex,unmatched,,0,,,,,,
宝尹泥河港跃进1号桥,bridge,regex,unmatched,,0,,,,,,
宝尹泥河港跃进2号桥,bridge,regex,unmatched,,0,,,,,,
宝尹沿字港胜利桥,bridge,regex,unmatched,,0,,,,,,
宝尹西南港红星桥,bridge,regex,unmatched,,0,,,,,,
混凝土拱桥宝尹泥河田港朱家桥,bridge,regex,unmatched,,0,,,,,,
石拱桥宝带桥西侧公路桥,bridge,regex,unmatched,,0,,,,,,
孔连翼公路桥宝南金家村兴福庵桥,bridge,regex,unmatched,,0,,,,,,
宝尹泥河田潘家桥,bridge,regex,unmatched,,0,,,,,,
宝尹牛桩浜牛桩浜桥,bridge,regex,unmatched,,0,,,,,,
石拱桥宝南金家村金家桥,bridge,regex,unmatched,,0,,,,,,
水泥石拱桥宝南金家村新开河桥,bridge,regex,unmatched,,0,,,,,,
宝南钱家村外浜桥,bridge,regex,unmatched,,0,,,,,,
地址桥名拆除时间备注宝南钱家村钱家桥,bridge,regex,unmatched,,0,,,,,,
宝南朱塔浜水泥桥,bridge,regex,unmatched,,0,,,,,,
宝南朱塔浜木头桥,bridge,regex,unmatched,,0,,,,,,
宝南下田村幸福桥,bridge,regex,unmatched,,0,,,,,,
宝南下田村塘角桥,bridge,regex,unmatched,,0,,,,,,
宝南西下田竹头桥,bridge,regex,unmatched,,0,,,,,,
宝南下田村兴隆桥,bridge,regex,unmatched,,0,,,,,,
万伏安尹山变电站,transport,regex,unmatched,,0,,,,,,
高级农业生产合作社隶属长桥,bridge,regex,unmatched,,0,,,,,,
其中位于港南浜,waterway,regex,unmatched,,0,,,,,,
位于馨欣桥,bridge,regex,unmatched,,0,,,,,,
其中位于小村廿五基桥,bridge,regex,unmatched,,0,,,,,,
位于钱家村,settlement,regex,unmatched,,0,,,,,,
位于幸福桥,bridge,regex,unmatched,,0,,,,,,
宝南村的小村,settlement,regex,unmatched,,0,,,,,,
并撤去小村,settlement,regex,unmatched,,0,,,,,,
宝尹村跃进河,waterway,regex,unmatched,,0,,,,,,
境内在东吴南路,road,regex,matched,contains,0.571,东吴南路,way,147991185,highway:primary,120.6252582,31.2638651
境内在宝信工业坊,industrial,regex,unmatched,,0,,,,,,
宝带桥大厦,commercial,regex,review,fuzzy,0.75,宝带桥,way,460257370,tourism:attraction,120.649476,31.2587641
境内居民以河,waterway,regex,unmatched,,0,,,,,,
倡导饮用卫生清洁的河,waterway,regex,unmatched,,0,,,,,,
引导居民从河,waterway,regex,unmatched,,0,,,,,,
新华2个大队动员村,settlement,regex,unmatched,,0,,,,,,
境内新农村,settlement,regex,unmatched,,0,,,,,,
境内完成社区,community,regex,unmatched,,0,,,,,,
长桥邮电支局分设为苏州邮电局长桥,bridge,regex,unmatched,,0,,,,,,
便民活动中心,service,regex,unmatched,,0,,,,,,
社区党群服务中心,service,regex,unmatched,,0,,,,,,
宝带桥社区设立党群服务中心,service,regex,unmatched,,0,,,,,,
宝带桥社区党群服务中心,service,regex,unmatched,,0,,,,,,
钱家新村便民活动中心位于钱家新村,residential,regex,unmatched,,0,,,,,,
钱家新村花园,residential,regex,unmatched,,0,,,,,,
文体活动设施澹台湖,water,regex,unmatched,,0,,,,,,
位于宝带桥·澹台湖景区,scenic,regex,unmatched,,0,,,,,,
配置有室外健身路,road,regex,unmatched,,0,,,,,,
配有室外健身路,road,regex,unmatched,,0,,,,,,
不乏断头浜,waterway,regex,unmatched,,0,,,,,,
一些污染严重的小河,waterway,regex,unmatched,,0,,,,,,
禁止马桶下河,waterway,regex,unmatched,,0,,,,,,
新华大队填埋200米西马浜,waterway,regex,unmatched,,0,,,,,,
宝南村填埋300米庄基坟浜,waterway,regex,unmatched,,0,,,,,,
宝尹村填埋400米夹河,waterway,regex,unmatched,,0,,,,,,
填埋85米港南浜,waterway,regex,unmatched,,0,,,,,,
米王家浜,waterway,regex,unmatched,,0,,,,,,
米南浜,waterway,regex,unmatched,,0,,,,,,
米和尚浜,waterway,regex,unmatched,,0,,,,,,
米尤字港,waterway,regex,unmatched,,0,,,,,,
宝南村填埋300米虾龙浜,waterway,regex,unmatched,,0,,,,,,
宝南村填埋1000米金家村老河,waterway,regex,unmatched,,0,,,,,,
宝南村填埋70米里浜,waterway,regex,unmatched,,0,,,,,,
米外浜,waterway,regex,unmatched,,0,,,,,,
米小里浜,waterway,regex,unmatched,,0,,,,,,
米陈家浜,waterway,regex,unmatched,,0,,,,,,
清淤1900米长的跃进河,waterway,regex,unmatched,,0,,,,,,
清淤1500米长的宝南中心河,waterway,regex,unmatched,,0,,,,,,
清淤1100米长的金家村河,waterway,regex,unmatched,,0,,,,,,
清淤长达1300米的南港河,waterway,regex,unmatched,,0,,,,,,
清淤800米长的下田港,waterway,regex,unmatched,,0,,,,,,
社区对河道实行河,waterway,regex,unmatched,,0,,,,,,
党委委员朱晓生分别兼任南港河,waterway,regex,unmatched,,0,,,,,,
下田港河河,waterway,regex,unmatched,,0,,,,,,
纳入村,settlement,regex,unmatched,,0,,,,,,
建起垃圾中转站,transport,regex,unmatched,,0,,,,,,
招聘道路,road,regex,unmatched,,0,,,,,,
宝南两村居委会为保证宝尹花园,residential,regex,unmatched,,0,,,,,,
招收10名河,waterway,regex,unmatched,,0,,,,,,
下田港,waterway,regex,unmatched,,0,,,,,,
西古塘河,waterway,regex,unmatched,,0,,,,,,
沿字港,waterway,regex,unmatched,,0,,,,,,
泥河田港等河,waterway,regex,unmatched,,0,,,,,,
操舟打捞河,waterway,regex,unmatched,,0,,,,,,
每天对境内道路,road,regex,unmatched,,0,,,,,,
境域新农村建设规划宝尹花园,residential,regex,unmatched,,0,,,,,,
宝尹村泥河,waterway,regex,unmatched,,0,,,,,,
共计183户居民搬迁至朱塔浜,waterway,regex,unmatched,,0,,,,,,
居民生活区（后改名宝尹花园,residential,regex,unmatched,,0,,,,,,
宝尹村港南浜18户居民搬迁至朱塔浜,waterway,regex,unmatched,,0,,,,,,
宝尹村港南浜20户居民搬迁至朱塔浜,waterway,regex,unmatched,,0,,,,,,
宝南村钱家村里浜,waterway,regex,unmatched,,0,,,,,,
宝尹村牛桩浜,waterway,regex,unmatched,,0,,,,,,
泥河田23户居民搬迁至朱塔浜,waterway,regex,unmatched,,0,,,,,,
宝南村金家村,settlement,regex,unmatched,,0,,,,,,
朱塔浜南岸28户居民先后搬迁至朱塔浜,waterway,regex,unmatched,,0,,,,,,
宝南村朱塔浜,waterway,regex,unmatched,,0,,,,,,
塘里（澹台湖,water,regex,unmatched,,0,,,,,,
边）6户居民先后搬迁至钱家新村,residential,regex,unmatched,,0,,,,,,
先后搬迁至下田村,settlement,regex,unmatched,,0,,,,,,
南港河（马桶港,waterway,regex,unmatched,,0,,,,,,
迁移石湖东路,road,regex,review,fuzzy,0.8,石湖东路,node,2716415625,railway:station,120.6254096,31.2555327
宝尹花园居民生活小区内建设休闲公园,park,regex,unmatched,,0,,,,,,
社区在钱家新村,residential,regex,unmatched,,0,,,,,,
西下田村,settlement,regex,unmatched,,0,,,,,,
宝带桥社区老村,settlement,regex,review,fuzzy,0.727,宝带社区,node,5261903450,named,120.6387431,31.2673537
小村2个小村,settlement,regex,unmatched,,0,,,,,,
农村,settlement,regex,unmatched,,0,,,,,,
当地在册（常住）农业户口的农村村,settlement,regex,unmatched,,0,,,,,,
成立吴县车坊区长桥,bridge,regex,unmatched,,0,,,,,,
宝尹大队改为宝尹村,settlement,regex,unmatched,,0,,,,,,
宝南大队改为宝南村,settlement,regex,unmatched,,0,,,,,,
境域撤村,settlement,regex,unmatched,,0,,,,,,
成立中共宝带桥,bridge,regex,unmatched,,0,,,,,,
先后成立宝带桥社区,community,regex,unmatched,,0,,,,,,
中共宝带桥社区,community,regex,review,fuzzy,0.727,宝带社区,node,5261903450,named,120.6387431,31.2673537
成立中共宝带桥社区,community,regex,unmatched,,0,,,,,,
境域先后成立长桥,bridge,regex,unmatched,,0,,,,,,
行政村,settlement,regex,unmatched,,0,,,,,,
随即蠡墅人民公社更名长桥,bridge,regex,unmatched,,0,,,,,,
马永昌任长桥,bridge,regex,unmatched,,0,,,,,,
钱水大任长桥,bridge,regex,unmatched,,0,,,,,,
宝尹大队改称宝尹村,settlement,regex,unmatched,,0,,,,,,
宝南大队改称宝南村,settlement,regex,unmatched,,0,,,,,,
沈会男任宝南村,settlement,regex,unmatched,,0,,,,,,
罗纪根任宝尹村,settlement,regex,unmatched,,0,,,,,,
曹云男任宝南村,settlement,regex,unmatched,,0,,,,,,
沈小毛任宝南村,settlement,regex,unmatched,,0,,,,,,
吴林泉主持宝尹村,settlement,regex,unmatched,,0,,,,,,
吴林泉任吴县经济技术开发区宝尹村,settlement,regex,unmatched,,0,,,,,,
陈锦男任吴县经济技术开发区宝南村,settlement,regex,unmatched,,0,,,,,,
潘水根任宝尹村,settlement,regex,unmatched,,0,,,,,,
马银泉任宝南村,settlement,regex,unmatched,,0,,,,,,
陈怡祖任宝南村,settlement,regex,unmatched,,0,,,,,,
陈怡祖任宝带桥,bridge,regex,unmatched,,0,,,,,,
境域成立中共城南街道宝带桥,bridge,regex,unmatched,,0,,,,,,
境域成立中共城南街道宝带桥社区,community,regex,unmatched,,0,,,,,,
陈怡祖任社区,community,regex,unmatched,,0,,,,,,
陈新男任社区,community,regex,unmatched,,0,,,,,,
陈菊男任中共宝带桥社区,community,regex,unmatched,,0,,,,,,
沈利任中共宝带桥社区,community,regex,unmatched,,0,,,,,,
江华任中共宝带桥社区,community,regex,unmatched,,0,,,,,,
徐志华任中共宝带桥社区,community,regex,unmatched,,0,,,,,,
马永昌任吴县车坊区长桥乡下田村副村,settlement,regex,unmatched,,0,,,,,,
马银泉任下田村副村,settlement,regex,unmatched,,0,,,,,,
马永昌任长桥乡下田村,settlement,regex,unmatched,,0,,,,,,
称长桥,bridge,regex,review,fuzzy,0.8,长桥,way,538305826,named,120.6252043,31.2617963
沈会男任宝南村村,settlement,regex,unmatched,,0,,,,,,
陆美香任村,settlement,regex,unmatched,,0,,,,,,
潘云元任村,settlement,regex,unmatched,,0,,,,,,
曹云男任宝南村村,settlement,regex,unmatched,,0,,,,,,
姚水龙任宝尹村村,settlement,regex,unmatched,,0,,,,,,
陈菊男任宝南村村,settlement,regex,unmatched,,0,,,,,,
撤销宝带桥,bridge,regex,review,fuzzy,0.75,宝带桥,way,460257370,tourism:attraction,120.649476,31.2587641
陈菊男任宝带桥社区,community,regex,unmatched,,0,,,,,,
沈大男任宝带桥社区,community,regex,unmatched,,0,,,,,,
陈新男代理宝带桥社区,community,regex,unmatched,,0,,,,,,
陈新男任宝带桥社区,community,regex,unmatched,,0,,,,,,
朱晓生代理宝带桥社区,community,regex,unmatched,,0,,,,,,
朱晓生任宝带桥社区,community,regex,unmatched,,0,,,,,,
江华任宝带桥社区,community,regex,unmatched,,0,,,,,,
下辖每个行政村,settlement,regex,unmatched,,0,,,,,,
境域时有下田村,settlement,regex,unmatched,,0,,,,,,
泥和田等3个行政村,settlement,regex,unmatched,,0,,,,,,
每个行政村,settlement,regex,unmatched,,0,,,,,,
下田村下辖下田村,settlement,regex,unmatched,,0,,,,,,
沉家浜3个自然村,settlement,regex,unmatched,,0,,,,,,
新村下辖钱家村,settlement,regex,unmatched,,0,,,,,,
朱塔浜等3个自然村,settlement,regex,unmatched,,0,,,,,,
吴家角等5个自然村,settlement,regex,unmatched,,0,,,,,,
金根生任新村,residential,regex,unmatched,,0,,,,,,
马云昌任下田村,settlement,regex,unmatched,,0,,,,,,
新华2个大队根据长桥,bridge,regex,unmatched,,0,,,,,,
潘云元任共青团宝尹村,settlement,regex,unmatched,,0,,,,,,
陆美香任共青团宝南村,settlement,regex,unmatched,,0,,,,,,
朱素芳任共青团宝尹村,settlement,regex,unmatched,,0,,,,,,
江月芳任共青团宝尹村,settlement,regex,unmatched,,0,,,,,,
朱建芳任共青团宝尹村,settlement,regex,unmatched,,0,,,,,,
沈稼兴任共青团宝南村,settlement,regex,unmatched,,0,,,,,,
沈利任共青团宝带桥社区,community,regex,unmatched,,0,,,,,,
陈晔任共青团宝带桥社区,community,regex,unmatched,,0,,,,,,
沈嘉伟任共青团宝带桥社区,community,regex,unmatched,,0,,,,,,
钱招媛任宝尹村,settlement,regex,unmatched,,0,,,,,,
缪彩英任宝南村,settlement,regex,unmatched,,0,,,,,,
陆美香任宝南村,settlement,regex,unmatched,,0,,,,,,
刘菊妹任宝尹村,settlement,regex,unmatched,,0,,,,,,
朱建芳任宝尹村,settlement,regex,unmatched,,0,,,,,,
朱建芳任宝带桥,bridge,regex,unmatched,,0,,,,,,
陆美香任宝带桥社区,community,regex,unmatched,,0,,,,,,
朱建芳任宝带桥社区,community,regex,unmatched,,0,,,,,,
自乡至村,settlement,regex,unmatched,,0,,,,,,
朱根水任宝尹村,settlement,regex,unmatched,,0,,,,,,
周三男任宝南村,settlement,regex,unmatched,,0,,,,,,
沈大男任宝南村,settlement,regex,unmatched,,0,,,,,,
沈利任宝带桥社区,community,regex,unmatched,,0,,,,,,
马留弟任宝带桥社区,community,regex,unmatched,,0,,,,,,
倪珍负责宝带桥社区,community,regex,unmatched,,0,,,,,,
马云弟负责宝带桥社区,community,regex,unmatched,,0,,,,,,
境内实行农村,settlement,regex,unmatched,,0,,,,,,
投资建起了十楼十底的宝南小学,education,regex,unmatched,,0,,,,,,
新建碧波实验小学（含幼儿园,place,regex,review,fuzzy,0.72,碧波实验小学附属城南幼儿园,way,1171628023,amenity:kindergarten,120.6338417,31.2413776
卫生院在境内设立社区服务中心,service,regex,unmatched,,0,,,,,,
境域新建碧波中学,education,regex,matched,contains,0.5,碧波中学,way,449710711,amenity:school,120.6378519,31.2524076
境域开始全面推行农村,settlement,regex,unmatched,,0,,,,,,
观光为一体的宝带桥·澹台湖景区,scenic,regex,unmatched,,0,,,,,,
居民三五成群去景区,scenic,regex,unmatched,,0,,,,,,
吴中区全面推进农村,settlement,regex,unmatched,,0,,,,,,
并由当地政府代缴其参加农村,settlement,regex,unmatched,,0,,,,,,
推行农村,settlement,regex,unmatched,,0,,,,,,
吴中区农村,settlement,regex,unmatched,,0,,,,,,
关于苏州市吴中区农村,settlement,regex,unmatched,,0,,,,,,
全区农村,settlement,regex,unmatched,,0,,,,,,
吴中区城乡居民（农村,settlement,regex,unmatched,,0,,,,,,
社区卫生服务站,transport,regex,unmatched,,0,,,,,,
吴中区区域城乡居民（农村,settlement,regex,unmatched,,0,,,,,,
中华人民共和国成立后曾担任过大队（村,settlement,regex,unmatched,,0,,,,,,
其余分别参照大队（村,settlement,regex,unmatched,,0,,,,,,
关于对全区农村,settlement,regex,unmatched,,0,,,,,,
境内退岗村,settlement,regex,unmatched,,0,,,,,,
退岗村,settlement,regex,unmatched,,0,,,,,,
吴中区对列入生活补助对象的农村,settlement,regex,unmatched,,0,,,,,,
医疗服务中心,service,regex,unmatched,,0,,,,,,
逐步做到患小病不用出村,settlement,regex,unmatched,,0,,,,,,
境内村民医疗制度采用队（村,settlement,regex,unmatched,,0,,,,,,
境内取消村,settlement,regex,unmatched,,0,,,,,,
境内村民在村,settlement,regex,unmatched,,0,,,,,,
境内村合作医务室改称农村,settlement,regex,unmatched,,0,,,,,,
赤脚医生改称乡村,settlement,regex,unmatched,,0,,,,,,
其余向所在村,settlement,regex,unmatched,,0,,,,,,
境内宝尹村,settlement,regex,unmatched,,0,,,,,,
碧波卫生院在境内设立社区服务中心,service,regex,unmatched,,0,,,,,,
境内宝南村,settlement,regex,unmatched,,0,,,,,,
西为古运河,waterway,regex,unmatched,,0,,,,,,
解放前村,settlement,regex,unmatched,,0,,,,,,
吴县成立血吸虫防治站,transport,regex,unmatched,,0,,,,,,
重点流行自然村,settlement,regex,unmatched,,0,,,,,,
结合干浜,waterway,regex,unmatched,,0,,,,,,
于是开始对螺区河,waterway,regex,unmatched,,0,,,,,,
进入系统查病站,transport,regex,unmatched,,0,,,,,,
新华2大队设1个粪检站,transport,regex,unmatched,,0,,,,,,
宝南两个村,settlement,regex,unmatched,,0,,,,,,
本村,settlement,regex,unmatched,,0,,,,,,
根据村,settlement,regex,unmatched,,0,,,,,,
境内成立宝带桥,bridge,regex,unmatched,,0,,,,,,
进行城乡一体化老村,settlement,regex,unmatched,,0,,,,,,
境内王家浜,waterway,regex,unmatched,,0,,,,,,
口述宝带桥社区,community,regex,review,fuzzy,0.727,宝带社区,node,5261903450,named,120.6387431,31.2673537
我出生在宝南村,settlement,regex,unmatched,,0,,,,,,
曾担任过小学,education,regex,unmatched,,0,,,,,,
担任宝南村,settlement,regex,unmatched,,0,,,,,,
调至长桥,bridge,regex,unmatched,,0,,,,,,
妻子在村,settlement,regex,unmatched,,0,,,,,,
我在村,settlement,regex,unmatched,,0,,,,,,
当时宝南村村,settlement,regex,unmatched,,0,,,,,,
这20户人家在宝带桥社区,community,regex,unmatched,,0,,,,,,
现在宝带桥社区,community,regex,review,fuzzy,0.727,宝带社区,node,5261903450,named,120.6387431,31.2673537
我在宝带桥社区,community,regex,review,fuzzy,0.727,宝带社区,node,5261903450,named,120.6387431,31.2673537
媳妇在南湖路,road,regex,unmatched,,0,,,,,,
自从1992年8月宝南村和宝尹村,settlement,regex,unmatched,,0,,,,,,
境内泥河,waterway,regex,unmatched,,0,,,,,,
田宝庆寺庙上西房创办公立泥和田小学,education,regex,unmatched,,0,,,,,,
泥河田小学,education,regex,unmatched,,0,,,,,,
下田中段里徐毛妹家办起下田小学,education,regex,unmatched,,0,,,,,,
境内部分小学生先后并入宝南小学,education,regex,unmatched,,0,,,,,,
新建碧波实验小学,education,regex,unmatched,,0,,,,,,
境内小学并入碧波实验小学,education,regex,unmatched,,0,,,,,,
碧波实验小学（含幼儿园,place,regex,review,fuzzy,0.783,碧波实验小学附属城南幼儿园,way,1171628023,amenity:kindergarten,120.6338417,31.2413776
学生2700人（含幼儿园,place,regex,unmatched,,0,,,,,,
于多数村,settlement,regex,unmatched,,0,,,,,,
文告等求助于村,settlement,regex,unmatched,,0,,,,,,
会识文断字的村民备受村,settlement,regex,unmatched,,0,,,,,,
境内办起以大队为单位的幼儿园,place,regex,unmatched,,0,,,,,,
新华大队办在朱塔浜,waterway,regex,unmatched,,0,,,,,,
宝尹村利用宝尹小学,education,regex,unmatched,,0,,,,,,
宝南村腾出村,settlement,regex,unmatched,,0,,,,,,
借用了第5村,settlement,regex,unmatched,,0,,,,,,
宝南村幼儿班迁至宝南小学,education,regex,unmatched,,0,,,,,,
宝南2个行政村,settlement,regex,unmatched,,0,,,,,,
碧波实验小学附属幼儿园,place,regex,review,fuzzy,0.917,碧波实验小学附属城南幼儿园,way,1171628023,amenity:kindergarten,120.6338417,31.2413776
宝尹村幼儿园并入碧波幼儿园,place,regex,unmatched,,0,,,,,,
宝南村幼儿园并入碧波幼儿园,place,regex,unmatched,,0,,,,,,
境内历任幼儿教师宝尹村,settlement,regex,unmatched,,0,,,,,,
碧波幼儿园,place,regex,unmatched,,0,,,,,,
何雪英任碧波幼儿园,place,regex,unmatched,,0,,,,,,
陈美琴任碧波幼儿园,place,regex,unmatched,,0,,,,,,
陆小燕任碧波幼儿园,place,regex,unmatched,,0,,,,,,
陈晓庆任碧波幼儿园,place,regex,unmatched,,0,,,,,,
马雪萍任碧波幼儿园,place,regex,unmatched,,0,,,,,,
学生来自附近村,settlement,regex,unmatched,,0,,,,,,
搬进姚家场建造的小学,education,regex,unmatched,,0,,,,,,
改称金星小学,education,regex,unmatched,,0,,,,,,
更名宝尹小学,education,regex,unmatched,,0,,,,,,
宝尹小学并入碧波小学,education,regex,unmatched,,0,,,,,,
宝尹小学,education,regex,unmatched,,0,,,,,,
下田中段里的徐毛妹家开办下田小学,education,regex,unmatched,,0,,,,,,
下田小学搬至下田村塘港桥,bridge,regex,unmatched,,0,,,,,,
级的学生吸收附近长桥,bridge,regex,unmatched,,0,,,,,,
更名为新华小学,education,regex,unmatched,,0,,,,,,
曾在下田村,settlement,regex,unmatched,,0,,,,,,
下田小学更名为宝南小学,education,regex,unmatched,,0,,,,,,
长桥乡政府和宝南村,settlement,regex,unmatched,,0,,,,,,
楼十底的宝南小学,education,regex,unmatched,,0,,,,,,
龙南小学,education,regex,review,fuzzy,0.75,沧南小学,way,806341952,amenity:school,120.6214017,31.2781
方便外村,settlement,regex,unmatched,,0,,,,,,
宝南小学并入碧波实验小学,education,regex,unmatched,,0,,,,,,
宝南小学（下田小学,education,regex,unmatched,,0,,,,,,
（三）钱家小室钱家小学原名庙桥小学,education,regex,unmatched,,0,,,,,,
兴福庵创办小学,education,regex,unmatched,,0,,,,,,
因庙边有座桥,bridge,regex,unmatched,,0,,,,,,
故名庙桥小学,education,regex,unmatched,,0,,,,,,
庙桥小学因观音庙拆除搬至钱家村,settlement,regex,unmatched,,0,,,,,,
易名钱家小学,education,regex,unmatched,,0,,,,,,
钱家小学迁入马桶港幸福桥,bridge,regex,unmatched,,0,,,,,,
并入新华小学,education,regex,unmatched,,0,,,,,,
钱家小学,education,regex,unmatched,,0,,,,,,
境域碧波实验小学,education,regex,unmatched,,0,,,,,,
金洋兴任碧波实验小学,education,regex,unmatched,,0,,,,,,
陆建荣任碧波实验小学,education,regex,unmatched,,0,,,,,,
何雪英任碧波实验小学,education,regex,unmatched,,0,,,,,,
朱咏梅任碧波实验小学,education,regex,unmatched,,0,,,,,,
吴哲任碧波实验小学,education,regex,unmatched,,0,,,,,,
冯霞任碧波实验小学,education,regex,unmatched,,0,,,,,,
柳志英任碧波实验小学,education,regex,unmatched,,0,,,,,,
各地先后创办中学,education,regex,unmatched,,0,,,,,,
境域划归蠡墅人民公社（后更名为长桥,bridge,regex,unmatched,,0,,,,,,
境内学生遂在长桥,bridge,regex,unmatched,,0,,,,,,
新华2所小学分别担负起小学,education,regex,unmatched,,0,,,,,,
中学书本由上级中学,education,regex,unmatched,,0,,,,,,
学生并入红庄中学,education,regex,unmatched,,0,,,,,,
学生并入龙桥中学,education,regex,unmatched,,0,,,,,,
程飞任碧波中学,education,regex,matched,contains,0.571,碧波中学,way,449710711,amenity:school,120.6378519,31.2524076
张国英任碧波中学,education,regex,matched,contains,0.5,碧波中学,way,449710711,amenity:school,120.6378519,31.2524076
曾红任碧波中学,education,regex,matched,contains,0.571,碧波中学,way,449710711,amenity:school,120.6378519,31.2524076
柳月明任碧波中学,education,regex,matched,contains,0.5,碧波中学,way,449710711,amenity:school,120.6378519,31.2524076
顾叶红任碧波中学,education,regex,matched,contains,0.5,碧波中学,way,449710711,amenity:school,120.6378519,31.2524076
杨耀中任碧波中学,education,regex,matched,contains,0.5,碧波中学,way,449710711,amenity:school,120.6378519,31.2524076
唐淑英任碧波中学,education,regex,matched,contains,0.5,碧波中学,way,449710711,amenity:school,120.6378519,31.2524076
张美元任碧波中学,education,regex,matched,contains,0.5,碧波中学,way,449710711,amenity:school,120.6378519,31.2524076
境内以自然村,settlement,regex,unmatched,,0,,,,,,
书本以一二年级小学,education,regex,unmatched,,0,,,,,,
地点在钱家村钱家小学,education,regex,unmatched,,0,,,,,,
各村,settlement,regex,unmatched,,0,,,,,,
农闲时期由村,settlement,regex,unmatched,,0,,,,,,
并由时任长桥小学,education,regex,unmatched,,0,,,,,,
文艺宣传队不时去农村为村,settlement,regex,unmatched,,0,,,,,,
境域下田村,settlement,regex,unmatched,,0,,,,,,
受到村,settlement,regex,unmatched,,0,,,,,,
个文艺宣传队不但在本村,settlement,regex,unmatched,,0,,,,,,
还外出他村,settlement,regex,unmatched,,0,,,,,,
吴江花港村,settlement,regex,unmatched,,0,,,,,,
秋收秋种前后邀请县电影放映队前去村,settlement,regex,unmatched,,0,,,,,,
节假日期间至村,settlement,regex,unmatched,,0,,,,,,
沙家浜,waterway,regex,unmatched,,0,,,,,,
宝南投资兴建了老年活动中心,service,regex,unmatched,,0,,,,,,
她们节目有的从外乡（村,settlement,regex,unmatched,,0,,,,,,
种田路,road,regex,unmatched,,0,,,,,,
生意路,road,regex,unmatched,,0,,,,,,
民间传说这一天各路,road,regex,unmatched,,0,,,,,,
姑娘们在这天用半碗河,waterway,regex,unmatched,,0,,,,,,
宝带桥有五十三桥,bridge,regex,unmatched,,0,,,,,,
宝带桥与澹台湖桥,bridge,regex,unmatched,,0,,,,,,
倒映湖,water,regex,unmatched,,0,,,,,,
去宝带桥,bridge,regex,review,fuzzy,0.857,宝带桥,way,460257370,tourism:attraction,120.649476,31.2587641
充塞道路,road,regex,unmatched,,0,,,,,,
过三桥,bridge,regex,unmatched,,0,,,,,,
夏日里农村,settlement,regex,unmatched,,0,,,,,,
旧时农村,settlement,regex,unmatched,,0,,,,,,
此鞋20世纪70年代于农村,settlement,regex,unmatched,,0,,,,,,
境域各自然村,settlement,regex,unmatched,,0,,,,,,
通常各村,settlement,regex,unmatched,,0,,,,,,
因地面塌陷形成的湖,water,regex,unmatched,,0,,,,,,
被命名为澹台湖,water,regex,unmatched,,0,,,,,,
传说其为筹资建宝带桥,bridge,regex,unmatched,,0,,,,,,
纪念王仲舒捐带建桥,bridge,regex,unmatched,,0,,,,,,
人们将此桥命名为宝带桥,bridge,regex,unmatched,,0,,,,,,
经商迁至宝带桥,bridge,regex,unmatched,,0,,,,,,
道光十一年（1831）擢升东河河,waterway,regex,unmatched,,0,,,,,,
验催河,waterway,regex,unmatched,,0,,,,,,
林则徐得知宝带桥,bridge,regex,unmatched,,0,,,,,,
人大代表宝带桥社区,community,regex,unmatched,,0,,,,,,
马金根姐当选长桥,bridge,regex,unmatched,,0,,,,,,
何招根当选中共长桥,bridge,regex,unmatched,,0,,,,,,
金福妹当选长桥,bridge,regex,unmatched,,0,,,,,,
副科级以上干部一批宝带桥社区,community,regex,unmatched,,0,,,,,,
底宝带桥社区,community,regex,matched,contains,0.833,宝带桥社区,node,5403148866,named,120.6402801,31.252537
大专陈龙元宝尹7组徐桥,bridge,regex,unmatched,,0,,,,,,
副班长沈长泉宝尹村,settlement,regex,unmatched,,0,,,,,,
班长何海根钱家新村,residential,regex,unmatched,,0,,,,,,
班长徐小男钱家新村,residential,regex,unmatched,,0,,,,,,
技师徐惠元钱家新村,residential,regex,unmatched,,0,,,,,,
副班长倪龙根钱家新村,residential,regex,unmatched,,0,,,,,,
战士郁玉林钱家新村,residential,regex,unmatched,,0,,,,,,
战士费盘根宝尹花园,residential,regex,unmatched,,0,,,,,,
副班长周小毛钱家新村,residential,regex,unmatched,,0,,,,,,
班长徐水南钱家新村,residential,regex,unmatched,,0,,,,,,
战士马福男宝南村,settlement,regex,unmatched,,0,,,,,,
战士董夯南宝尹花园,residential,regex,unmatched,,0,,,,,,
排长周三男钱家新村,residential,regex,unmatched,,0,,,,,,
战士徐三男钱家新村,residential,regex,unmatched,,0,,,,,,
班长倪龙元宝南村小村,settlement,regex,unmatched,,0,,,,,,
战士徐长根钱家新村,residential,regex,unmatched,,0,,,,,,
战士李根法钱家新村,residential,regex,unmatched,,0,,,,,,
战士翁玉泉钱家新村,residential,regex,unmatched,,0,,,,,,
文职2级朱新根宝尹花园,residential,regex,unmatched,,0,,,,,,
战士马招金钱家新村,residential,regex,unmatched,,0,,,,,,
班长潘明昌钱家新村,residential,regex,unmatched,,0,,,,,,
副班长郭文祥宝尹花园,residential,regex,unmatched,,0,,,,,,
班长徐永根下田村,settlement,regex,unmatched,,0,,,,,,
通信科科长徐勇宝尹花园,residential,regex,unmatched,,0,,,,,,
副科助理尤晓泉宝尹花园,residential,regex,unmatched,,0,,,,,,
级士官濮小华小村,settlement,regex,unmatched,,0,,,,,,
班长顾晓平钱家新村,residential,regex,unmatched,,0,,,,,,
级士官吴华钱家新村,residential,regex,unmatched,,0,,,,,,
班长李方明钱家新村,residential,regex,unmatched,,0,,,,,,
班长何会相文曲路,road,regex,matched,contains,0.375,文曲路,way,147991169,highway:tertiary,120.6443158,31.2679102
副营长徐志华钱家花园,residential,regex,unmatched,,0,,,,,,
班长朱建宝尹花园,residential,regex,unmatched,,0,,,,,,
班长陆金良宝尹花园,residential,regex,unmatched,,0,,,,,,
战士胡遵标宝尹花园,residential,regex,unmatched,,0,,,,,,
话务员沈平钱家新村,residential,regex,unmatched,,0,,,,,,
战士乔龙宝尹新村,residential,regex,unmatched,,0,,,,,,
战士陈杰宝南小村,settlement,regex,unmatched,,0,,,,,,
苏州吴中经济开发区管委会授予宝带桥,bridge,regex,unmatched,,0,,,,,,
苏州市吴中区妇女联合会授予宝带桥社区,community,regex,unmatched,,0,,,,,,
吴中区农林局授予宝带桥社区,community,regex,unmatched,,0,,,,,,
绿色行动先行村,settlement,regex,unmatched,,0,,,,,,
苏州市吴中区司法局授予宝带桥社区,community,regex,unmatched,,0,,,,,,
苏州市吴中区社区,community,regex,unmatched,,0,,,,,,
度土地管理先进村,settlement,regex,unmatched,,0,,,,,,
市级经济百强村,settlement,regex,unmatched,,0,,,,,,
吴中区人武部授予宝带桥社区,community,regex,unmatched,,0,,,,,,
先进工作者宝带桥社区,community,regex,unmatched,,0,,,,,,
（刑）在做队立功军人宝带桥社区,community,regex,unmatched,,0,,,,,,
中国人民解放军总后勤部某站,transport,regex,unmatched,,0,,,,,,
以北有澹台湖,water,regex,unmatched,,0,,,,,,
遥望湖,water,regex,unmatched,,0,,,,,,
分兵三路,road,regex,unmatched,,0,,,,,,
路从湖南进入湖,water,regex,unmatched,,0,,,,,,
路从湖,water,regex,unmatched,,0,,,,,,
尹山桥,bridge,regex,review,fuzzy,0.857,尹山大桥,way,538305793,named,120.6542346,31.240877
苏州城内可以隐隐听到从宝带桥,bridge,regex,unmatched,,0,,,,,,
纷纷沿大运河,waterway,regex,unmatched,,0,,,,,,
向枫桥,bridge,regex,unmatched,,0,,,,,,
于次日12点平稳地停在了苏州站,transport,regex,unmatched,,0,,,,,,
驱车到澹台湖,water,regex,unmatched,,0,,,,,,
澹台湖公园,park,regex,review,fuzzy,0.75,澹台湖,relation,7359510,natural:water,120.6457856,31.2578039
我们走进公园,park,regex,unmatched,,0,,,,,,
又询问了澹台湖公园,park,regex,unmatched,,0,,,,,,
便驱车沿太湖东路,road,regex,unmatched,,0,,,,,,
到太湖东路与迎春南路,road,regex,unmatched,,0,,,,,,
向南进入迎春路,road,regex,unmatched,,0,,,,,,
澹台湖公园的新址就在澹台湖大桥,bridge,regex,unmatched,,0,,,,,,
新建的澹台湖公园,park,regex,unmatched,,0,,,,,,
北临京杭大运河,waterway,regex,matched,contains,0.714,京杭大运河,way,148701483,waterway:canal,120.6569172,31.1275905
东北部是澹台湖与运河,waterway,regex,unmatched,,0,,,,,,
东南是威尼斯花园,residential,regex,unmatched,,0,,,,,,
西靠澹台湖大桥,bridge,regex,review,fuzzy,0.833,澹台湖大桥,way,538305821,named,120.6362454,31.2628486
威尼斯花园,residential,regex,unmatched,,0,,,,,,
设有环路,road,regex,unmatched,,0,,,,,,
澹台湖公园是吴中区管理最好的一个公园,park,regex,unmatched,,0,,,,,,
东面宝带桥公园,park,regex,matched,contains,0.714,宝带桥公园,node,10120115430,leisure:park,120.6505396,31.2635548
我们又驱车顺着迎春南路,road,regex,unmatched,,0,,,,,,
进入石湖东路,road,regex,review,fuzzy,0.8,石湖东路,node,2716415625,railway:station,120.6254096,31.2555327
行到京杭大运河边便到了宝带南路,road,regex,unmatched,,0,,,,,,
这里就是踏上宝带桥,bridge,regex,unmatched,,0,,,,,,
进入公园,park,regex,unmatched,,0,,,,,,
大门的西边有一块宝带桥,bridge,regex,unmatched,,0,,,,,,
墙东面通往宝带桥,bridge,regex,unmatched,,0,,,,,,
我兴致勃勃地踏上了宝带桥,bridge,regex,unmatched,,0,,,,,,
卢沟桥等同称为中国十大名桥,bridge,regex,unmatched,,0,,,,,,
有53个桥,bridge,regex,unmatched,,0,,,,,,
结构之精巧在中外古桥,bridge,regex,unmatched,,0,,,,,,
皆去宝带桥,bridge,regex,review,fuzzy,0.75,宝带桥,way,460257370,tourism:attraction,120.649476,31.2587641
只见53个桥,bridge,regex,unmatched,,0,,,,,,
东临京杭大运河,waterway,regex,matched,contains,0.714,京杭大运河,way,148701483,waterway:canal,120.6569172,31.1275905
西锁澹台湖,water,regex,unmatched,,0,,,,,,
好似宝带桥,bridge,regex,review,fuzzy,0.75,宝带桥,way,460257370,tourism:attraction,120.649476,31.2587641
保护着宝带桥,bridge,regex,unmatched,,0,,,,,,
我站在宝带桥上西望澹台湖,water,regex,unmatched,,0,,,,,,
东借宝带桥桥孔与运河,waterway,regex,unmatched,,0,,,,,,
其南北宽度就是宝带桥,bridge,regex,unmatched,,0,,,,,,
北至宝带桥公园,park,regex,matched,contains,0.714,宝带桥公园,node,10120115430,leisure:park,120.6505396,31.2635548
西北又与运河,waterway,regex,unmatched,,0,,,,,,
运河流经宝带桥,bridge,regex,unmatched,,0,,,,,,
部分水经宝带桥孔流入澹台湖,water,regex,unmatched,,0,,,,,,
然后又从澹台湖,water,regex,unmatched,,0,,,,,,
用布遮好后悄悄运到村,settlement,regex,unmatched,,0,,,,,,
等捐款的村,settlement,regex,unmatched,,0,,,,,,
又吞掉全村,settlement,regex,unmatched,,0,,,,,,
吴敏又到其他村,settlement,regex,unmatched,,0,,,,,,
筹齐了建桥,bridge,regex,unmatched,,0,,,,,,
修建的宝带桥,bridge,regex,unmatched,,0,,,,,,
桥北与桥,bridge,regex,unmatched,,0,,,,,,
这些附属物为宝带桥,bridge,regex,unmatched,,0,,,,,,
他听说苏州城南宝带桥,bridge,regex,unmatched,,0,,,,,,
林则徐离开宝带桥,bridge,regex,unmatched,,0,,,,,,
步至澹台湖,water,regex,unmatched,,0,,,,,,
编纂组根据宝带桥社区,community,regex,unmatched,,0,,,,,,
于宝带桥社区,community,regex,matched,contains,0.833,宝带桥社区,node,5403148866,named,120.6402801,31.252537
以下六个方面拓宽收集社区,community,regex,unmatched,,0,,,,,,
原来历任社区（村,settlement,regex,unmatched,,0,,,,,,
我们收获到了社区,community,regex,unmatched,,0,,,,,,
还广泛向原社区,community,regex,unmatched,,0,,,,,,
了使社区,community,regex,unmatched,,0,,,,,,
以及社区,community,regex,unmatched,,0,,,,,,
