rank,curated_rank,gazetteer_name,gaode_map_item,place_type,mention_level,canonical_mention_count,raw_surface_count,top_themes,reason,has_coord,coordinate_quality,lon,lat,coord_source,coord_status,coord_crs,match_status,visual_priority,primary_year,time_type,year_list,year_count,rank_label,context_examples,first_context,notes
8,7,金星大队,金星大队,historic_admin,高频,106,119,基层治理:52；交通水系:18；教育民生:8,该地名属于历史行政/集体组织，在志书中约出现106次，主要关联基层治理、交通水系；主要时间锚点为1958年。,0,缺坐标,,,,missing,,manual,medium,1958,集体化与农业建设,1958;1959;1960;1961;1962;1965;1966;1967;1969;1970;1971;1972;1975;1976;1977;1978;1979;1980,18,7. 金星大队（106次）,练。10月，郭巷人民公社成立，实行集工农商学于一体、政社合一的体制，境域归属郭巷人民公社。金星24社改称新华大队，金星25社改称金星大队。是月，金星、新华大队实行营连制，大办食堂，并提出“放开肚皮吃饭，鼓足干劲生产”等口号。是年，境内地处泥河田宝庆寺的泥河田小学搬 || 0两制。3月22日，马永昌当选为中共吴县第二次党代会代表。是月，吴县红旗大学改为吴县农业高级中学，校址设在境域尹山。8月26日，金星大队选送朱和尚、陈多妹（女）、戈云福、罗呆妹（女）、钱美朗（女）、任招生，新华大队选送许金土、陶关林、陶云宝（女）、周连福、周云金（ || 。12月，金星、新华大队先后成立“造反队”“战斗队”。1967年1月，受上海“一月风暴”影响，金星、新华大队风行“夺权”。2月，金星大队成立养鱼专业队，在泥河田港放养鱼苗。3月，金星、新华大队党、政工作由大队民兵营长主持。1968年3月5日，始行废除土葬。8月，掀,行集工农商学于一体、政社合一的体制，境域归属郭巷人民公社。金星24社改称新华大队，金星25社改称金星大队。是月，金星、新华大队实行营连制，大办食堂，并提出“放开肚皮吃饭，鼓足干劲生产”等口号。是年，境,
9,8,新华大队,新华大队,historic_admin,高频,103,124,基层治理:48；农业工业:11；教育民生:10,该地名属于历史行政/集体组织，在志书中约出现103次，主要关联基层治理、农业工业；主要时间锚点为1958年。,0,缺坐标,,,,missing,,manual,medium,1958,集体化与农业建设,1958;1959;1960;1962;1967;1969;1970;1972;1973;1974;1975;1979;1980,13,8. 新华大队（103次）,化，境内青壮年集体住宿训练。10月，郭巷人民公社成立，实行集工农商学于一体、政社合一的体制，境域归属郭巷人民公社。金星24社改称新华大队，金星25社改称金星大队。是月，金星、新华大队实行营连制，大办食堂，并提出“放开肚皮吃饭，鼓足干劲生产”等口号。是年，境内地处泥 || 社成立，实行集工农商学于一体、政社合一的体制，境域归属郭巷人民公社。金星24社改称新华大队，金星25社改称金星大队。是月，金星、新华大队实行营连制，大办食堂，并提出“放开肚皮吃饭，鼓足干劲生产”等口号。是年，境内地处泥河田宝庆寺的泥河田小学搬迁至姚家场，并更名为金 || 办食堂，并提出“放开肚皮吃饭，鼓足干劲生产”等口号。是年，境内地处泥河田宝庆寺的泥河田小学搬迁至姚家场，并更名为金星小学。是年，新华大队陆盘根因经常在外工作，去上海花80元人民币购买了境内第一辆品牌为凤凰的自行车。101959年1月，开展除四害、捕捉麻雀的群众运动,月，郭巷人民公社成立，实行集工农商学于一体、政社合一的体制，境域归属郭巷人民公社。金星24社改称新华大队，金星25社改称金星大队。是月，金星、新华大队实行营连制，大办食堂，并提出“放开肚皮吃饭，鼓足干,
10,9,小村,小村,historic_settlement,高频,89,105,基层治理:95；交通水系:78；开发建设:19,该地名属于历史自然村，在志书中约出现89次，主要关联基层治理、交通水系；主要时间锚点为1950年。,0,缺坐标,,,,missing,,manual,medium,1950,集体化与农业建设,1949;1951;1954;1965;1980;1984;1996;2001;2004;2013;2017,11,9. 小村（89次）,山及青树（今属吴江区境域）4个乡，境域隶属宝带乡。4月，宝带乡并入长桥乡，青树乡并入尹西乡，境内金家村、钱家村、朱塔浜、沉家浜、小村、下田村等6个自然村隶属长桥乡，泥河田、王家浜、港南浜、吴家角、牛桩浜等5个自然村隶属尹西乡。1956年1月，长桥、尹西2个乡合 || 域归属吴县车坊区宝带乡。4月15日，宝带乡并入长桥乡，青树乡并入尹山乡，并更名为尹西乡。时，境域金家村、钱家村、朱塔浜、沉家浜、小村、下田村归属长桥乡，泥河田、王家浜、港南浜、吴家角、牛桩浜归属尹西乡。9月，开展土改运动。10月，根据中央人民政府、政务院、最高 || 村居民生活小区安装技防监控。2013年3月18日，宝带桥社区根据吴中区建设“宝带桥·澹台湖景区综合整治”要求，对拆迁区域（下田、小村）357户居民实施上门通知动员。4月12日步入丈量评估，7月24日正式签约。9月，联合国教科文组织专家在大运河苏州段现场考察评估,，境域隶属宝带乡。4月，宝带乡并入长桥乡，青树乡并入尹西乡，境内金家村、钱家村、朱塔浜、沉家浜、小村、下田村等6个自然村隶属长桥乡，泥河田、王家浜、港南浜、吴家角、牛桩浜等5个自然村隶属尹西乡。1,
12,10,朱塔浜,朱塔浜,historic_settlement,中高频,71,92,交通水系:58；基层治理:40；教育民生:27,该地名属于历史自然村，在志书中约出现71次，主要关联交通水系、基层治理；主要时间锚点为1950年。,0,缺坐标,,,,missing,,manual,medium,1950,集体化与农业建设,1949;1950;1951;1954;1991;1996;1998;2000;2004;2017,10,10. 朱塔浜（71次）,分长桥、宝带、尹山及青树（今属吴江区境域）4个乡，境域隶属宝带乡。4月，宝带乡并入长桥乡，青树乡并入尹西乡，境内金家村、钱家村、朱塔浜、沉家浜、小村、下田村等6个自然村隶属长桥乡，泥河田、王家浜、港南浜、吴家角、牛桩浜等5个自然村隶属尹西乡。1956年1月，长桥 || 境内）4个乡，境域归属吴县车坊区宝带乡。4月15日，宝带乡并入长桥乡，青树乡并入尹山乡，并更名为尹西乡。时，境域金家村、钱家村、朱塔浜、沉家浜、小村、下田村归属长桥乡，泥河田、王家浜、港南浜、吴家角、牛桩浜归属尹西乡。9月，开展土改运动。10月，根据中央人民政府 || 世界语出版社出版的《水乡苏州》明信片图录。1996年5月至9月，境内进行老村改造，泥河田、王家浜、港南浜183户居民人家，搬迁至朱塔浜（2004年12月更名为宝尹花园）。11月8日，村办集体企业实行转制，将宝南拼线厂转制给原承包人经营，性质由集体企业转为私营企业,江区境域）4个乡，境域隶属宝带乡。4月，宝带乡并入长桥乡，青树乡并入尹西乡，境内金家村、钱家村、朱塔浜、沉家浜、小村、下田村等6个自然村隶属长桥乡，泥河田、王家浜、港南浜、吴家角、牛桩浜等5个自然村,
13,11,钱家村,钱家村,historic_settlement,中高频,68,83,交通水系:83；基层治理:76；农业工业:9,该地名属于历史自然村，在志书中约出现68次，主要关联交通水系、基层治理；主要时间锚点为1950年。,0,缺坐标,,,,missing,,manual,medium,1950,集体化与农业建设,1909;1949;1950;1951;1954;1968;1974;1978;2000;2004;2017,11,11. 钱家村（68次）,尹山乡析分长桥、宝带、尹山及青树（今属吴江区境域）4个乡，境域隶属宝带乡。4月，宝带乡并入长桥乡，青树乡并入尹西乡，境内金家村、钱家村、朱塔浜、沉家浜、小村、下田村等6个自然村隶属长桥乡，泥河田、王家浜、港南浜、吴家角、牛桩浜等5个自然村隶属尹西乡。1956年1 || ，南北走向的迎春南路、宝通路、宝丰路；构筑了古塘河桥、下塔里桥、石湖东路公路桥、钱家桥、金家桥、8号不锈钢栏桥等桥梁；开拓疏通了钱家村河、黄家浜、兴隆河、金家村河、跃进河、澹台湖北运河、牛桩浜东港、金家河、金星内河、新华内河等河道，并对村庄进行旧房改造、动迁安置 || （今吴江境内）4个乡，境域归属吴县车坊区宝带乡。4月15日，宝带乡并入长桥乡，青树乡并入尹山乡，并更名为尹西乡。时，境域金家村、钱家村、朱塔浜、沉家浜、小村、下田村归属长桥乡，泥河田、王家浜、港南浜、吴家角、牛桩浜归属尹西乡。9月，开展土改运动。10月，根据中央,（今属吴江区境域）4个乡，境域隶属宝带乡。4月，宝带乡并入长桥乡，青树乡并入尹西乡，境内金家村、钱家村、朱塔浜、沉家浜、小村、下田村等6个自然村隶属长桥乡，泥河田、王家浜、港南浜、吴家角、牛桩浜等5,
14,12,沉家浜,沉家浜,historic_settlement,中高频,62,66,基层治理:78；交通水系:76；教育民生:8,该地名属于历史自然村，在志书中约出现62次，主要关联基层治理、交通水系；主要时间锚点为1950年。,0,缺坐标,,,,missing,,manual,medium,1950,集体化与农业建设,1949;1950;1951;1954;1958;2004;2005;2017,8,12. 沉家浜（62次）,宝带、尹山及青树（今属吴江区境域）4个乡，境域隶属宝带乡。4月，宝带乡并入长桥乡，青树乡并入尹西乡，境内金家村、钱家村、朱塔浜、沉家浜、小村、下田村等6个自然村隶属长桥乡，泥河田、王家浜、港南浜、吴家角、牛桩浜等5个自然村隶属尹西乡。1956年1月，长桥、尹西2 || 至廿五港刺死。9月（农历八月十五）夜，泥河田村吴毛头被派去苏嘉铁路（尹山段）值班时，因打瞌睡被日军用枪托砸击后脑致死。是年，境内沉家浜（西下田）陆根火发现蠡墅镇上开肉铺的店主之妻被日本兵强暴，遂与店主合力将施暴日军处死。为躲避抓捕，隐居太湖，至死未归。1942年 || 个乡，境域归属吴县车坊区宝带乡。4月15日，宝带乡并入长桥乡，青树乡并入尹山乡，并更名为尹西乡。时，境域金家村、钱家村、朱塔浜、沉家浜、小村、下田村归属长桥乡，泥河田、王家浜、港南浜、吴家角、牛桩浜归属尹西乡。9月，开展土改运动。10月，根据中央人民政府、政务院,）4个乡，境域隶属宝带乡。4月，宝带乡并入长桥乡，青树乡并入尹西乡，境内金家村、钱家村、朱塔浜、沉家浜、小村、下田村等6个自然村隶属长桥乡，泥河田、王家浜、港南浜、吴家角、牛桩浜等5个自然村隶属尹西,
15,13,王家浜,王家浜,historic_settlement,中高频,59,71,交通水系:89；基层治理:81；教育民生:12,该地名属于历史自然村，在志书中约出现59次，主要关联交通水系、基层治理；主要时间锚点为1950年。,0,缺坐标,,,,missing,,manual,medium,1950,集体化与农业建设,1929;1942;1949;1950;1951;1954;1958;1969;1991;1992;1995;1996;2004;2017,14,13. 王家浜（59次）,带乡。4月，宝带乡并入长桥乡，青树乡并入尹西乡，境内金家村、钱家村、朱塔浜、沉家浜、小村、下田村等6个自然村隶属长桥乡，泥河田、王家浜、港南浜、吴家角、牛桩浜等5个自然村隶属尹西乡。1956年1月，长桥、尹西2个乡合并，名称长桥，境域隶属长桥乡。翌年3月，长桥乡 || 强暴，遂与店主合力将施暴日军处死。为躲避抓捕，隐居太湖，至死未归。1942年是年，境内下田村坟堂上沈永泉家里办起私塾小学。随即，王家浜钱祥根家里也办起了私塾。1944年6月15日，苏州至尹山，途经境域一段，全长29.98千米沙土公路通车。1978年改沙土路面为沥 || 日，宝带乡并入长桥乡，青树乡并入尹山乡，并更名为尹西乡。时，境域金家村、钱家村、朱塔浜、沉家浜、小村、下田村归属长桥乡，泥河田、王家浜、港南浜、吴家角、牛桩浜归属尹西乡。9月，开展土改运动。10月，根据中央人民政府、政务院、最高人民法院颁布的《关于镇压反革命活动,树乡并入尹西乡，境内金家村、钱家村、朱塔浜、沉家浜、小村、下田村等6个自然村隶属长桥乡，泥河田、王家浜、港南浜、吴家角、牛桩浜等5个自然村隶属尹西乡。1956年1月，长桥、尹西2个乡合并，名称长桥，,
17,14,金家村,金家村,historic_settlement,中高频,56,74,交通水系:72；基层治理:50；农业工业:15,该地名属于历史自然村，在志书中约出现56次，主要关联交通水系、基层治理；主要时间锚点为1950年。,0,缺坐标,,,,missing,,manual,medium,1950,集体化与农业建设,1949;1951;1954;1968;1972;1995;2000;2001;2004;2015;2017,11,14. 金家村（56次）,年3月，尹山乡析分长桥、宝带、尹山及青树（今属吴江区境域）4个乡，境域隶属宝带乡。4月，宝带乡并入长桥乡，青树乡并入尹西乡，境内金家村、钱家村、朱塔浜、沉家浜、小村、下田村等6个自然村隶属长桥乡，泥河田、王家浜、港南浜、吴家角、牛桩浜等5个自然村隶属尹西乡。19 || 路、宝丰路；构筑了古塘河桥、下塔里桥、石湖东路公路桥、钱家桥、金家桥、8号不锈钢栏桥等桥梁；开拓疏通了钱家村河、黄家浜、兴隆河、金家村河、跃进河、澹台湖北运河、牛桩浜东港、金家河、金星内河、新华内河等河道，并对村庄进行旧房改造、动迁安置；居民生活小区实施环境、卫 || 山及青树（今吴江境内）4个乡，境域归属吴县车坊区宝带乡。4月15日，宝带乡并入长桥乡，青树乡并入尹山乡，并更名为尹西乡。时，境域金家村、钱家村、朱塔浜、沉家浜、小村、下田村归属长桥乡，泥河田、王家浜、港南浜、吴家角、牛桩浜归属尹西乡。9月，开展土改运动。10月，,山及青树（今属吴江区境域）4个乡，境域隶属宝带乡。4月，宝带乡并入长桥乡，青树乡并入尹西乡，境内金家村、钱家村、朱塔浜、沉家浜、小村、下田村等6个自然村隶属长桥乡，泥河田、王家浜、港南浜、吴家角、牛,
19,16,太湖,太湖,water,中高频,52,58,交通水系:34；基层治理:8；教育民生:6,该地名属于湖泊水面，在志书中约出现52次，主要关联交通水系、基层治理；主要时间锚点为-190年。,0,缺坐标,,,,missing,,review,medium,-190,古代-清末,-190;1454;1863;1977;1978;2000;2004,7,16. 太湖（52次）,河；迎春南路穿越境域南北，石湖东路贯通境域东西，交通便捷；境内有宝带桥·澹台湖景区，景色旖旎。境域属海洋性季风气候，四季分明，受太湖水体调节，气候宜人，雨量充沛，日照充足，无霜期长，宜农宜渔，是典型的江南鱼米之乡。2017年12月，宝带桥社区总面积3.2平方千 || 前222）秦平定楚之江南地，境域归秦。秦秦始皇二十六年（前221）以吴国故都设立吴县，境域属吴县。汉惠帝五年（前190）夏大旱，太湖涸。武帝年间（前140—前87）开挖吴县至嘉兴段运河，途经境域。三国吴大帝年间（222—252）始建生产丝织品的官营“织络”作坊 || ，境域田地皆满，稻谷荡尽。明正统年间（1436—1449）巡抚周忱修治宝带桥。景泰五年（1454）正月大雪，历二旬不止，深丈余，太湖诸港连底结冻，舟楫不通。夏大水，秋亢旱。弘治十四年（1501）十月七日，地大震，屋宇动摇，人立者数起数仆。嘉靖二十三年（1544,路贯通境域东西，交通便捷；境内有宝带桥·澹台湖景区，景色旖旎。境域属海洋性季风气候，四季分明，受太湖水体调节，气候宜人，雨量充沛，日照充足，无霜期长，宜农宜渔，是典型的江南鱼米之乡。2017年12,
20,17,西下田,西下田,historic_settlement,中高频,48,197,基层治理:63；交通水系:40；开发建设:27,该地名属于历史自然村，在志书中约出现48次，主要关联基层治理、交通水系；主要时间锚点为1950年。,0,缺坐标,,,,missing,,review,high,1950,集体化与农业建设,155;157;161;163;1954;1996;2000;2001;2003;2004;2005;2007;2017;2020,14,17. 西下田（48次）,刺死。9月（农历八月十五）夜，泥河田村吴毛头被派去苏嘉铁路（尹山段）值班时，因打瞌睡被日军用枪托砸击后脑致死。是年，境内沉家浜（西下田）陆根火发现蠡墅镇上开肉铺的店主之妻被日本兵强暴，遂与店主合力将施暴日军处死。为躲避抓捕，隐居太湖，至死未归。1942年是年，境 || 南纸箱厂转制给原承包人经营，性质由集体企业转为私营企业。7月至11月，牛桩浜27户居民、泥河田23户居民先后搬至朱塔浜、沉家浜、西下田居民生活小区。10月3日至6日，2000年中国吴县市环太湖世界特技飞行奖大赛在太湖之滨举行，村民纷纷前往观看。2001年2月28 || 月，1100米的金家村河清淤污泥9000立方米。2月，上旬气温骤降，最低温度-10℃，境内水管、水表爆裂无数，冻损严重。12月，西下田北区（别墅区）沈才全家四楼的煤气罐爆炸，租户严重烧伤，四楼东三墙墙体倒塌，门窗损坏，被鉴定为危房。2016年2月18日，宝带桥社,河田村吴毛头被派去苏嘉铁路（尹山段）值班时，因打瞌睡被日军用枪托砸击后脑致死。是年，境内沉家浜（西下田）陆根火发现蠡墅镇上开肉铺的店主之妻被日本兵强暴，遂与店主合力将施暴日军处死。为躲避抓捕，隐居太,
21,18,牛桩浜,牛桩浜,historic_settlement,中高频,46,58,交通水系:97；基层治理:81；教育民生:14,该地名属于历史自然村，在志书中约出现46次，主要关联交通水系、基层治理；主要时间锚点为1950年。,0,缺坐标,,,,missing,,manual,medium,1950,集体化与农业建设,1929;1949;1950;1951;1954;1968;1991;1992;1995;2000;2004;2017,12,18. 牛桩浜（46次）,桥乡，青树乡并入尹西乡，境内金家村、钱家村、朱塔浜、沉家浜、小村、下田村等6个自然村隶属长桥乡，泥河田、王家浜、港南浜、吴家角、牛桩浜等5个自然村隶属尹西乡。1956年1月，长桥、尹西2个乡合并，名称长桥，境域隶属长桥乡。翌年3月，长桥乡并入郭巷乡，境域隶属郭巷 || 里桥、石湖东路公路桥、钱家桥、金家桥、8号不锈钢栏桥等桥梁；开拓疏通了钱家村河、黄家浜、兴隆河、金家村河、跃进河、澹台湖北运河、牛桩浜东港、金家河、金星内河、新华内河等河道，并对村庄进行旧房改造、动迁安置；居民生活小区实施环境、卫生、安全等长效管理。宝带桥社区历 || 树乡并入尹山乡，并更名为尹西乡。时，境域金家村、钱家村、朱塔浜、沉家浜、小村、下田村归属长桥乡，泥河田、王家浜、港南浜、吴家角、牛桩浜归属尹西乡。9月，开展土改运动。10月，根据中央人民政府、政务院、最高人民法院颁布的《关于镇压反革命活动的指示》，开展镇压反革命,村、钱家村、朱塔浜、沉家浜、小村、下田村等6个自然村隶属长桥乡，泥河田、王家浜、港南浜、吴家角、牛桩浜等5个自然村隶属尹西乡。1956年1月，长桥、尹西2个乡合并，名称长桥，境域隶属长桥乡。翌年3月,
22,19,宝南村,宝南村,historic_admin,中高频,44,91,基层治理:58；交通水系:24；农业工业:12,该地名属于历史行政/集体组织，在志书中约出现44次，主要关联基层治理、交通水系；主要时间锚点为1956年。,0,缺坐标,,,,missing,,manual,medium,1956,集体化与农业建设,1956;1983;1984;1986;1987;1989;1990;1992;1993;1994;1995;1996;1997;1999;2000;2001;2002;2003,19,19. 宝南村（44次）,行村级体制改革，设立2个行政村、31个村民小组，撤销生产大队和生产小队。宝尹大队更名为宝尹村，下辖10个村民小组；宝南大队更名为宝南村，下辖21个村民小组。10月4日至23日，连续降雨250毫米左右，境内低洼农田受淹。大事记1411月13日，中顾委常委陆定一视察 || 常委陆定一视察宝带桥。1984年1月17日，11时开始降雪，至19日8时止，持续45小时，境内数根电线杆被压断，房屋倒塌。宝尹、宝南村组织突击进行抗冻防寒救灾工作。4月9日，宝尹村潘苏英当选吴县第八届人民代表大会代表。5月21日23时39分，南黄海发生6.3级地 || 英当选吴县第八届人民代表大会代表。5月21日23时39分，南黄海发生6.3级地震，境内有震感。7月20日，宝尹村罗纪根、钱招媛，宝南村陈龙元、陆美香、陈锦男当选长桥乡第九届人民代表大会代表。是月，宝南吊装运输队成立，并常驻苏州化学纤维厂。是年，宝南村的钱家村、金,31个村民小组，撤销生产大队和生产小队。宝尹大队更名为宝尹村，下辖10个村民小组；宝南大队更名为宝南村，下辖21个村民小组。10月4日至23日，连续降雨250毫米左右，境内低洼农田受淹。大事记,
23,20,宝尹村,宝尹村,historic_admin,中高频,41,77,基层治理:47；交通水系:28；农业工业:8,该地名属于历史行政/集体组织，在志书中约出现41次，主要关联基层治理、交通水系；主要时间锚点为1983年。,0,缺坐标,,,,missing,,manual,medium,1983,改革开放初期,1968;1983;1984;1985;1986;1987;1989;1990;1991;1992;1993;1994;1995;1996;1997;1998;1999;2001,22,20. 宝尹村（41次）,内连降暴雨，雨量达144毫米。8月，境内实行村级体制改革，设立2个行政村、31个村民小组，撤销生产大队和生产小队。宝尹大队更名为宝尹村，下辖10个村民小组；宝南大队更名为宝南村，下辖21个村民小组。10月4日至23日，连续降雨250毫米左右，境内低洼农田受淹。大 || 1时开始降雪，至19日8时止，持续45小时，境内数根电线杆被压断，房屋倒塌。宝尹、宝南村组织突击进行抗冻防寒救灾工作。4月9日，宝尹村潘苏英当选吴县第八届人民代表大会代表。5月21日23时39分，南黄海发生6.3级地震，境内有震感。7月20日，宝尹村罗纪根、钱招 || 。4月9日，宝尹村潘苏英当选吴县第八届人民代表大会代表。5月21日23时39分，南黄海发生6.3级地震，境内有震感。7月20日，宝尹村罗纪根、钱招媛，宝南村陈龙元、陆美香、陈锦男当选长桥乡第九届人民代表大会代表。是月，宝南吊装运输队成立，并常驻苏州化学纤维厂。是,月，境内实行村级体制改革，设立2个行政村、31个村民小组，撤销生产大队和生产小队。宝尹大队更名为宝尹村，下辖10个村民小组；宝南大队更名为宝南村，下辖21个村民小组。10月4日至23日，连续降雨25,
24,21,港南浜,港南浜,historic_settlement,中高频,41,45,交通水系:88；基层治理:84；教育民生:6,该地名属于历史自然村，在志书中约出现41次，主要关联交通水系、基层治理；主要时间锚点为1950年。,0,缺坐标,,,,missing,,manual,medium,1950,集体化与农业建设,1929;1949;1950;1951;1954;1992;1996;1997;1998;2004;2017,11,21. 港南浜（41次）,月，宝带乡并入长桥乡，青树乡并入尹西乡，境内金家村、钱家村、朱塔浜、沉家浜、小村、下田村等6个自然村隶属长桥乡，泥河田、王家浜、港南浜、吴家角、牛桩浜等5个自然村隶属尹西乡。1956年1月，长桥、尹西2个乡合并，名称长桥，境域隶属长桥乡。翌年3月，长桥乡并入郭巷 || 乡并入长桥乡，青树乡并入尹山乡，并更名为尹西乡。时，境域金家村、钱家村、朱塔浜、沉家浜、小村、下田村归属长桥乡，泥河田、王家浜、港南浜、吴家角、牛桩浜归属尹西乡。9月，开展土改运动。10月，根据中央人民政府、政务院、最高人民法院颁布的《关于镇压反革命活动的指示》 || 带桥南堍。是年，宝带桥入选中国世界语出版社出版的《水乡苏州》明信片图录。1996年5月至9月，境内进行老村改造，泥河田、王家浜、港南浜183户居民人家，搬迁至朱塔浜（2004年12月更名为宝尹花园）。11月8日，村办集体企业实行转制，将宝南拼线厂转制给原承包人经,尹西乡，境内金家村、钱家村、朱塔浜、沉家浜、小村、下田村等6个自然村隶属长桥乡，泥河田、王家浜、港南浜、吴家角、牛桩浜等5个自然村隶属尹西乡。1956年1月，长桥、尹西2个乡合并，名称长桥，境域隶属,
28,24,宝南,宝南,place,中频,25,615,基层治理:62；农业工业:29；交通水系:26,该地名属于地方简称，在志书中约出现25次，主要关联基层治理、农业工业；主要时间锚点为1950年。,0,缺坐标,,,,missing,,review,low,1950,集体化与农业建设,555;559;635;639;1050;1054;1070;1074;1147;1937;1957;1980;1983;1985;1990;1991;1992;1994,23,24. 宝南（25次）,陈林男、朱阿夯、马金（根）姐当选长桥人民公社第八届人民代表大会代表。11月，为避地名重叠，金星大队更名为宝尹大队、新华大队更名为宝南大队。1981年3月，开展“五讲”（讲文明、讲礼貌、讲卫生、讲秩序、讲道德）“四美”（心灵美、语言美、行为美、环境美）、学雷锋、 || 桥（竹桥）改建为石桥。7月1日，全国第三次人口普查登记，以0时标准统计时间为准。境内有常住人口2922人，其中：宝尹1146人，宝南1776人，男性1444人，女性1478人。12月，推行联产到劳责任制，分田到组。1983年3月，全面推行家庭联产承包责任制，分 || ，全面推行家庭联产承包责任制，分田到户。6月20日至7月18日，阴雨连绵，境内低洼农田被淹。7月21日，宝尹大队罗纪根、钱招媛，宝南大队陈林男、陶官林、何招根妹当选为中共长桥乡第四次党代会代表。7月31日，晚上7时至次日上午7时，境内连降暴雨，雨量达144毫米,长桥人民公社第八届人民代表大会代表。11月，为避地名重叠，金星大队更名为宝尹大队、新华大队更名为宝南大队。1981年3月，开展“五讲”（讲文明、讲礼貌、讲卫生、讲秩序、讲道德）“四美”（心灵美、语,
30,26,碧波实验小学,碧波实验小学,education,中频,20,19,教育民生:73；基层治理:8；开发建设:4,该地名属于教育设施，在志书中约出现20次，主要关联教育民生、基层治理；主要时间锚点为1995年。,0,缺坐标,,,,missing,,review,medium,1995,开发区建设,1958;1993;1995;2000;2006;2007;2013;2016;2017,9,26. 碧波实验小学（20次）,蒸蒸日上。教育方面，原来只有几所在村民家客厅、破庙讲课的私立学校、耕读小学，至2017年，全日制学校有建筑面积35137平方米的碧波实验小学及附属幼儿园，建筑面积15830平方米的碧波中学。少年儿童入学率达100%。卫生事业方面，1962年3月全面实行合作医疗，200 || 90年9月，境域在教育事业上跨越一大步，投资建起了十楼十底的宝南小学。1994年1月，推行大病风险医疗制度。1995年6月，新建碧波实验小学（含幼儿园），建筑面积35137平方米。1999年4月，宝尹村合作医疗室并入碧波卫生院，翌年1月，卫生院在境内设立社区服务中心， || 家办起下田小学，招收学生30余人。1990年9月，境域宝南建起十楼十底校舍，境内部分小学生先后并入宝南小学。1995年6月，新建碧波实验小学，境内小学并入碧波实验小学。2002年9月，境域新建碧波中学，对外招生。2362017年12月，碧波实验小学（含幼儿园）建筑面积,在村民家客厅、破庙讲课的私立学校、耕读小学，至2017年，全日制学校有建筑面积35137平方米的碧波实验小学及附属幼儿园，建筑面积15830平方米的碧波中学。少年儿童入学率达100%。卫生事业方面，196,
31,27,郭巷人民公社,郭巷人民公社,historic_admin,中频,20,19,基层治理:83；农业工业:46；交通水系:24,该地名属于历史行政/集体组织，在志书中约出现20次，主要关联基层治理、农业工业；主要时间锚点为1958年。,0,缺坐标,,,,missing,,manual,medium,1958,集体化与农业建设,1958,1,27. 郭巷人民公社（20次）,，搜集群众家用铁器充作炼钢原料。是月，郭巷乡大办民兵，实行全民皆兵，提出行动军事化，生活集体化，境内青壮年集体住宿训练。10月，郭巷人民公社成立，实行集工农商学于一体、政社合一的体制，境域归属郭巷人民公社。金星24社改称新华大队，金星25社改称金星大队。是月，金星、新 || 兵，提出行动军事化，生活集体化，境内青壮年集体住宿训练。10月，郭巷人民公社成立，实行集工农商学于一体、政社合一的体制，境域归属郭巷人民公社。金星24社改称新华大队，金星25社改称金星大队。是月，金星、新华大队实行营连制，大办食堂，并提出“放开肚皮吃饭，鼓足干劲生产” || 产风、浮夸风、瞎指挥风、干部特殊风、强迫命令风）错一，退赔“一平二调”款，组织开展整风整社工作。5月，境内各大队、生产队干部参加郭巷人民公社召开的三级干部会议，学习党中央《农村人民公社工作条例（草案）》（农业60条）。会后，解散公共食堂，恢复自留地和家庭副业。6月，商,是月，郭巷乡大办民兵，实行全民皆兵，提出行动军事化，生活集体化，境内青壮年集体住宿训练。10月，郭巷人民公社成立，实行集工农商学于一体、政社合一的体制，境域归属郭巷人民公社。金星24社改称新华大队，金星2,
37,30,长桥人民公社,长桥人民公社,historic_admin,中频,15,15,基层治理:99；交通水系:38；农业工业:12,该地名属于历史行政/集体组织，在志书中约出现15次，主要关联基层治理、交通水系；主要时间锚点为1965年。,0,缺坐标,,,,missing,,manual,medium,1965,集体化与农业建设,1965;1968;1970;1980;1983,5,30. 长桥人民公社（15次）,6年1月，长桥、尹西2个乡合并，名称长桥，境域隶属长桥乡。翌年3月，长桥乡并入郭巷乡，境域隶属郭巷乡。1965年12月，境域划归长桥人民公社。1992年8月，境域划归吴县经济技术开发区。1996年7月，吴县撤县建市，境域隶属吴县市；2001年2月，吴县撤市建区（吴中区 || 、新华两大队14人（其中富农分子1人、坏分子13人）实行监督改造。1965年12月，境域划归蠡墅人民公社，蠡墅人民公社随即更名为长桥人民公社。是月，苏州市区至境内的公交车由10路改为13路；1970年12月，终点站延伸至尹山桥。1966年8月，开展破“四旧”（旧思想、 || 塌造成5人死亡。翌年重建拱桥，取名为“胜利桥”。是月，金星大队社员吴云先为境内火葬第一人。1970年2月中旬，金星、新华大队遵照长桥人民公社要求，开展“一打三反”（打击现行反革命分子、反对贪污盗窃、反对投机倒把、反对铺张浪费）运动，进行大检举、大批判、大清理，凡涉嫌有,名称长桥，境域隶属长桥乡。翌年3月，长桥乡并入郭巷乡，境域隶属郭巷乡。1965年12月，境域划归长桥人民公社。1992年8月，境域划归吴县经济技术开发区。1996年7月，吴县撤县建市，境域隶属吴县市；20,
38,31,宝尹,宝尹,place,中频,14,994,基层治理:49；交通水系:14；农业工业:8,该地名属于地方简称，在志书中约出现14次，主要关联基层治理、交通水系；主要时间锚点为1950年。,0,缺坐标,,,,missing,,review,low,1950,集体化与农业建设,555;559;635;639;1050;1054;1070;1074;1147;1937;1946;1957;1980;1982;1983;1986;1987;1990,29,31. 宝尹（14次）,。1978年改沙土路面为沥青路面。是年，流行脑膜炎，殃及境域。1946年是年，境内宝庆寺西厢房建起泥河田公立小学（1990年改称宝尹小学）。81948年6月，并编区、乡，境内归属吴县车坊区尹山乡。1949年4月27日，境域解放。5月1日，吴县人民政府成立，建尹 || 姚长泉、江根土，新华大队陈林男、朱阿夯、马金（根）姐当选长桥人民公社第八届人民代表大会代表。11月，为避地名重叠，金星大队更名为宝尹大队、新华大队更名为宝南大队。1981年3月，开展“五讲”（讲文明、讲礼貌、讲卫生、讲秩序、讲道德）“四美”（心灵美、语言美、行 || 提倡一对夫妻只生一个孩子。6月，省政府拨款修缮宝带桥，工程由吴县文管委负责，吴县桥梁工程队施工，历时一年半竣工。1982年1月，宝尹大队将泥河田夹河溇北潘家桥（竹桥）改建为石桥。7月1日，全国第三次人口普查登记，以0时标准统计时间为准。境内有常住人口2922人,。是年，流行脑膜炎，殃及境域。1946年是年，境内宝庆寺西厢房建起泥河田公立小学（1990年改称宝尹小学）。81948年6月，并编区、乡，境内归属吴县车坊区尹山乡。1949年4月27日，境域,
39,32,宝南大队,宝南大队,historic_admin,中频,13,16,基层治理:87；农业工业:8；开发建设:3,该地名属于历史行政/集体组织，在志书中约出现13次，主要关联基层治理、农业工业；主要时间锚点为1980年。,0,缺坐标,,,,missing,,manual,medium,1980,改革开放初期,1980;1981;1982;1983;1992,5,32. 宝南大队（13次）,陈林男、朱阿夯、马金（根）姐当选长桥人民公社第八届人民代表大会代表。11月，为避地名重叠，金星大队更名为宝尹大队、新华大队更名为宝南大队。1981年3月，开展“五讲”（讲文明、讲礼貌、讲卫生、讲秩序、讲道德）“四美”（心灵美、语言美、行为美、环境美）、学雷锋、树新 || ，全面推行家庭联产承包责任制，分田到户。6月20日至7月18日，阴雨连绵，境内低洼农田被淹。7月21日，宝尹大队罗纪根、钱招媛，宝南大队陈林男、陶官林、何招根妹当选为中共长桥乡第四次党代会代表。7月31日，晚上7时至次日上午7时，境内连降暴雨，雨量达144毫米。8 || 。8月，境内实行村级体制改革，设立2个行政村、31个村民小组，撤销生产大队和生产小队。宝尹大队更名为宝尹村，下辖10个村民小组；宝南大队更名为宝南村，下辖21个村民小组。10月4日至23日，连续降雨250毫米左右，境内低洼农田受淹。大事记1411月13日，中顾委常,长桥人民公社第八届人民代表大会代表。11月，为避地名重叠，金星大队更名为宝尹大队、新华大队更名为宝南大队。1981年3月，开展“五讲”（讲文明、讲礼貌、讲卫生、讲秩序、讲道德）“四美”（心灵美、语言美,
41,33,碧波幼儿园,碧波幼儿园,education,中频,12,11,教育民生:66；基层治理:10,该地名属于教育设施，在志书中约出现12次，主要关联教育民生、基层治理；主要时间锚点为1998年。,0,缺坐标,,,,missing,,review,medium,1998,开发区建设,1946;1998;2006;2007;2010;2014;2017,7,33. 碧波幼儿园（12次）,年在90—100人，其中：宝尹40人左右，宝南60人左右。2371996年9月1日，碧波实验小学附属幼儿园成立，宝尹村幼儿园并入碧波幼儿园。1998年9月1日，宝南村幼儿园并入碧波幼儿园。境内历任幼儿教师宝尹村有张菊英、潘文妹、朱素芳、施桂珍、潘永芳、朱建芳、钱月青 || 0人左右。2371996年9月1日，碧波实验小学附属幼儿园成立，宝尹村幼儿园并入碧波幼儿园。1998年9月1日，宝南村幼儿园并入碧波幼儿园。境内历任幼儿教师宝尹村有张菊英、潘文妹、朱素芳、施桂珍、潘永芳、朱建芳、钱月青等，宝南村有马福珠、徐香英、倪美芳、费招根、陆美 || 、潘文妹、朱素芳、施桂珍、潘永芳、朱建芳、钱月青等，宝南村有马福珠、徐香英、倪美芳、费招根、陆美香、倪锋媛等。2017年12月，碧波幼儿园设23个班，教师52人，保育员（职工）23人，幼儿园学生710人。碧波幼儿园历任正副园长：1998年9月，何雪英任碧波幼儿园园长,右，宝南60人左右。2371996年9月1日，碧波实验小学附属幼儿园成立，宝尹村幼儿园并入碧波幼儿园。1998年9月1日，宝南村幼儿园并入碧波幼儿园。境内历任幼儿教师宝尹村有张菊英、潘文妹、朱素芳,
45,36,宝尹大队,宝尹大队,historic_admin,中频,11,15,基层治理:75；农业工业:12；交通水系:9,该地名属于历史行政/集体组织，在志书中约出现11次，主要关联基层治理、农业工业；主要时间锚点为1980年。,0,缺坐标,,,,missing,,manual,medium,1980,改革开放初期,1980;1981;1982;1983,4,36. 宝尹大队（11次）,姚长泉、江根土，新华大队陈林男、朱阿夯、马金（根）姐当选长桥人民公社第八届人民代表大会代表。11月，为避地名重叠，金星大队更名为宝尹大队、新华大队更名为宝南大队。1981年3月，开展“五讲”（讲文明、讲礼貌、讲卫生、讲秩序、讲道德）“四美”（心灵美、语言美、行为美 || 提倡一对夫妻只生一个孩子。6月，省政府拨款修缮宝带桥，工程由吴县文管委负责，吴县桥梁工程队施工，历时一年半竣工。1982年1月，宝尹大队将泥河田夹河溇北潘家桥（竹桥）改建为石桥。7月1日，全国第三次人口普查登记，以0时标准统计时间为准。境内有常住人口2922人，其 || 分田到组。1983年3月，全面推行家庭联产承包责任制，分田到户。6月20日至7月18日，阴雨连绵，境内低洼农田被淹。7月21日，宝尹大队罗纪根、钱招媛，宝南大队陈林男、陶官林、何招根妹当选为中共长桥乡第四次党代会代表。7月31日，晚上7时至次日上午7时，境内连降暴,朱阿夯、马金（根）姐当选长桥人民公社第八届人民代表大会代表。11月，为避地名重叠，金星大队更名为宝尹大队、新华大队更名为宝南大队。1981年3月，开展“五讲”（讲文明、讲礼貌、讲卫生、讲秩序、讲道德）,
46,37,泥河田,泥河田,historic_settlement,中频,11,141,交通水系:47；基层治理:44；教育民生:16,该地名属于历史自然村，在志书中约出现11次，主要关联交通水系、基层治理；主要时间锚点为1950年。,0,缺坐标,,,,missing,,manual,medium,1950,集体化与农业建设,1929;1946;1950;1951;1954;1982;1990;1996;2004;2017,10,37. 泥河田（11次）,域隶属宝带乡。4月，宝带乡并入长桥乡，青树乡并入尹西乡，境内金家村、钱家村、朱塔浜、沉家浜、小村、下田村等6个自然村隶属长桥乡，泥河田、王家浜、港南浜、吴家角、牛桩浜等5个自然村隶属尹西乡。1956年1月，长桥、尹西2个乡合并，名称长桥，境域隶属长桥乡。翌年3月 || 。1941年4月，境内下田村坟堂上40岁朱女士，被日本兵从坟堂上沿南港河（俗称马桶河）追逃至廿五港刺死。9月（农历八月十五）夜，泥河田村吴毛头被派去苏嘉铁路（尹山段）值班时，因打瞌睡被日军用枪托砸击后脑致死。是年，境内沉家浜（西下田）陆根火发现蠡墅镇上开肉铺的店 || 全长29.98千米沙土公路通车。1978年改沙土路面为沥青路面。是年，流行脑膜炎，殃及境域。1946年是年，境内宝庆寺西厢房建起泥河田公立小学（1990年改称宝尹小学）。81948年6月，并编区、乡，境内归属吴县车坊区尹山乡。1949年4月27日，境域解放。5月,桥乡，青树乡并入尹西乡，境内金家村、钱家村、朱塔浜、沉家浜、小村、下田村等6个自然村隶属长桥乡，泥河田、王家浜、港南浜、吴家角、牛桩浜等5个自然村隶属尹西乡。1956年1月，长桥、尹西2个乡合并，名,
49,40,党群服务中心,党群服务中心,service_facility,中频,10,9,教育民生:35；基层治理:27；交通水系:19,该地名属于社区服务设施，在志书中约出现10次，主要关联教育民生、基层治理；主要时间锚点为2008年。,0,缺坐标,,,,missing,,review,medium,2008,社区成立与城市更新,1956;1964;2008;2017;2020,5,40. 党群服务中心（10次）,，《人民日报》发表王伟健题为“古今辉映水润姑苏”的文章，介绍大运河文化带的世界文化遗产——宝带桥。8月29日上午，宝带桥社区举行党群服务中心新楼竣工揭幕仪式。9月26日上午，吴中区人大常委会主任张炳华带领区人大常委会委员一行9人，在区教育局局长陆为民等人陪同下至碧波中 || 地文化的吴中博物馆建成开馆。是月，境内居民生活小区始行垃圾分类。7月13日，吴中区地方志办公室、吴中区城南街道办事处在宝带桥社区党群服务中心会议室举行《宝带桥社区志》评审会。是月，连降大雨，太湖水位超过警戒水位，境域澹台湖畔低洼地受淹。是月，江苏省文物局下达《关于苏州 || 居民进行体检等专项服务。2008年3月，当地社区为倾听群众之声，提高为居民服务质量，成立了来访接待中心。2017年12月，设立了党群服务中心，对居民社会保障、困难救助、优生优育、法律咨询、妇幼维权等进行开放式、一站式服务。167第一节基础设施一、交通公路1932年1月,辉映水润姑苏”的文章，介绍大运河文化带的世界文化遗产——宝带桥。8月29日上午，宝带桥社区举行党群服务中心新楼竣工揭幕仪式。9月26日上午，吴中区人大常委会主任张炳华带领区人大常委会委员一行9人，在区教,
56,43,吴中经济开发区,吴中经济开发区,admin_context,低频,9,15,基层治理:44；开发建设:36；交通水系:30,该地名属于行政背景，在志书中约出现9次，主要关联基层治理、开发建设；主要时间锚点为1992年。,0,缺坐标,,,,missing,,context,low,1992,开发区建设,2000;2001;2003;2009;2010;2013;2020,7,43. 吴中经济开发区（9次）,平方米。是年，朱塔浜南岸18户居民、塘里（澹台湖西岸）6户居民搬迁至钱家新村居民生活小区。2003年1月，宝尹、宝南2居委会根据吴中经济开发区管理委员会〔2002〕第31号文规定，禁止境内养猪。3月至4月，吴家角35户居民、泥河田38户居民搬迁至下田村、钱家新村居民生活 || 村居民生活小区。7月7日，撤销宝南、宝尹村党支部，建立中共宝带桥支部委员会。是月，宝尹、宝南两个居委会合并为宝带桥居委会。是月，吴中经济开发区管委会授予宝带桥居委会“2003年度吴中经济开发区无偿献血工作先进集体”称号。是月，宝带桥入选苏州邮政局监制，苏州邮电广告公司、 || 建立中共宝带桥支部委员会。是月，宝尹、宝南两个居委会合并为宝带桥居委会。是月，吴中经济开发区管委会授予宝带桥居委会“2003年度吴中经济开发区无偿献血工作先进集体”称号。是月，宝带桥入选苏州邮政局监制，苏州邮电广告公司、苏州博彩图文有限公司设计的《苏州桥影》明信片图录。,民、塘里（澹台湖西岸）6户居民搬迁至钱家新村居民生活小区。2003年1月，宝尹、宝南2居委会根据吴中经济开发区管理委员会〔2002〕第31号文规定，禁止境内养猪。3月至4月，吴家角35户居民、泥河田38户居,
57,44,泥河田港,泥河田港,waterway,低频,9,12,交通水系:70；基层治理:36；农业工业:9,该地名属于运河河道，在志书中约出现9次，主要关联交通水系、基层治理；主要时间锚点为1967年。,0,缺坐标,,,,missing,,review,medium,1967,集体化与农业建设,1967;1974;1991;1995;2017,5,44. 泥河田港（9次）,后成立“造反队”“战斗队”。1967年1月，受上海“一月风暴”影响，金星、新华大队风行“夺权”。2月，金星大队成立养鱼专业队，在泥河田港放养鱼苗。3月，金星、新华大队党、政工作由大队民兵营长主持。1968年3月5日，始行废除土葬。8月，掀起“三忠于”（忠于毛主席、 || 境域在20世纪90年代初期，共有大小内河流39条，总长度16555米。南北纵向的骨干河道有古运河、宝南中心河（原北为廿五港，南为泥河田港）和古塘河；东西纵向的骨干河道有泥河田港（原为宝尹南港河）、跃进河、金家村河、马桶港（原为宝南南港河）和苏南运河。加之各自然村的 || 流39条，总长度16555米。南北纵向的骨干河道有古运河、宝南中心河（原北为廿五港，南为泥河田港）和古塘河；东西纵向的骨干河道有泥河田港（原为宝尹南港河）、跃进河、金家村河、马桶港（原为宝南南港河）和苏南运河。加之各自然村的内河小溪，纵横交叉，起着引调、蓄纳和排灌,67年1月，受上海“一月风暴”影响，金星、新华大队风行“夺权”。2月，金星大队成立养鱼专业队，在泥河田港放养鱼苗。3月，金星、新华大队党、政工作由大队民兵营长主持。1968年3月5日，始行废除土葬。8,
58,45,金家村河,金家村河,waterway,低频,9,8,交通水系:44；基层治理:19；开发建设:7,该地名属于运河河道，在志书中约出现9次，主要关联交通水系、基层治理；主要时间锚点为1972年。,0,缺坐标,,,,missing,,review,medium,1972,集体化与农业建设,1968;1972;2015;2017,4,45. 金家村河（9次）,路、宝丰路；构筑了古塘河桥、下塔里桥、石湖东路公路桥、钱家桥、金家桥、8号不锈钢栏桥等桥梁；开拓疏通了钱家村河、黄家浜、兴隆河、金家村河、跃进河、澹台湖北运河、牛桩浜东港、金家河、金星内河、新华内河等河道，并对村庄进行旧房改造、动迁安置；居民生活小区实施环境、卫生 || 社大会堂，听取吴县县委传达林彪“九一三”叛国外逃事件的有关文件。是月底，传达至群众。1972年1月，新华大队开掘全长2000米的金家村河。2月，境内经过一年多的除害灭疫活动，全面复查无钉螺。12月，100名基干民兵参加白茆塘（河）拓浚工程。1973年秋，金星、新华 || 米）。是月，宝带桥社区投资1229万元建设的东湖“宝信工业坊”竣工（系7049平方米标准厂房一幢）。2015年1月，1100米的金家村河清淤污泥9000立方米。2月，上旬气温骤降，最低温度-10℃，境内水管、水表爆裂无数，冻损严重。12月，西下田北区（别墅区）沈才,里桥、石湖东路公路桥、钱家桥、金家桥、8号不锈钢栏桥等桥梁；开拓疏通了钱家村河、黄家浜、兴隆河、金家村河、跃进河、澹台湖北运河、牛桩浜东港、金家河、金星内河、新华内河等河道，并对村庄进行旧房改造、动迁,
59,46,吴家角,吴家角,historic_settlement,低频,8,42,基层治理:88；交通水系:82；教育民生:9,该地名属于历史自然村，在志书中约出现8次，主要关联基层治理、交通水系；主要时间锚点为1950年。,0,缺坐标,,,,missing,,manual,medium,1950,集体化与农业建设,1929;1949;1950;1951;1954;1992;2003;2004;2017,9,46. 吴家角（8次）,乡并入长桥乡，青树乡并入尹西乡，境内金家村、钱家村、朱塔浜、沉家浜、小村、下田村等6个自然村隶属长桥乡，泥河田、王家浜、港南浜、吴家角、牛桩浜等5个自然村隶属尹西乡。1956年1月，长桥、尹西2个乡合并，名称长桥，境域隶属长桥乡。翌年3月，长桥乡并入郭巷乡，境域 || 桥乡，青树乡并入尹山乡，并更名为尹西乡。时，境域金家村、钱家村、朱塔浜、沉家浜、小村、下田村归属长桥乡，泥河田、王家浜、港南浜、吴家角、牛桩浜归属尹西乡。9月，开展土改运动。10月，根据中央人民政府、政务院、最高人民法院颁布的《关于镇压反革命活动的指示》，开展镇 || 民生活小区。2003年1月，宝尹、宝南2居委会根据吴中经济开发区管理委员会〔2002〕第31号文规定，禁止境内养猪。3月至4月，吴家角35户居民、泥河田38户居民搬迁至下田村、钱家新村居民生活小区。7月7日，撤销宝南、宝尹村党支部，建立中共宝带桥支部委员会。是月,境内金家村、钱家村、朱塔浜、沉家浜、小村、下田村等6个自然村隶属长桥乡，泥河田、王家浜、港南浜、吴家角、牛桩浜等5个自然村隶属尹西乡。1956年1月，长桥、尹西2个乡合并，名称长桥，境域隶属长桥乡。,
62,47,跃进河,跃进河,waterway,低频,8,7,交通水系:43；基层治理:15；开发建设:8,该地名属于运河河道，在志书中约出现8次，主要关联交通水系、基层治理；主要时间锚点为1991年。,0,缺坐标,,,,missing,,review,medium,1991,改革开放初期,1968;1991;2017,3,47. 跃进河（8次）,；构筑了古塘河桥、下塔里桥、石湖东路公路桥、钱家桥、金家桥、8号不锈钢栏桥等桥梁；开拓疏通了钱家村河、黄家浜、兴隆河、金家村河、跃进河、澹台湖北运河、牛桩浜东港、金家河、金星内河、新华内河等河道，并对村庄进行旧房改造、动迁安置；居民生活小区实施环境、卫生、安全等 || 。南北纵向的骨干河道有古运河、宝南中心河（原北为廿五港，南为泥河田港）和古塘河；东西纵向的骨干河道有泥河田港（原为宝尹南港河）、跃进河、金家村河、马桶港（原为宝南南港河）和苏南运河。加之各自然村的内河小溪，纵横交叉，起着引调、蓄纳和排灌吞吐的作用，形成了与运河、 || 编织民用布匹4500401992.2停办金星铸件厂1978.2泥和田铜、铁件2300151996.7停办王家浜砖瓦厂1980.8跃进河南砖、瓦1.511000171996.2停办宝带桥汽车改装厂1984.8宝带桥南汽车改装、修理83300131987.8停办吴县,东路公路桥、钱家桥、金家桥、8号不锈钢栏桥等桥梁；开拓疏通了钱家村河、黄家浜、兴隆河、金家村河、跃进河、澹台湖北运河、牛桩浜东港、金家河、金星内河、新华内河等河道，并对村庄进行旧房改造、动迁安置；居,
64,48,古塘河,古塘河,waterway,低频,7,10,交通水系:86；基层治理:18；开发建设:8,该地名属于运河河道，在志书中约出现7次，主要关联交通水系、基层治理；主要时间锚点为1992年。,0,缺坐标,,,,missing,,review,medium,1992,开发区建设,1992;2017,2,48. 古塘河（7次）,、环境卫生上着手，先后建造了东西走向的东吴南路、石湖东路、天灵路、澄湖中路、澄湖东路，南北走向的迎春南路、宝通路、宝丰路；构筑了古塘河桥、下塔里桥、石湖东路公路桥、钱家桥、金家桥、8号不锈钢栏桥等桥梁；开拓疏通了钱家村河、黄家浜、兴隆河、金家村河、跃进河、澹台湖 || 纪90年代初期，共有大小内河流39条，总长度16555米。南北纵向的骨干河道有古运河、宝南中心河（原北为廿五港，南为泥河田港）和古塘河；东西纵向的骨干河道有泥河田港（原为宝尹南港河）、跃进河、金家村河、马桶港（原为宝南南港河）和苏南运河。加之各自然村的内河小溪， || 夏金水土、李龙根，担任手扶拖拉机手（机耕员）的有李龙根。37八、朱塔浜（村）朱塔浜村位于境域西，村东为钱家村，村南为金家村，西临古塘河，北连田渡浜。1950年4月，朱塔浜隶属吴县枫桥区宝带乡。1954年4月，为长桥乡朱塔浜初级农业生产合作社。1956年，隶属长桥,走向的东吴南路、石湖东路、天灵路、澄湖中路、澄湖东路，南北走向的迎春南路、宝通路、宝丰路；构筑了古塘河桥、下塔里桥、石湖东路公路桥、钱家桥、金家桥、8号不锈钢栏桥等桥梁；开拓疏通了钱家村河、黄家浜、,
67,49,石湖,石湖,water,低频,7,50,交通水系:71；基层治理:19；开发建设:11,该地名属于湖泊水面，在志书中约出现7次，主要关联交通水系、基层治理；主要时间锚点为1189年。,0,缺坐标,,,,missing,,review,medium,1189,古代-清末,1189;1949;1992;2002;2005;2006;2011;2013;2016;2017;2020,11,49. 石湖（7次）,圈内，东依大运河，分别与郭巷街道、吴中高新区相望，南接城南街道红庄社区，西连新江、龙南社区，北临江南运河；迎春南路穿越境域南北，石湖东路贯通境域东西，交通便捷；境内有宝带桥·澹台湖景区，景色旖旎。境域属海洋性季风气候，四季分明，受太湖水体调节，气候宜人，雨量充 || 月后，特别是改革开放划归吴县经济技术开发区后，按建设规划，在公路、河道、居民住宅、环境卫生上着手，先后建造了东西走向的东吴南路、石湖东路、天灵路、澄湖中路、澄湖东路，南北走向的迎春南路、宝通路、宝丰路；构筑了古塘河桥、下塔里桥、石湖东路公路桥、钱家桥、金家桥、 || 后建造了东西走向的东吴南路、石湖东路、天灵路、澄湖中路、澄湖东路，南北走向的迎春南路、宝通路、宝丰路；构筑了古塘河桥、下塔里桥、石湖东路公路桥、钱家桥、金家桥、8号不锈钢栏桥等桥梁；开拓疏通了钱家村河、黄家浜、兴隆河、金家村河、跃进河、澹台湖北运河、牛桩浜东港,、吴中高新区相望，南接城南街道红庄社区，西连新江、龙南社区，北临江南运河；迎春南路穿越境域南北，石湖东路贯通境域东西，交通便捷；境内有宝带桥·澹台湖景区，景色旖旎。境域属海洋性季风气候，四季分明，,
71,50,城南街道,城南街道,admin_context,低频,6,48,基层治理:49；交通水系:43；遗产文化:18,该地名属于行政背景，在志书中约出现6次，主要关联基层治理、交通水系；主要时间锚点为2004年。,0,缺坐标,,,,missing,,context,low,2004,社区成立与城市更新,2004;2005;2006;2009;2010;2014;2016;2017;2020,9,50. 城南街道（6次）,、人民政府领导下，用自己的聪明才智、勤劳双手，在新时代新征程中，牢记使命，不负韶华，做出新的贡献，书写新的篇章。中共苏州市吴中区城南街道宝带桥社区委员会书记苏州市吴中区城南街道宝带桥社区居民委员会主任21目录概述…………………………………………………………………… || 双手，在新时代新征程中，牢记使命，不负韶华，做出新的贡献，书写新的篇章。中共苏州市吴中区城南街道宝带桥社区委员会书记苏州市吴中区城南街道宝带桥社区居民委员会主任21目录概述………………………………………………………………………………………………1大事记……………… || …328宝带桥社区志1概述宝带桥社区坐落在长江三角洲腹地、上海经济区大都市圈内，东依大运河，分别与郭巷街道、吴中高新区相望，南接城南街道红庄社区，西连新江、龙南社区，北临江南运河；迎春南路穿越境域南北，石湖东路贯通境域东西，交通便捷；境内有宝带桥·澹台湖景区，景色,智、勤劳双手，在新时代新征程中，牢记使命，不负韶华，做出新的贡献，书写新的篇章。中共苏州市吴中区城南街道宝带桥社区委员会书记苏州市吴中区城南街道宝带桥社区居民委员会主任21目录概述………………,
73,52,宝尹小学,宝尹小学,education,低频,6,6,教育民生:25；基层治理:5,该地名属于教育设施，在志书中约出现6次，主要关联教育民生、基层治理；主要时间锚点为1946年。,0,缺坐标,,,,missing,,review,medium,1946,民国时期,1946;1950;1951;1954;1955;1961;1962;1968;1980;1984;1990;1996,12,52. 宝尹小学（6次）,。1978年改沙土路面为沥青路面。是年，流行脑膜炎，殃及境域。1946年是年，境内宝庆寺西厢房建起泥河田公立小学（1990年改称宝尹小学）。81948年6月，并编区、乡，境内归属吴县车坊区尹山乡。1949年4月27日，境域解放。5月1日，吴县人民政府成立，建尹山乡 || 7队仓库、下田中段里，由徐香英和马福珠负责。1981年，国家教育部颁布《幼儿园教育纲要（试行草案）》。1984年1月，宝尹村利用宝尹小学内教室办复合（混合）幼儿班，先后有40名幼儿入学。同年6月，宝南村腾出村委农机用房开办了临时幼儿班，经动员有30多名幼儿入学。9 || ，学生来自附近村庄的求学儿童。1949年后，泥河田小学延续开办。1958年，搬进姚家场建造的小学，改称金星小学。1980年，更名宝尹小学。1996年9月1日，宝尹小学并入碧波小学。宝尹小学历任教师有：陈□□、俞志超、袁浩年、严关龙、张三官、史静芬、许丽珍、俞云珍、,。是年，流行脑膜炎，殃及境域。1946年是年，境内宝庆寺西厢房建起泥河田公立小学（1990年改称宝尹小学）。81948年6月，并编区、乡，境内归属吴县车坊区尹山乡。1949年4月27日，境域解放,
78,55,迎春路,迎春路,road,低频,6,6,交通水系:26；遗产文化:7；基层治理:1,该地名属于道路，在志书中约出现6次，主要关联交通水系、遗产文化；主要时间锚点为2006年。,0,缺坐标,,,,missing,,review,medium,2006,社区成立与城市更新,2006;2010,2,55. 迎春路（6次）,马云弟、沈奕等3人组成的环境卫生考核小组，对境内保洁员制定岗位责任制，进行长效管理。是月，吴中区公安分局城南交警中队在石湖东路、迎春路十字路口设置交通安全教育站。4月，宝带桥社区倡导境内百姓在清明期间通过网上祭祀、居家追思途径纪念故人、缅怀先人。6月28日，全国 || 能变换不同灯光效果。在基本通行功能上，更多了一份蜿蜒的休闲感，为苏州城南新地标之一。澹台湖大桥位于境域北首，跨越京杭大运河，北接迎春路，南连白云街，与距1千米外的中国古代著名53连拱桥——宝带桥相辉映。桥长536米，桥宽36米，主桥采用结构新颖的钢管拱连续梁，由 || 副怎样的娇模样呢？！录自1996年6月《吴县报》95澹台湖上白鹭飞陈屹兴日前清晨起床后，我突发去澹台湖公园走走的念头。于是，沿着迎春路一路向南走去。走过嘉宝三期住宅区，一阵清风迎面扑来，我漫步走上澹台湖大桥，顿时，一幅绝妙的风景画出现在面前。东边天空布满了淡淡的,考核小组，对境内保洁员制定岗位责任制，进行长效管理。是月，吴中区公安分局城南交警中队在石湖东路、迎春路十字路口设置交通安全教育站。4月，宝带桥社区倡导境内百姓在清明期间通过网上祭祀、居家追思途径纪念,
80,57,钱家桥,钱家桥,bridge,低频,6,5,交通水系:80；基层治理:8；遗产文化:2,该地名属于桥梁，在志书中约出现6次，主要关联交通水系、基层治理；主要时间锚点为1992年。,0,缺坐标,,,,missing,,review,medium,1992,开发区建设,1992;1995;2017,3,57. 钱家桥（6次）,的东吴南路、石湖东路、天灵路、澄湖中路、澄湖东路，南北走向的迎春南路、宝通路、宝丰路；构筑了古塘河桥、下塔里桥、石湖东路公路桥、钱家桥、金家桥、8号不锈钢栏桥等桥梁；开拓疏通了钱家村河、黄家浜、兴隆河、金家村河、跃进河、澹台湖北运河、牛桩浜东港、金家河、金星内河 || 路桥梁有古塘河桥、下塔里桥、石湖东路桥、天灵路西1号桥、澄湖东路3号桥、天灵路东2号桥、宝通路北4号桥、宝通路南5号桥、迎春南路钱家桥、迎春南路7号桥、迎春南路8号桥、宝丰路9号桥、迎春南路金家桥等13座。并在宝带桥·澹台湖景区建起了异形钢结构景观桥。拆除的旧桥 || 、迎丰桥、梁家桥、跃进1号桥、跃进2号桥、胜利桥、红星桥、朱家桥、公路桥、兴福庵桥、潘家桥、牛桩浜桥、金家桥、新开河桥、外浜桥、钱家桥、朱塔浜水泥桥、朱塔浜木头桥、幸福桥、塘角桥、下田竹头桥、兴隆桥等23座。为了保护宝带桥古迹，苏（苏州）嘉（嘉兴）公路改道，拆除,湖中路、澄湖东路，南北走向的迎春南路、宝通路、宝丰路；构筑了古塘河桥、下塔里桥、石湖东路公路桥、钱家桥、金家桥、8号不锈钢栏桥等桥梁；开拓疏通了钱家村河、黄家浜、兴隆河、金家村河、跃进河、澹台湖北运,
81,58,长桥公社,长桥公社,historic_admin,低频,6,9,基层治理:52；交通水系:19；农业工业:11,该地名属于历史行政/集体组织，在志书中约出现6次，主要关联基层治理、交通水系；主要时间锚点为1969年。,0,缺坐标,,,,missing,,manual,medium,1969,集体化与农业建设,1969;1970;1974;1975;1980,5,58. 长桥公社（6次）,月，100名基干民兵参加白茆塘（河）拓浚工程。1973年秋，金星、新华大队播种三麦时，试行开挖鼠道排水沟，俗称暗沟。1975年在长桥公社推广。是年，先后建起金星、新华土窑。是年，金星大队潘阿妹、新华大队沈泉妹出席吴县第四次妇女代表大会。1974年2月，根据上级指示 || 年，新华大队织布厂、金星大队眼镜厂建成投产。1979年3月，根据中央文件精神，对13名改造好的地、富、反、坏分子“摘帽”。4月，长桥公社组建复查纠错领导班子及工作班子，对“文革”期间受冲击人员进行复查纠错。1980年8月16日至20日，连续阴雨，河水骤涨，境内低洼 || 迁移扩容。6月，宝南拼线厂就地扩容。10月，宝南汽车改装厂成立开业。11月，开展第一个五年普法教育，简称“一五”普法教育。是年，长桥公社始建治安联防队，境内有2人参加。1986年3月，宝尹村首建村部办公楼，建筑面积为360平方米，占地面积2000平方米。4月25日,河）拓浚工程。1973年秋，金星、新华大队播种三麦时，试行开挖鼠道排水沟，俗称暗沟。1975年在长桥公社推广。是年，先后建起金星、新华土窑。是年，金星大队潘阿妹、新华大队沈泉妹出席吴县第四次妇女代表大,
85,59,吴县经济技术开发区,吴县经济技术开发区,admin_context,低频,5,36,基层治理:68；开发建设:45；交通水系:28,该地名属于行政背景，在志书中约出现5次，主要关联基层治理、开发建设；主要时间锚点为1992年。,0,缺坐标,,,,missing,,context,low,1992,开发区建设,1920;1921;1923;1924;1925;1926;1949;1983;1990;1992;1993;1994;1995;1996;2001,15,59. 吴县经济技术开发区（5次）,桥，境域隶属长桥乡。翌年3月，长桥乡并入郭巷乡，境域隶属郭巷乡。1965年12月，境域划归长桥人民公社。1992年8月，境域划归吴县经济技术开发区。1996年7月，吴县撤县建市，境域隶属吴县市；2001年2月，吴县撤市建区（吴中区、相城区），境域隶属苏州市吴中区。2004年 || 、鱼、虾等，成为境内农民经济收入的重要来源。境域因昔日河道纵横交错，陆上道路交通十分闭塞。1949年10月后，特别是改革开放划归吴县经济技术开发区后，按建设规划，在公路、河道、居民住宅、环境卫生上着手，先后建造了东西走向的东吴南路、石湖东路、天灵路、澄湖中路、澄湖东路，南北 || 26日至8月20日，连降暴雨，境内水满为患。7月29日，气温高达39.2℃，为中华人民共和国成立以来气温最高纪录。8月，境域划归吴县经济技术开发区。1993年4月1日，遵照省委、省政府决定，是日起境域全面放开粮食、油料购销价格。5月，新建阳山路（后改迎春南路），为东吴南路至,桥乡并入郭巷乡，境域隶属郭巷乡。1965年12月，境域划归长桥人民公社。1992年8月，境域划归吴县经济技术开发区。1996年7月，吴县撤县建市，境域隶属吴县市；2001年2月，吴县撤市建区（吴中区、相城区），,
87,60,宝信工业坊,宝信工业坊,industry,低频,5,4,农业工业:11；开发建设:9；交通水系:6,该地名属于产业设施，在志书中约出现5次，主要关联农业工业、开发建设；主要时间锚点为2015年。,0,缺坐标,,,,missing,,review,medium,2015,运河文旅更新,2001;2017,2,60. 宝信工业坊（5次）,的宝带桥商业大厦竣工（占地面积3335.3平方米，建筑面积15153.48平方米）。是月，宝带桥社区投资1229万元建设的东湖“宝信工业坊”竣工（系7049平方米标准厂房一幢）。2015年1月，1100米的金家村河清淤污泥9000立方米。2月，上旬气温骤降，最低温度 || 境内外，一时间宝带桥区域工业商贸用房短缺。境内宝尹、宝南两村抓住商机，在2001年12月后投资2758万元，建起了宝尹工业小区、宝信工业坊。境域在建设工业用房的同时，投资兴建商贸用房、职工宿舍，还与人合作投资建设工业、商贸用房。2004年4月，投资750万元，建设占 || 业苏州诺斯达电子科技有限公司租赁后，立马投资200万美元，招收98名员工，技术培训后即便投入生产绝缘成塑、新型电子元器件等产品。宝信工业坊位于境域西南，占地面积4666.9平方米。2014年12月，宝带桥社区投资1229万元，由城南街道统一建起建筑面积7049平方米,335.3平方米，建筑面积15153.48平方米）。是月，宝带桥社区投资1229万元建设的东湖“宝信工业坊”竣工（系7049平方米标准厂房一幢）。2015年1月，1100米的金家村河清淤污泥9000立方,
94,62,老年活动中心,老年活动中心,service_facility,低频,5,4,基层治理:20；教育民生:17；开发建设:12,该地名属于社区服务设施，在志书中约出现5次，主要关联基层治理、教育民生；主要时间锚点为2012年。,0,缺坐标,,,,missing,,review,medium,2012,社区成立与城市更新,2012,1,62. 老年活动中心（5次）,方米、建筑面积15830平方米的碧波中学建成开学。是年，宝尹居民家家装上了高清数字电视。是年，宝南居委会投资建成下田社区医务室和老年活动中心，建筑面积540平方米。是年，朱塔浜南岸18户居民、塘里（澹台湖西岸）6户居民搬迁至钱家新村居民生活小区。2003年1月，宝尹、 || 年8月竣工。12月，苏州市文化广电新闻出版局授予宝带桥社区“苏州市有线高清互动社区（村）”称号。是年，朱塔浜建成田度里小区公园、老年活动中心。是年，宝带桥社区投资90万元，在钱家新村、朱塔浜和下田村居民生活小区安装技防监控。2013年3月18日，宝带桥社区根据吴中区建 || ，宝带桥社区配合苏州轻轨二号线建设，迁移石湖东路两侧10家企业和4户居民。2012年1月，在宝尹花园居民生活小区内建设休闲公园和老年活动中心。12月，社区在钱家新村、宝尹花园、西下田村等三个居民小区安装技防监控。2013年2月，境域老村改造公拆自建中，钱家新村应居民生,碧波中学建成开学。是年，宝尹居民家家装上了高清数字电视。是年，宝南居委会投资建成下田社区医务室和老年活动中心，建筑面积540平方米。是年，朱塔浜南岸18户居民、塘里（澹台湖西岸）6户居民搬迁至钱家新村居民,
97,63,郭巷街道,郭巷街道,admin_context,低频,5,4,基层治理:18；交通水系:8；遗产文化:2,该地名属于行政背景，在志书中约出现5次，主要关联基层治理、交通水系；未提取到明确时间锚点。,0,缺坐标,,,,missing,,context,low,,无明确时间,,0,63. 郭巷街道（5次）,…………………………………………328宝带桥社区志1概述宝带桥社区坐落在长江三角洲腹地、上海经济区大都市圈内，东依大运河，分别与郭巷街道、吴中高新区相望，南接城南街道红庄社区，西连新江、龙南社区，北临江南运河；迎春南路穿越境域南北，石湖东路贯通境域东西，交通便捷； || 区居委会。第一章建置地理26第二节地理环境宝带桥社区境域地处长江三角洲腹地、上海经济区大都市圈内，东依古老的京杭大运河苏嘉段，与郭巷街道相望；南接吴中区城南街道红庄社区；西连吴中区城南街道新江、龙南社区；北靠苏南运河市河段，总面积为3.2平方千米，共有大小内河39 || 苏州市公安局交警支队正科级279姓名性别出生年月工作单位职务、职称备注朱春华男1970.10吴中区纪委副科级褚会男男1971.4郭巷街道正科级钱元男1971.10吴中高新区综合治理办公室副科级张金华男1973.5吴中区文体旅游局副科级沈稼兴男1975.6郭巷街道副,带桥社区志1概述宝带桥社区坐落在长江三角洲腹地、上海经济区大都市圈内，东依大运河，分别与郭巷街道、吴中高新区相望，南接城南街道红庄社区，西连新江、龙南社区，北临江南运河；迎春南路穿越境域南北，,
98,64,钱家小学,钱家小学,education,低频,5,7,教育民生:33；交通水系:19；基层治理:13,该地名属于教育设施，在志书中约出现5次，主要关联教育民生、交通水系；主要时间锚点为1965年。,0,缺坐标,,,,missing,,review,medium,1965,集体化与农业建设,1965;1974,2,64. 钱家小学（5次）,干部学习1月23日吴县县委、县人委发出的《认真提倡计划生育的通知》，带头实行计划生育。9月，庙桥小学搬迁至钱家村大坟上，并更名为钱家小学。12月，开展面上社会主义教育运动，开展“四清”（清政治、清经济、清思想、清组织）工作。是年，下田小学搬迁至土地庙。是年，遵照上 || 代表大会。1974年2月，根据上级指示，开展“批林批孔”运动。4月22日8时29分，溧阳上沛发生5.5级地震，境内有震感。9月，钱家小学并入下田村坟堂上的新华小学。1975年2月，金星、新华大队积极响应毛主席号召，广泛开展农业学大寨运动。8月，境内响应公社号召，组 || 8第三任解曙1963.9—1968.8第七任朱雪明1988.9—1995.8第四任杨康勇1968.9—1971.8（三）钱家小室钱家小学原名庙桥小学。1954年7月，在兴福庵创办小学，因庙边有座桥，故名庙桥小学。1965年9月，庙桥小学因观音庙拆除搬至钱家村大坟上,委发出的《认真提倡计划生育的通知》，带头实行计划生育。9月，庙桥小学搬迁至钱家村大坟上，并更名为钱家小学。12月，开展面上社会主义教育运动，开展“四清”（清政治、清经济、清思想、清组织）工作。是年，下,
102,65,兴福庵,兴福庵,religious_site,低频,4,7,交通水系:60；基层治理:12；教育民生:8,该地名属于宗教遗址，在志书中约出现4次，主要关联交通水系、基层治理；主要时间锚点为1954年。,0,缺坐标,,,,missing,,review,medium,1954,集体化与农业建设,1954;1995;2017,3,65. 兴福庵（4次）,生产初级合作社。5月，发生梅雨型特大洪涝灾害，至7月降雨768毫米，8月25日又遭强台风袭击，境内大片低洼农田受淹。7月，金家村兴福庵开办庙桥小学。是年，长桥乡在境内成立扫盲委员会，开展扫盲活动。1955年3月1日，使用新人民币，与旧人民币折算比例为1︰1000 || 毛，担任饲养员的有陈水木根、罗阿二，担任仓库保管员的有陈海根。六、金家村金家村位于金家村河南北二侧，东为夹河流，南临西南港，西为兴福庵，北连朱塔浜。1950年3月，隶属吴县车坊区宝带乡；4月15日，隶属吴县枫桥区长桥乡。1954年4月，为长桥乡金家村初级农业生产 || 景观桥。拆除的旧桥、危桥有廿五基桥、王家浜竹桥、馨欣桥、迎丰桥、梁家桥、跃进1号桥、跃进2号桥、胜利桥、红星桥、朱家桥、公路桥、兴福庵桥、潘家桥、牛桩浜桥、金家桥、新开河桥、外浜桥、钱家桥、朱塔浜水泥桥、朱塔浜木头桥、幸福桥、塘角桥、下田竹头桥、兴隆桥等23座。,特大洪涝灾害，至7月降雨768毫米，8月25日又遭强台风袭击，境内大片低洼农田受淹。7月，金家村兴福庵开办庙桥小学。是年，长桥乡在境内成立扫盲委员会，开展扫盲活动。1955年3月1日，使用新人民币，,
103,66,古塘河桥,古塘河桥,bridge,低频,4,3,交通水系:40；开发建设:6；基层治理:3,该地名属于桥梁，在志书中约出现4次，主要关联交通水系、开发建设；主要时间锚点为1992年。,0,缺坐标,,,,missing,,review,medium,1992,开发区建设,1992;2017,2,66. 古塘河桥（4次）,、环境卫生上着手，先后建造了东西走向的东吴南路、石湖东路、天灵路、澄湖中路、澄湖东路，南北走向的迎春南路、宝通路、宝丰路；构筑了古塘河桥、下塔里桥、石湖东路公路桥、钱家桥、金家桥、8号不锈钢栏桥等桥梁；开拓疏通了钱家村河、黄家浜、兴隆河、金家村河、跃进河、澹台湖北 || 塔浜桥、跃进1号桥、跃进2号桥、钱家石拱桥、金家石拱桥等12座。1992年8月始，境域桥梁建设速度、质量有了提高，新建公路桥梁有古塘河桥、下塔里桥、石湖东路桥、天灵路西1号桥、澄湖东路3号桥、天灵路东2号桥、宝通路北4号桥、宝通路南5号桥、迎春南路钱家桥、迎春南路 || 除了宝带西侧的多孔连翼公路桥。169表5-31992—2017年宝带桥社区境域新建桥梁统计表桥梁名称建成时间结构跨径/米宽度/米古塘河桥1992.12简支空心板梁3040.5下塔星桥1992.12简支空心板梁12.2520石湖东路桥1995.10简支空心板梁19.,走向的东吴南路、石湖东路、天灵路、澄湖中路、澄湖东路，南北走向的迎春南路、宝通路、宝丰路；构筑了古塘河桥、下塔里桥、石湖东路公路桥、钱家桥、金家桥、8号不锈钢栏桥等桥梁；开拓疏通了钱家村河、黄家浜、兴,
107,69,宝南中心河,宝南中心河,waterway,低频,4,4,交通水系:19；基层治理:9；教育民生:5,该地名属于运河河道，在志书中约出现4次，主要关联交通水系、基层治理；未提取到明确时间锚点。,0,缺坐标,,,,missing,,review,medium,,无明确时间,,0,69. 宝南中心河（4次）,最迟是3月14日。三、水文河流境域在20世纪90年代初期，共有大小内河流39条，总长度16555米。南北纵向的骨干河道有古运河、宝南中心河（原北为廿五港，南为泥河田港）和古塘河；东西纵向的骨干河道有泥河田港（原为宝尹南港河）、跃进河、金家村河、马桶港（原为宝南南港河 || 。12月，境内全面完成污水管理网改造升级。1732012年1月，清淤1900米长的跃进河，清淤污泥3万立方米；清淤1500米长的宝南中心河，清淤污泥2.2万立方米。2015年1月，清淤1100米长的金家村河，清淤污泥9000立方米。2016年1月，清淤长达1300米 || 下田港，清淤污泥7000立方米。12月，社区对河道实行河长责任制，党委书记徐志华、居委会主任江华、党委委员朱晓生分别兼任南港河、宝南中心河、下田港河河长。二、卫生保洁1952年1月，境内根据吴县防疫委员会统一部署，开展了以反对帝国主义细菌战为中心的爱国卫生运动，进行,域在20世纪90年代初期，共有大小内河流39条，总长度16555米。南北纵向的骨干河道有古运河、宝南中心河（原北为廿五港，南为泥河田港）和古塘河；东西纵向的骨干河道有泥河田港（原为宝尹南港河）、跃进河、,
110,72,庙桥小学,庙桥小学,education,低频,4,5,教育民生:24；交通水系:19；基层治理:7,该地名属于教育设施，在志书中约出现4次，主要关联教育民生、交通水系；主要时间锚点为1954年。,0,缺坐标,,,,missing,,review,medium,1954,集体化与农业建设,1954;1965,2,72. 庙桥小学（4次）,作社。5月，发生梅雨型特大洪涝灾害，至7月降雨768毫米，8月25日又遭强台风袭击，境内大片低洼农田受淹。7月，金家村兴福庵开办庙桥小学。是年，长桥乡在境内成立扫盲委员会，开展扫盲活动。1955年3月1日，使用新人民币，与旧人民币折算比例为1︰10000。4月15 || 。111964年2月，金星、新华大队干部学习1月23日吴县县委、县人委发出的《认真提倡计划生育的通知》，带头实行计划生育。9月，庙桥小学搬迁至钱家村大坟上，并更名为钱家小学。12月，开展面上社会主义教育运动，开展“四清”（清政治、清经济、清思想、清组织）工作。是年 || 1963.9—1968.8第七任朱雪明1988.9—1995.8第四任杨康勇1968.9—1971.8（三）钱家小室钱家小学原名庙桥小学。1954年7月，在兴福庵创办小学，因庙边有座桥，故名庙桥小学。1965年9月，庙桥小学因观音庙拆除搬至钱家村大坟上，易名钱家小,害，至7月降雨768毫米，8月25日又遭强台风袭击，境内大片低洼农田受淹。7月，金家村兴福庵开办庙桥小学。是年，长桥乡在境内成立扫盲委员会，开展扫盲活动。1955年3月1日，使用新人民币，与旧人民币折,
114,74,红庄社区,红庄社区,admin_context,低频,4,3,交通水系:18；基层治理:17；遗产文化:8,该地名属于行政背景，在志书中约出现4次，主要关联交通水系、基层治理；未提取到明确时间锚点。,0,缺坐标,,,,missing,,context,low,,无明确时间,,0,74. 红庄社区（4次）,宝带桥社区志1概述宝带桥社区坐落在长江三角洲腹地、上海经济区大都市圈内，东依大运河，分别与郭巷街道、吴中高新区相望，南接城南街道红庄社区，西连新江、龙南社区，北临江南运河；迎春南路穿越境域南北，石湖东路贯通境域东西，交通便捷；境内有宝带桥·澹台湖景区，景色旖旎。境 || 湖景区更名为大运河国家文化公园——宝带桥·澹台湖核心展示园。第一章建置地理宝带桥社区境域东依京杭大运河苏嘉段，南接吴中区城南街道红庄社区，西连吴中区城南街道新江、龙南社区，北靠苏南运河市河段，总面积3.2平方千米，共有大小内河39条，总长16555米。商末境域属勾 || 节地理环境宝带桥社区境域地处长江三角洲腹地、上海经济区大都市圈内，东依古老的京杭大运河苏嘉段，与郭巷街道相望；南接吴中区城南街道红庄社区；西连吴中区城南街道新江、龙南社区；北靠苏南运河市河段，总面积为3.2平方千米，共有大小内河39条，总长16555米。与卢沟桥、,在长江三角洲腹地、上海经济区大都市圈内，东依大运河，分别与郭巷街道、吴中高新区相望，南接城南街道红庄社区，西连新江、龙南社区，北临江南运河；迎春南路穿越境域南北，石湖东路贯通境域东西，交通便捷；境内有,
119,75,郭巷公社,郭巷公社,historic_admin,低频,4,4,基层治理:22；农业工业:11；交通水系:4,该地名属于历史行政/集体组织，在志书中约出现4次，主要关联基层治理、农业工业；未提取到明确时间锚点。,0,缺坐标,,,,missing,,manual,medium,,无明确时间,,0,75. 郭巷公社（4次）,支付5分钱挂号，看病取药不付钱，医疗费由公社、大队集体负担。是年，江苏农科院副院长、全国劳动生产模范陈永康率领10多名科技人员至郭巷公社长桥大队政点，做水稻高产示范试验，其间多次至境内指导和推广水稻高产栽培技术。1963年3月5日，响应毛主席号召，开展“向雷锋同志 || 掀起“三忠于”（忠于毛主席、忠于毛泽东思想、忠于毛主席革命路线）风潮，早请示、晚汇报、向毛主席献忠心。11月，木渎镇、金山公社、郭巷公社19名知识青年至境内插队落户。12月上旬，金星、新华大队暨生产队干部至龙桥大队参加农业学大寨学习班。1969年5月，推行三熟制， || 大队第8生产队，徐步直插队至金星大队第9生产队；耿小龙下乡插队至新华大队第1生产队，金山公社汤祖贤下乡插队至新华大队第4生产队，郭巷公社徐正希（女）下乡插队至新华大队第5生产队，金山公社骆三妹（女）下乡插队至新华大队第5生产队，木渎镇孙根荣、顾培智下乡插队至新华大,医疗费由公社、大队集体负担。是年，江苏农科院副院长、全国劳动生产模范陈永康率领10多名科技人员至郭巷公社长桥大队政点，做水稻高产示范试验，其间多次至境内指导和推广水稻高产栽培技术。1963年3月5日，,
120,76,钱家村河,钱家村河,waterway,低频,4,3,交通水系:24；基层治理:8；开发建设:6,该地名属于运河河道，在志书中约出现4次，主要关联交通水系、基层治理；主要时间锚点为2017年。,0,缺坐标,,,,missing,,review,medium,2017,运河文旅更新,1968;2017,2,76. 钱家村河（4次）,，南北走向的迎春南路、宝通路、宝丰路；构筑了古塘河桥、下塔里桥、石湖东路公路桥、钱家桥、金家桥、8号不锈钢栏桥等桥梁；开拓疏通了钱家村河、黄家浜、兴隆河、金家村河、跃进河、澹台湖北运河、牛桩浜东港、金家河、金星内河、新华内河等河道，并对村庄进行旧房改造、动迁安置； || 米。第五章城市化建设168表5-21968—2017年宝带桥社区境域开拓、疏通河道统计表开拓时间河道名称长度/米备注1968.1钱家村河5001968.1黄家浜2501968.1兴隆河4001972.1金家村河20001974.8内河2条12501974.8内河2 || 生活小区整洁，制定了卫生保洁制度。3月，招收10名河道保洁员，备船7艘，对南港河、下田港、西古塘河、跃进河、宝南中心河、沿字港、钱家村河、金家村河、泥河田港等河道，操舟打捞河面漂浮垃圾。2002年3月，新建公厕1只，固定垃圾箱3只。2003年1月，居民生活小区禁养,丰路；构筑了古塘河桥、下塔里桥、石湖东路公路桥、钱家桥、金家桥、8号不锈钢栏桥等桥梁；开拓疏通了钱家村河、黄家浜、兴隆河、金家村河、跃进河、澹台湖北运河、牛桩浜东港、金家河、金星内河、新华内河等河道，,
121,77,长桥大队,长桥大队,historic_admin,低频,4,3,基层治理:9；农业工业:7；交通水系:5,该地名属于历史行政/集体组织，在志书中约出现4次，主要关联基层治理、农业工业；主要时间锚点为1962年。,0,缺坐标,,,,missing,,manual,medium,1962,集体化与农业建设,1962;1963,2,77. 长桥大队（4次）,。1949年后，境内兴修水利，科学种田，农业发展迅速。1962年，江苏农科院副院长、全国著名劳动模范陈永康率领10多名科技人员至长桥大队政点，做水稻高产示范试验，其间多次至境域指导推广水稻高产栽培技术，以2后又全面推广双季稻的种植，使境域成为江南闻名的水稻、三麦高 || 钱挂号，看病取药不付钱，医疗费由公社、大队集体负担。是年，江苏农科院副院长、全国劳动生产模范陈永康率领10多名科技人员至郭巷公社长桥大队政点，做水稻高产示范试验，其间多次至境内指导和推广水稻高产栽培技术。1963年3月5日，响应毛主席号召，开展“向雷锋同志学习”活 || 956年，下田小学搬至下田村塘港桥南堍徐才生家老宅。1963年，下田小学开办成完小（1—6年级），其中：4—6年级的学生吸收附近长桥大队、新建大队和新联大队下238塔里、塘湾里的学生。历任教师有施桂元、王祖享、潘□□、唐□□、方□□、丁□□、田□□等。1964年9,学种田，农业发展迅速。1962年，江苏农科院副院长、全国著名劳动模范陈永康率领10多名科技人员至长桥大队政点，做水稻高产示范试验，其间多次至境域指导推广水稻高产栽培技术，以2后又全面推广双季稻的,
122,78,黄家浜,黄家浜,waterway,低频,4,3,交通水系:22；基层治理:10；开发建设:6,该地名属于运河河道，在志书中约出现4次，主要关联交通水系、基层治理；主要时间锚点为1996年。,0,缺坐标,,,,missing,,review,medium,1996,开发区建设,1968;1996;2004;2017,4,78. 黄家浜（4次）,的迎春南路、宝通路、宝丰路；构筑了古塘河桥、下塔里桥、石湖东路公路桥、钱家桥、金家桥、8号不锈钢栏桥等桥梁；开拓疏通了钱家村河、黄家浜、兴隆河、金家村河、跃进河、澹台湖北运河、牛桩浜东港、金家河、金星内河、新华内河等河道，并对村庄进行旧房改造、动迁安置；居民生活 || 或进城购买。改革开放以后，境域零星增加了几家夫妻小商铺。1993年2月，境域开始老村拆迁改造。1996年5月，第一批拆迁泥河田、黄家浜、港南浜183户村民搬迁至朱塔浜新居，至2004年12月，境域在形成西下田、宝尹花园、钱家新村、下田、小村等5个居民生活小区的同 || 表5-21968—2017年宝带桥社区境域开拓、疏通河道统计表开拓时间河道名称长度/米备注1968.1钱家村河5001968.1黄家浜2501968.1兴隆河4001972.1金家村河20001974.8内河2条12501974.8内河2条12501976.1跃,了古塘河桥、下塔里桥、石湖东路公路桥、钱家桥、金家桥、8号不锈钢栏桥等桥梁；开拓疏通了钱家村河、黄家浜、兴隆河、金家村河、跃进河、澹台湖北运河、牛桩浜东港、金家河、金星内河、新华内河等河道，并对村庄,
124,80,东湖,东湖,water,低频,3,4,基层治理:15；交通水系:13；开发建设:4,该地名属于湖泊水面，在志书中约出现3次，主要关联基层治理、交通水系；未提取到明确时间锚点。,0,缺坐标,,,,missing,,review,medium,,无明确时间,,0,80. 东湖（3次）,日起，境内地下水开采须报请吴中区水利局核准。是月20日，苏州市人民政府同意设立并批复成立吴中区城南街道办事处，下辖宝带桥、红庄、东湖、南石湖、龙南、新江、碧波、白云街、南港、吴中商城、盛丰苑、商贸城、桂苑等13个社区（村）居委会，面积为14.62平方千米，人口 || 苏州吴中区委员会授予宝带桥社区“‘实践三个代表，实现两个率先’先锋社区”称号。12月，宝带桥社区投资180万元建起5000平方米东湖社区职工集体宿舍楼。是年，原宝南村居民家家通上有线电视。2007年1月，苏州市关心下一代工作委员会授予宝带桥社区“四有五无”先进 || 元建设的宝带桥商业大厦竣工（占地面积3335.3平方米，建筑面积15153.48平方米）。是月，宝带桥社区投资1229万元建设的东湖“宝信工业坊”竣工（系7049平方米标准厂房一幢）。2015年1月，1100米的金家村河清淤污泥9000立方米。2月，上旬气温骤,水利局核准。是月20日，苏州市人民政府同意设立并批复成立吴中区城南街道办事处，下辖宝带桥、红庄、东湖、南石湖、龙南、新江、碧波、白云街、南港、吴中商城、盛丰苑、商贸城、桂苑等13个社区（村）居委会,
