place_id,name,category,target_layer,display_layer,qgis_geometry,semantic_geometry,geometry_level,x,y,confidence,version,source_map,source_stage,reference_logic,notes
linan_v4_001,余杭门,城门,places_city_gate,临安_城门,Polygon,point,symbolic,13375474.9,3538990.1,high,v4_osm_yfix,jingchengtu;linan_reference;qgis_poc,ai_spatial_reasoning_poc,死锚：临安_十三城门图层坐标；Direction=北城墙; Status=已毁,
linan_v4_002,艮山门,城门,places_city_gate,临安_城门,Polygon,point,symbolic,13377784.6,3539118.4,high,v4_osm_yfix,jingchengtu;linan_reference;qgis_poc,ai_spatial_reasoning_poc,死锚：临安_十三城门图层坐标；Direction=北城墙; Status=已毁,
linan_v4_003,东青门,城门,places_city_gate,临安_城门,Polygon,point,symbolic,13377935.0,3537007.8,high,v4_osm_yfix,jingchengtu;linan_reference;qgis_poc,ai_spatial_reasoning_poc,死锚：临安_十三城门图层坐标；Direction=东城墙; Status=已毁,
linan_v4_004,崇新门,城门,places_city_gate,临安_城门,Polygon,point,symbolic,13377797.9,3535600.8,high,v4_osm_yfix,jingchengtu;linan_reference;qgis_poc,ai_spatial_reasoning_poc,死锚：临安_十三城门图层坐标；Direction=东城墙; Status=已毁,
linan_v4_005,新开门,城门,places_city_gate,临安_城门,Polygon,point,symbolic,13377412.9,3534353.0,high,v4_osm_yfix,jingchengtu;linan_reference;qgis_poc,ai_spatial_reasoning_poc,死锚：临安_十三城门图层坐标；Direction=东城墙; Status=已毁,
linan_v4_006,保安门,城门,places_city_gate,临安_城门,Polygon,point,symbolic,13377399.7,3533649.5,high,v4_osm_yfix,jingchengtu;linan_reference;qgis_poc,ai_spatial_reasoning_poc,死锚：临安_十三城门图层坐标；Direction=东城墙; Status=已毁,
linan_v4_007,候潮门,城门,places_city_gate,临安_城门,Polygon,point,symbolic,13377244.8,3533074.3,high,v4_osm_yfix,jingchengtu;linan_reference;qgis_poc,ai_spatial_reasoning_poc,死锚：临安_十三城门图层坐标；Direction=东城墙; Status=已毁,
linan_v4_008,便门,城门,places_city_gate,临安_城门,Polygon,point,symbolic,13377351.0,3532578.7,high,v4_osm_yfix,jingchengtu;linan_reference;qgis_poc,ai_spatial_reasoning_poc,死锚：临安_十三城门图层坐标；Direction=东城墙; Status=已毁,
linan_v4_009,嘉会门,城门,places_city_gate,临安_城门,Polygon,point,symbolic,13376882.0,3531720.3,high,v4_osm_yfix,jingchengtu;linan_reference;qgis_poc,ai_spatial_reasoning_poc,死锚：临安_十三城门图层坐标；Direction=南城墙; Status=已毁,
linan_v4_010,钱湖门,城门,places_city_gate,临安_城门,Polygon,point,symbolic,13375289.1,3533499.1,high,v4_osm_yfix,jingchengtu;linan_reference;qgis_poc,ai_spatial_reasoning_poc,死锚：临安_十三城门图层坐标；Direction=西城墙; Status=已毁,
linan_v4_011,清波门,城门,places_city_gate,临安_城门,Polygon,point,symbolic,13375550.1,3534472.5,high,v4_osm_yfix,jingchengtu;linan_reference;qgis_poc,ai_spatial_reasoning_poc,死锚：临安_十三城门图层坐标；Direction=西城墙; Status=已毁,
linan_v4_012,涌金门,城门,places_city_gate,临安_城门,Polygon,point,symbolic,13375704.7,3535467.9,high,v4_osm_yfix,jingchengtu;linan_reference;qgis_poc,ai_spatial_reasoning_poc,死锚：临安_十三城门图层坐标；Direction=西城墙; Status=已毁,
linan_v4_013,钱塘门,城门,places_city_gate,临安_城门,Polygon,point,symbolic,13375514.8,3537034.4,high,v4_osm_yfix,jingchengtu;linan_reference;qgis_poc,ai_spatial_reasoning_poc,死锚：临安_十三城门图层坐标；Direction=西城墙; Status=已毁,
linan_v4_014,御街北段,道路,places_road,临安_道路,Polygon,line,symbolic,13375718.7,3538550.0,high,v4_osm_yfix,jingchengtu;linan_reference;qgis_poc,ai_spatial_reasoning_poc,V3硬校准：直接取imperial_street线在3538550m处的代表点,
linan_v4_015,御街中段,道路,places_road,临安_道路,Polygon,line,symbolic,13376963.8,3536100.0,high,v4_osm_yfix,jingchengtu;linan_reference;qgis_poc,ai_spatial_reasoning_poc,V3硬校准：直接取imperial_street线在3536100m处的代表点,
linan_v4_016,御街南段,道路,places_road,临安_道路,Polygon,line,symbolic,13376807.3,3533420.0,high,v4_osm_yfix,jingchengtu;linan_reference;qgis_poc,ai_spatial_reasoning_poc,V3硬校准：直接取imperial_street线在皇城北侧附近的代表点,
linan_v4_017,景灵宫,宫城,places_palace,临安_宫城,Polygon,polygon,symbolic,13376468.1,3538510.0,medium,v4_osm_yfix,jingchengtu;linan_reference;qgis_poc,ai_spatial_reasoning_poc,V3校准：以imperial_street北段为轴，置于御街西侧、钱塘门东北侧宫观区；V4全局纠偏：依据QGIS+OSM目视检查，非硬锚地名整体向北平移650m,
linan_v4_018,贡院,衙署,places_office,临安_衙署,Polygon,polygon,symbolic,13376846.9,3538420.0,medium,v4_osm_yfix,jingchengtu;linan_reference;qgis_poc,ai_spatial_reasoning_poc,V3校准：以imperial_street北段为轴，置于景灵宫东侧、御街东侧贡院区；V4全局纠偏：依据QGIS+OSM目视检查，非硬锚地名整体向北平移650m,
linan_v4_019,天庆观,寺观,places_temple,临安_寺观,Polygon,point,symbolic,13376804.4,3537590.0,medium,v4_osm_yfix,jingchengtu;linan_reference;qgis_poc,ai_spatial_reasoning_poc,V3校准：按御街中北段西侧寺观带重估，相对御街向西约95m；V4全局纠偏：依据QGIS+OSM目视检查，非硬锚地名整体向北平移650m,
linan_v4_020,丰储仓,仓储,places_storage,临安_仓储,Polygon,polygon,symbolic,13377199.7,3537550.0,medium,v4_osm_yfix,jingchengtu;linan_reference;qgis_poc,ai_spatial_reasoning_poc,V3校准：参照里南叠合图丰储仓标注，位于御街东侧、东青门西南、崇新门以北；V4全局纠偏：依据QGIS+OSM目视检查，非硬锚地名整体向北平移650m,
linan_v4_021,中书省,衙署,places_office,临安_衙署,Polygon,polygon,symbolic,13377023.6,3537860.0,medium,v4_osm_yfix,jingchengtu;linan_reference;qgis_poc,ai_spatial_reasoning_poc,V3校准：按御街中北段东侧官署带重估，相对御街向东约145m；V4全局纠偏：依据QGIS+OSM目视检查，非硬锚地名整体向北平移650m,
linan_v4_022,太常寺,衙署,places_office,临安_衙署,Polygon,polygon,symbolic,13376953.9,3538130.0,low,v4_osm_yfix,jingchengtu;linan_reference;qgis_poc,ai_spatial_reasoning_poc,V3校准：位于御街北部东侧官署带，文字/位置低置信，按东偏约165m估算；V4全局纠偏：依据QGIS+OSM目视检查，非硬锚地名整体向北平移650m,
linan_v4_023,宗正寺,衙署,places_office,临安_衙署,Polygon,polygon,symbolic,13377131.7,3537980.0,low,v4_osm_yfix,jingchengtu;linan_reference;qgis_poc,ai_spatial_reasoning_poc,V3校准：位于太常寺东南侧官署带，文字/位置低置信，按东偏约285m估算；V4全局纠偏：依据QGIS+OSM目视检查，非硬锚地名整体向北平移650m,
linan_v4_024,殿前司,军事,places_military,临安_军事,Polygon,polygon,symbolic,13377128.0,3535330.0,medium,v4_osm_yfix,jingchengtu;linan_reference;qgis_poc,ai_spatial_reasoning_poc,V3校准：以imperial_street中南段为轴，置于御街东侧、新开门西北官署/军事区；V4全局纠偏：依据QGIS+OSM目视检查，非硬锚地名整体向北平移650m,
linan_v4_025,德寿宫,宫城,places_palace,临安_宫城,Polygon,polygon,symbolic,13377151.9,3534470.0,medium,v4_osm_yfix,jingchengtu;linan_reference;qgis_poc,ai_spatial_reasoning_poc,V3校准：以imperial_street南段为轴，置于御街东侧、保安门西北宫苑区；V4全局纠偏：依据QGIS+OSM目视检查，非硬锚地名整体向北平移650m,
linan_v4_026,东菜市,市场,places_market,临安_市场,Polygon,polygon,symbolic,13377239.1,3534910.0,medium,v4_osm_yfix,jingchengtu;linan_reference;qgis_poc,ai_spatial_reasoning_poc,V3城墙内约束：参照新开门内侧与御街之间，回移至东城墙内的市场区；V4全局纠偏：依据QGIS+OSM目视检查，非硬锚地名整体向北平移650m,
linan_v4_027,临安府,衙署,places_office,临安_衙署,Polygon,polygon,symbolic,13375950.0,3534550.0,medium,v4_osm_yfix,jingchengtu;linan_reference;qgis_poc,ai_spatial_reasoning_poc,V3微调：位于太学南侧、清波门东南，参照城墙/御街/太学关系；V4全局纠偏：依据QGIS+OSM目视检查，非硬锚地名整体向北平移650m,
linan_v4_028,太学,衙署,places_office,临安_衙署,Polygon,polygon,symbolic,13375830.0,3534970.0,medium,v4_osm_yfix,jingchengtu;linan_reference;qgis_poc,ai_spatial_reasoning_poc,V3微调：位于清波门东北、御街西侧，参照叠合图点位；V4全局纠偏：依据QGIS+OSM目视检查，非硬锚地名整体向北平移650m,
linan_v4_029,六部,衙署,places_office,临安_衙署,Polygon,polygon,symbolic,13376248.8,3533870.0,medium,v4_osm_yfix,jingchengtu;linan_reference;qgis_poc,ai_spatial_reasoning_poc,V3校准：参照御街南端与皇城西北，置于御街西侧官署区；V4全局纠偏：依据QGIS+OSM目视检查，非硬锚地名整体向北平移650m,
linan_v4_030,三省六部,衙署,places_office,临安_衙署,Polygon,polygon,symbolic,13376083.7,3533815.0,medium,v4_osm_yfix,jingchengtu;linan_reference;qgis_poc,ai_spatial_reasoning_poc,V3校准：参照皇城西北与御街南端，置于御街西侧较远官署区；V4全局纠偏：依据QGIS+OSM目视检查，非硬锚地名整体向北平移650m,
linan_v4_031,秘书省,衙署,places_office,临安_衙署,Polygon,polygon,symbolic,13376540.1,3533830.0,medium,v4_osm_yfix,jingchengtu;linan_reference;qgis_poc,ai_spatial_reasoning_poc,V3校准：参照御街南端与皇城北侧，置于皇城北侧偏西官署区；V4全局纠偏：依据QGIS+OSM目视检查，非硬锚地名整体向北平移650m,
linan_v4_032,中瓦,市场,places_market,临安_市场,Polygon,polygon,symbolic,13376497.3,3534070.0,medium,v4_osm_yfix,jingchengtu;linan_reference;qgis_poc,ai_spatial_reasoning_poc,V3校准：以御街南段为轴，置于皇城北侧、御街西侧瓦子区；V4全局纠偏：依据QGIS+OSM目视检查，非硬锚地名整体向北平移650m,
linan_v4_033,北瓦,市场,places_market,临安_市场,Polygon,polygon,symbolic,13376540.7,3536130.0,low,v4_osm_yfix,jingchengtu;linan_reference;qgis_poc,ai_spatial_reasoning_poc,V3校准：以御街中段为轴，置于御街西侧瓦子区，低置信；V4全局纠偏：依据QGIS+OSM目视检查，非硬锚地名整体向北平移650m,
linan_v4_034,南瓦,市场,places_market,临安_市场,Polygon,polygon,symbolic,13376333.7,3533815.0,low,v4_osm_yfix,jingchengtu;linan_reference;qgis_poc,ai_spatial_reasoning_poc,V3校准：参照皇城北侧与御街南端，置于御街西侧瓦子区，低置信；V4全局纠偏：依据QGIS+OSM目视检查，非硬锚地名整体向北平移650m,
linan_v4_035,清河坊,坊巷,places_block,临安_坊巷,Polygon,polygon,symbolic,13376040.0,3533470.0,medium,v4_osm_yfix,jingchengtu;linan_reference;qgis_poc,ai_spatial_reasoning_poc,V3微调：参照皇城西北、清波门东南和清河坊历史片区关系；V4全局纠偏：依据QGIS+OSM目视检查，非硬锚地名整体向北平移650m,
linan_v4_036,众安桥,桥梁,places_bridge,临安_桥梁,Polygon,point,symbolic,13376815.1,3536830.0,low,v4_osm_yfix,jingchengtu;linan_reference;qgis_poc,ai_spatial_reasoning_poc,V3校准：参照御街中段附近水道交会，较V2回收至御街西侧近轴低置信桥点；V4全局纠偏：依据QGIS+OSM目视检查，非硬锚地名整体向北平移650m,
linan_v4_037,梅家桥,桥梁,places_bridge,临安_桥梁,Polygon,point,symbolic,13377081.1,3536500.0,low,v4_osm_yfix,jingchengtu;linan_reference;qgis_poc,ai_spatial_reasoning_poc,V3校准：参照御街中段东侧水系，较V2微向东修正；V4全局纠偏：依据QGIS+OSM目视检查，非硬锚地名整体向北平移650m,
linan_v4_038,盐桥,桥梁,places_bridge,临安_桥梁,Polygon,point,symbolic,13377181.0,3536730.0,low,v4_osm_yfix,jingchengtu;linan_reference;qgis_poc,ai_spatial_reasoning_poc,V3校准：参照御街中段东侧、崇新门西南方向，回收过度东偏；V4全局纠偏：依据QGIS+OSM目视检查，非硬锚地名整体向北平移650m,
linan_v4_039,丰乐桥,桥梁,places_bridge,临安_桥梁,Polygon,point,symbolic,13376943.2,3535770.0,low,v4_osm_yfix,jingchengtu;linan_reference;qgis_poc,ai_spatial_reasoning_poc,V3校准：参照御街中南段附近桥梁带，轻微西偏；V4全局纠偏：依据QGIS+OSM目视检查，非硬锚地名整体向北平移650m,
linan_v4_040,大内,宫城,places_palace,临安_宫城,Polygon,polygon,symbolic,13376755.1,3532590.5,high,v4_osm_yfix,jingchengtu;linan_reference;qgis_poc,ai_spatial_reasoning_poc,V3硬校准：imperial_palace.geojson多边形质心,
linan_v4_041,皇城,宫城,places_palace,临安_宫城,Polygon,polygon,symbolic,13376790.1,3532605.5,high,v4_osm_yfix,jingchengtu;linan_reference;qgis_poc,ai_spatial_reasoning_poc,V3硬校准：imperial_palace.geojson多边形质心东偏，作为皇城面状代表点,
linan_v4_042,南宋太庙,宫城,places_palace,临安_宫城,Polygon,polygon,symbolic,13375680.0,3533515.0,medium,v4_osm_yfix,jingchengtu;linan_reference;qgis_poc,ai_spatial_reasoning_poc,V3微调：位于清波门以南、皇城西北侧，参照叠合图点位；V4全局纠偏：依据QGIS+OSM目视检查，非硬锚地名整体向北平移650m,
linan_v4_043,龙翔宫,宫城,places_palace,临安_宫城,Polygon,polygon,symbolic,13375490.0,3533110.0,medium,v4_osm_yfix,jingchengtu;linan_reference;qgis_poc,ai_spatial_reasoning_poc,V3微调：位于皇城西侧、南城墙北侧，参照南宋太庙/报恩寺关系；V4全局纠偏：依据QGIS+OSM目视检查，非硬锚地名整体向北平移650m,
linan_v4_044,佑圣观,寺观,places_temple,临安_寺观,Polygon,point,symbolic,13375680.0,3534350.0,medium,v4_osm_yfix,jingchengtu;linan_reference;qgis_poc,ai_spatial_reasoning_poc,V3微调：位于钱湖门东北、太学西南，参照叠合图点位；V4全局纠偏：依据QGIS+OSM目视检查，非硬锚地名整体向北平移650m,
linan_v4_045,报恩寺,寺观,places_temple,临安_寺观,Polygon,point,symbolic,13375350.0,3532910.0,medium,v4_osm_yfix,jingchengtu;linan_reference;qgis_poc,ai_spatial_reasoning_poc,V3微调：位于皇城西南、南城墙内侧，参照西湖南缘与城墙关系；V4全局纠偏：依据QGIS+OSM目视检查，非硬锚地名整体向北平移650m,
linan_v4_046,新水池,水体,places_water,临安_水体,Polygon,polygon,symbolic,13376705.1,3532958.5,medium,v4_osm_yfix,jingchengtu;linan_reference;qgis_poc,ai_spatial_reasoning_poc,V3校准：位于imperial_palace多边形南侧偏西，作为新水池代表点；V4全局纠偏：依据QGIS+OSM目视检查，非硬锚地名整体向北平移650m,
linan_v4_047,中军堂,军事,places_military,临安_军事,Polygon,polygon,symbolic,13376770.1,3532918.5,medium,v4_osm_yfix,jingchengtu;linan_reference;qgis_poc,ai_spatial_reasoning_poc,V3校准：位于imperial_palace多边形南侧中部，作为中军堂代表点；V4全局纠偏：依据QGIS+OSM目视检查，非硬锚地名整体向北平移650m,
linan_v4_048,修内司营,衙署,places_office,临安_衙署,Polygon,polygon,symbolic,13375610.0,3533255.0,low,v4_osm_yfix,jingchengtu;linan_reference;qgis_poc,ai_spatial_reasoning_poc,V3微调：参照皇城西侧官署/营区与龙翔宫、南宋太庙之间关系低置信；V4全局纠偏：依据QGIS+OSM目视检查，非硬锚地名整体向北平移650m,
linan_v4_049,后苑,园苑,places_garden,临安_园苑,Polygon,polygon,symbolic,13376765.1,3533492.0,medium,v4_osm_yfix,jingchengtu;linan_reference;qgis_poc,ai_spatial_reasoning_poc,V3校准：位于imperial_palace多边形北侧，作为后苑代表点；V4全局纠偏：依据QGIS+OSM目视检查，非硬锚地名整体向北平移650m,
linan_v4_050,保俶塔,寺观,places_temple,临安_寺观,Polygon,point,symbolic,13374880.0,3537130.0,medium,v4_osm_yfix,jingchengtu;linan_reference;qgis_poc,ai_spatial_reasoning_poc,V3西湖校准：位于钱塘门西南、西湖东北岸山体寺塔区，较V2向西修正；V4全局纠偏：依据QGIS+OSM目视检查，非硬锚地名整体向北平移650m,
linan_v4_051,断桥,桥梁,places_bridge,临安_桥梁,Polygon,point,symbolic,13374840.0,3536400.0,medium,v4_osm_yfix,jingchengtu;linan_reference;qgis_poc,ai_spatial_reasoning_poc,V3西湖校准：参照钱塘门/涌金门之间的西湖北岸桥位，较V2向西微调；V4全局纠偏：依据QGIS+OSM目视检查，非硬锚地名整体向北平移650m,
linan_v4_052,孤山,山体,places_mountain,临安_山体,Polygon,polygon,symbolic,13374740.0,3535870.0,medium,v4_osm_yfix,jingchengtu;linan_reference;qgis_poc,ai_spatial_reasoning_poc,V3西湖校准：参照西湖中北部孤山位置，较V2向湖心西移；V4全局纠偏：依据QGIS+OSM目视检查，非硬锚地名整体向北平移650m,
linan_v4_053,宝石山,山体,places_mountain,临安_山体,Polygon,polygon,symbolic,13374900.0,3537695.0,medium,v4_osm_yfix,jingchengtu;linan_reference;qgis_poc,ai_spatial_reasoning_poc,V3西湖校准：参照钱塘门西北、西湖北岸山体区，较V2向西修正；V4全局纠偏：依据QGIS+OSM目视检查，非硬锚地名整体向北平移650m,
linan_v4_054,柳洲寺,寺观,places_temple,临安_寺观,Polygon,point,symbolic,13375140.0,3534200.0,low,v4_osm_yfix,jingchengtu;linan_reference;qgis_poc,ai_spatial_reasoning_poc,V3微调：古图左页西湖南缘寺院文字疑似，参照钱湖门西北与西湖东岸低置信；V4全局纠偏：依据QGIS+OSM目视检查，非硬锚地名整体向北平移650m,
linan_v4_055,石佛寺,寺观,places_temple,临安_寺观,Polygon,point,symbolic,13374870.0,3537270.0,low,v4_osm_yfix,jingchengtu;linan_reference;qgis_poc,ai_spatial_reasoning_poc,V3西湖校准：古图左页西湖北岸寺院文字疑似，参照保俶塔/宝石山低置信；V4全局纠偏：依据QGIS+OSM目视检查，非硬锚地名整体向北平移650m,
linan_v4_056,古曹婆寺,寺观,places_temple,临安_寺观,Polygon,point,symbolic,13375080.0,3533150.0,low,v4_osm_yfix,jingchengtu;linan_reference;qgis_poc,ai_spatial_reasoning_poc,V3微调：古图左页西湖南侧寺院文字疑似，参照报恩寺西侧低置信；V4全局纠偏：依据QGIS+OSM目视检查，非硬锚地名整体向北平移650m,
linan_v4_057,雷峰塔,寺观,places_temple,临安_寺观,Polygon,point,symbolic,13375060.0,3533570.0,medium,v4_osm_yfix,jingchengtu;linan_reference;qgis_poc,ai_spatial_reasoning_poc,V3西湖南缘校准：参照西湖南侧塔寺位置与南宋太庙西侧关系；V4全局纠偏：依据QGIS+OSM目视检查，非硬锚地名整体向北平移650m,
linan_v4_058,净慈寺,寺观,places_temple,临安_寺观,Polygon,point,symbolic,13375020.0,3532970.0,low,v4_osm_yfix,jingchengtu;linan_reference;qgis_poc,ai_spatial_reasoning_poc,V3西湖南缘校准：参照雷峰塔与报恩寺之间，古图寺名低置信；V4全局纠偏：依据QGIS+OSM目视检查，非硬锚地名整体向北平移650m,
linan_v4_059,小孤山,山体,places_mountain,临安_山体,Polygon,polygon,symbolic,13374780.0,3535530.0,low,v4_osm_yfix,jingchengtu;linan_reference;qgis_poc,ai_spatial_reasoning_poc,V3西湖校准：参照孤山南侧水域山体疑似位置，低置信；V4全局纠偏：依据QGIS+OSM目视检查，非硬锚地名整体向北平移650m,
linan_v4_060,三茅观,寺观,places_temple,临安_寺观,Polygon,point,symbolic,13375320.0,3536850.0,low,v4_osm_yfix,jingchengtu;linan_reference;qgis_poc,ai_spatial_reasoning_poc,V3微调：参照西湖东岸与涌金门西北侧，宫观名低置信；V4全局纠偏：依据QGIS+OSM目视检查，非硬锚地名整体向北平移650m,
linan_v4_061,东岳宫,寺观,places_temple,临安_寺观,Polygon,point,symbolic,13376401.3,3537360.0,low,v4_osm_yfix,jingchengtu;linan_reference;qgis_poc,ai_spatial_reasoning_poc,V3校准：参照imperial_street与西湖东岸之间，古图宫观名低置信定位；V4全局纠偏：依据QGIS+OSM目视检查，非硬锚地名整体向北平移650m,
linan_v4_062,水仙王庙,寺观,places_temple,临安_寺观,Polygon,point,symbolic,13376741.5,3537340.0,low,v4_osm_yfix,jingchengtu;linan_reference;qgis_poc,ai_spatial_reasoning_poc,V3校准：参照imperial_street中北段西侧，古图庙名低置信定位；V4全局纠偏：依据QGIS+OSM目视检查，非硬锚地名整体向北平移650m,
linan_v4_063,涌金池,水体,places_water,临安_水体,Polygon,polygon,symbolic,13375460.0,3536230.0,medium,v4_osm_yfix,jingchengtu;linan_reference;qgis_poc,ai_spatial_reasoning_poc,V3校准：参照涌金门死锚西南侧水体，较V2贴近城门与湖岸；V4全局纠偏：依据QGIS+OSM目视检查，非硬锚地名整体向北平移650m,
linan_v4_064,西湖,水体,places_water,临安_水体,Polygon,polygon,symbolic,13374650.0,3535550.0,medium,v4_osm_yfix,jingchengtu;linan_reference;qgis_poc,ai_spatial_reasoning_poc,V3西湖校准：作为西湖水域代表点，较V2向湖心西移；V4全局纠偏：依据QGIS+OSM目视检查，非硬锚地名整体向北平移650m,
linan_v4_065,东御街坊巷群,坊巷,places_block,临安_坊巷,Polygon,polygon,symbolic,13377313.8,3536750.0,low,v4_osm_yfix,jingchengtu;linan_reference;qgis_poc,ai_spatial_reasoning_poc,V3校准：以imperial_street中段为轴，向东约350m表示御街东侧坊巷密集区；V4全局纠偏：依据QGIS+OSM目视检查，非硬锚地名整体向北平移650m,
linan_v4_066,西御街坊巷群,坊巷,places_block,临安_坊巷,Polygon,polygon,symbolic,13376603.8,3536750.0,low,v4_osm_yfix,jingchengtu;linan_reference;qgis_poc,ai_spatial_reasoning_poc,V3校准：以imperial_street中段为轴，向西约360m表示御街西侧坊巷密集区；V4全局纠偏：依据QGIS+OSM目视检查，非硬锚地名整体向北平移650m,
linan_v4_067,新开门内坊巷,坊巷,places_block,临安_坊巷,Polygon,polygon,symbolic,13377161.5,3535070.0,low,v4_osm_yfix,jingchengtu;linan_reference;qgis_poc,ai_spatial_reasoning_poc,V3城墙内约束：参照新开门死锚向城内西侧偏移，并与御街东侧街区协调；V4全局纠偏：依据QGIS+OSM目视检查，非硬锚地名整体向北平移650m,
linan_v4_068,保安门内坊巷,坊巷,places_block,临安_坊巷,Polygon,polygon,symbolic,13377079.0,3534300.0,low,v4_osm_yfix,jingchengtu;linan_reference;qgis_poc,ai_spatial_reasoning_poc,V3城墙内约束：参照保安门死锚向城内西侧偏移，并与御街东侧街区协调；V4全局纠偏：依据QGIS+OSM目视检查，非硬锚地名整体向北平移650m,
linan_v4_069,候潮门内坊巷,坊巷,places_block,临安_坊巷,Polygon,polygon,symbolic,13377003.5,3533710.0,low,v4_osm_yfix,jingchengtu;linan_reference;qgis_poc,ai_spatial_reasoning_poc,V3城墙内约束：参照候潮门死锚向城内西侧偏移，保留低置信；V4全局纠偏：依据QGIS+OSM目视检查，非硬锚地名整体向北平移650m,
linan_v4_070,嘉会门内坊巷,坊巷,places_block,临安_坊巷,Polygon,polygon,symbolic,13376780.0,3532610.0,low,v4_osm_yfix,jingchengtu;linan_reference;qgis_poc,ai_spatial_reasoning_poc,V3微调：参照嘉会门死锚向城内北侧偏移，避开南城墙边界；V4全局纠偏：依据QGIS+OSM目视检查，非硬锚地名整体向北平移650m,
linan_v4_071,钱塘门内坊巷,坊巷,places_block,临安_坊巷,Polygon,polygon,symbolic,13375760.0,3537695.0,low,v4_osm_yfix,jingchengtu;linan_reference;qgis_poc,ai_spatial_reasoning_poc,V3微调：参照钱塘门死锚向城内东侧偏移，结合西御街北段街区；V4全局纠偏：依据QGIS+OSM目视检查，非硬锚地名整体向北平移650m,
linan_v4_072,清波门内坊巷,坊巷,places_block,临安_坊巷,Polygon,polygon,symbolic,13375810.0,3535125.0,low,v4_osm_yfix,jingchengtu;linan_reference;qgis_poc,ai_spatial_reasoning_poc,V3微调：参照清波门死锚向城内东侧偏移，结合太学/临安府片区；V4全局纠偏：依据QGIS+OSM目视检查，非硬锚地名整体向北平移650m,
linan_v4_073,涌金门内坊巷,坊巷,places_block,临安_坊巷,Polygon,polygon,symbolic,13375930.0,3536135.0,low,v4_osm_yfix,jingchengtu;linan_reference;qgis_poc,ai_spatial_reasoning_poc,V3微调：参照涌金门死锚向城内东侧偏移，避免过近御街中轴；V4全局纠偏：依据QGIS+OSM目视检查，非硬锚地名整体向北平移650m,
affine_demo_001,示例城门,城门,places_city_gate,临安_城门,Polygon,point,symbolic,13375500.000,3538000.000,high,import_v1,affine_demo,ai_ocr_import,"仿射转换测试点，中心像素为 [100, 200]","{""bbox_pixel"":[90,190,110,210],""orientation"":""vertical"",""notes"":""""}"
affine_demo_002,示例寺观,寺观,places_temple,临安_寺观,Polygon,point,symbolic,13377000.000,3536500.000,medium,import_v1,affine_demo,ai_ocr_import,"仿射转换测试点，中心像素为 [400, 500]","{""bbox_pixel"":[390,490,410,510],""orientation"":""vertical"",""notes"":""""}"
jingchengtu_windows_ocr_001,觀,ocr_text,places_ocr_text,京城图_OCR文字,Polygon,point,symbolic,13375274.593,3537811.147,medium,jingchengtu_windows_ocr_raw,jingchengtu_windows_ocr,windows_ocr_tiles,Windows OCR tiled extraction from jingchengtu_windows_ocr; tile=tile_1; kind=line,"{""bbox_pixel"":[40,163,52,175],""orientation"":""unknown"",""notes"":""raw_ocr_asset""}"
jingchengtu_windows_ocr_002,山,ocr_text,places_ocr_text,京城图_OCR文字,Polygon,point,symbolic,13375449.468,3537833.339,medium,jingchengtu_windows_ocr_raw,jingchengtu_windows_ocr,windows_ocr_tiles,Windows OCR tiled extraction from jingchengtu_windows_ocr; tile=tile_1; kind=line,"{""bbox_pixel"":[100.33,156.67,118.33,174.67],""orientation"":""unknown"",""notes"":""raw_ocr_asset""}"
jingchengtu_windows_ocr_003,丿寶寶杰英黑,ocr_text,places_ocr_text,京城图_OCR文字,Polygon,point,symbolic,13375940.969,3537975.171,medium,jingchengtu_windows_ocr_raw,jingchengtu_windows_ocr,windows_ocr_tiles,Windows OCR tiled extraction from jingchengtu_windows_ocr; tile=tile_1; kind=line,"{""bbox_pixel"":[217.33,135.67,354,159.33],""orientation"":""unknown"",""notes"":""raw_ocr_asset""}"
jingchengtu_windows_ocr_004,丿,ocr_text,places_ocr_text,京城图_OCR文字,Polygon,point,symbolic,13375773.360,3538032.287,medium,jingchengtu_windows_ocr_raw,jingchengtu_windows_ocr,windows_ocr_tiles,Windows OCR tiled extraction from jingchengtu_windows_ocr; tile=tile_1; kind=word,"{""bbox_pixel"":[217.33,137.33,229.33,146.67],""orientation"":""unknown"",""notes"":""raw_ocr_asset""}"
jingchengtu_windows_ocr_005,寶,ocr_text,places_ocr_text,京城图_OCR文字,Polygon,point,symbolic,13375860.164,3537992.322,medium,jingchengtu_windows_ocr_raw,jingchengtu_windows_ocr,windows_ocr_tiles,Windows OCR tiled extraction from jingchengtu_windows_ocr; tile=tile_1; kind=word,"{""bbox_pixel"":[250.33,139.67,261.33,152.33],""orientation"":""unknown"",""notes"":""raw_ocr_asset""}"
jingchengtu_windows_ocr_006,寶,ocr_text,places_ocr_text,京城图_OCR文字,Polygon,point,symbolic,13375944.487,3537932.942,medium,jingchengtu_windows_ocr_raw,jingchengtu_windows_ocr,windows_ocr_tiles,Windows OCR tiled extraction from jingchengtu_windows_ocr; tile=tile_1; kind=word,"{""bbox_pixel"":[282.33,145,293.33,159.33],""orientation"":""unknown"",""notes"":""raw_ocr_asset""}"
jingchengtu_windows_ocr_007,杰,ocr_text,places_ocr_text,京城图_OCR文字,Polygon,point,symbolic,13375985.208,3537989.692,medium,jingchengtu_windows_ocr_raw,jingchengtu_windows_ocr,windows_ocr_tiles,Windows OCR tiled extraction from jingchengtu_windows_ocr; tile=tile_1; kind=word,"{""bbox_pixel"":[295.67,135.67,307.33,155.67],""orientation"":""unknown"",""notes"":""raw_ocr_asset""}"
jingchengtu_windows_ocr_008,英,ocr_text,places_ocr_text,京城图_OCR文字,Polygon,point,symbolic,13376058.577,3537962.368,medium,jingchengtu_windows_ocr_raw,jingchengtu_windows_ocr,windows_ocr_tiles,Windows OCR tiled extraction from jingchengtu_windows_ocr; tile=tile_1; kind=word,"{""bbox_pixel"":[321,141,336.67,155.67],""orientation"":""unknown"",""notes"":""raw_ocr_asset""}"
jingchengtu_windows_ocr_009,黑,ocr_text,places_ocr_text,京城图_OCR文字,Polygon,point,symbolic,13376113.105,3538005.061,medium,jingchengtu_windows_ocr_raw,jingchengtu_windows_ocr,windows_ocr_tiles,Windows OCR tiled extraction from jingchengtu_windows_ocr; tile=tile_1; kind=word,"{""bbox_pixel"":[341.67,137.33,354,149.33],""orientation"":""unknown"",""notes"":""raw_ocr_asset""}"
jingchengtu_windows_ocr_010,礻承城,ocr_text,places_ocr_text,京城图_OCR文字,Polygon,point,symbolic,13376008.281,3537522.760,medium,jingchengtu_windows_ocr_raw,jingchengtu_windows_ocr,windows_ocr_tiles,Windows OCR tiled extraction from jingchengtu_windows_ocr; tile=tile_1; kind=line,"{""bbox_pixel"":[298,190.33,341.33,204.33],""orientation"":""unknown"",""notes"":""raw_ocr_asset""}"
jingchengtu_windows_ocr_011,礻,ocr_text,places_ocr_text,京城图_OCR文字,Polygon,point,symbolic,13375955.986,3537519.062,medium,jingchengtu_windows_ocr_raw,jingchengtu_windows_ocr,windows_ocr_tiles,Windows OCR tiled extraction from jingchengtu_windows_ocr; tile=tile_1; kind=word,"{""bbox_pixel"":[298,192,303.33,204],""orientation"":""unknown"",""notes"":""raw_ocr_asset""}"
jingchengtu_windows_ocr_012,承,ocr_text,places_ocr_text,京城图_OCR文字,Polygon,point,symbolic,13376006.583,3537516.794,medium,jingchengtu_windows_ocr_raw,jingchengtu_windows_ocr,windows_ocr_tiles,Windows OCR tiled extraction from jingchengtu_windows_ocr; tile=tile_1; kind=word,"{""bbox_pixel"":[312.67,192,325.67,204],""orientation"":""unknown"",""notes"":""raw_ocr_asset""}"
jingchengtu_windows_ocr_013,城,ocr_text,places_ocr_text,京城图_OCR文字,Polygon,point,symbolic,13376048.844,3537520.942,medium,jingchengtu_windows_ocr_raw,jingchengtu_windows_ocr,windows_ocr_tiles,Windows OCR tiled extraction from jingchengtu_windows_ocr; tile=tile_1; kind=word,"{""bbox_pixel"":[327.67,190.33,341.33,204.33],""orientation"":""unknown"",""notes"":""raw_ocr_asset""}"
jingchengtu_windows_ocr_014,寶类黑毛,ocr_text,places_ocr_text,京城图_OCR文字,Polygon,point,symbolic,13376083.517,3537967.293,medium,jingchengtu_windows_ocr_raw,jingchengtu_windows_ocr,windows_ocr_tiles,Windows OCR tiled extraction from jingchengtu_windows_ocr; tile=tile_2; kind=line,"{""bbox_pixel"":[282.33,136,393.33,159.33],""orientation"":""unknown"",""notes"":""raw_ocr_asset""}"
jingchengtu_windows_ocr_015,类,ocr_text,places_ocr_text,京城图_OCR文字,Polygon,point,symbolic,13376059.028,3537962.348,medium,jingchengtu_windows_ocr_raw,jingchengtu_windows_ocr,windows_ocr_tiles,Windows OCR tiled extraction from jingchengtu_windows_ocr; tile=tile_2; kind=word,"{""bbox_pixel"":[321,141,337,155.67],""orientation"":""unknown"",""notes"":""raw_ocr_asset""}"
jingchengtu_windows_ocr_016,毛,ocr_text,places_ocr_text,京城图_OCR文字,Polygon,point,symbolic,13376222.379,3538022.664,medium,jingchengtu_windows_ocr_raw,jingchengtu_windows_ocr,windows_ocr_tiles,Windows OCR tiled extraction from jingchengtu_windows_ocr; tile=tile_2; kind=word,"{""bbox_pixel"":[381.33,136,393.33,145.67],""orientation"":""unknown"",""notes"":""raw_ocr_asset""}"
jingchengtu_windows_ocr_017,礻承城太坊,ocr_text,places_ocr_text,京城图_OCR文字,Polygon,point,symbolic,13376081.391,3537490.894,medium,jingchengtu_windows_ocr_raw,jingchengtu_windows_ocr,windows_ocr_tiles,Windows OCR tiled extraction from jingchengtu_windows_ocr; tile=tile_2; kind=line,"{""bbox_pixel"":[297.67,190,396.33,211],""orientation"":""unknown"",""notes"":""raw_ocr_asset""}"
jingchengtu_windows_ocr_018,太,ocr_text,places_ocr_text,京城图_OCR文字,Polygon,point,symbolic,13376137.519,3537441.797,medium,jingchengtu_windows_ocr_raw,jingchengtu_windows_ocr,windows_ocr_tiles,Windows OCR tiled extraction from jingchengtu_windows_ocr; tile=tile_2; kind=word,"{""bbox_pixel"":[363,200.33,374,211],""orientation"":""unknown"",""notes"":""raw_ocr_asset""}"
jingchengtu_windows_ocr_019,坊,ocr_text,places_ocr_text,京城图_OCR文字,Polygon,point,symbolic,13376201.023,3537521.605,medium,jingchengtu_windows_ocr_raw,jingchengtu_windows_ocr,windows_ocr_tiles,Windows OCR tiled extraction from jingchengtu_windows_ocr; tile=tile_2; kind=word,"{""bbox_pixel"":[383.67,190.67,396.33,202.33],""orientation"":""unknown"",""notes"":""raw_ocr_asset""}"
jingchengtu_windows_ocr_020,歲南山,ocr_text,places_ocr_text,京城图_OCR文字,Polygon,point,symbolic,13376195.766,3537333.940,medium,jingchengtu_windows_ocr_raw,jingchengtu_windows_ocr,windows_ocr_tiles,Windows OCR tiled extraction from jingchengtu_windows_ocr; tile=tile_2; kind=line,"{""bbox_pixel"":[362.33,211,421.67,223.67],""orientation"":""unknown"",""notes"":""raw_ocr_asset""}"
jingchengtu_windows_ocr_021,歲,ocr_text,places_ocr_text,京城图_OCR文字,Polygon,point,symbolic,13376131.561,3537345.836,medium,jingchengtu_windows_ocr_raw,jingchengtu_windows_ocr,windows_ocr_tiles,Windows OCR tiled extraction from jingchengtu_windows_ocr; tile=tile_2; kind=word,"{""bbox_pixel"":[362.33,211,374.33,221.67],""orientation"":""unknown"",""notes"":""raw_ocr_asset""}"
jingchengtu_windows_ocr_022,南,ocr_text,places_ocr_text,京城图_OCR文字,Polygon,point,symbolic,13376223.560,3537332.694,medium,jingchengtu_windows_ocr_raw,jingchengtu_windows_ocr,windows_ocr_tiles,Windows OCR tiled extraction from jingchengtu_windows_ocr; tile=tile_2; kind=word,"{""bbox_pixel"":[397.33,211.67,407,223],""orientation"":""unknown"",""notes"":""raw_ocr_asset""}"
jingchengtu_windows_ocr_023,山,ocr_text,places_ocr_text,京城图_OCR文字,Polygon,point,symbolic,13376261.875,3537323.445,medium,jingchengtu_windows_ocr_raw,jingchengtu_windows_ocr,windows_ocr_tiles,Windows OCR tiled extraction from jingchengtu_windows_ocr; tile=tile_2; kind=word,"{""bbox_pixel"":[411,212.67,421.67,223.67],""orientation"":""unknown"",""notes"":""raw_ocr_asset""}"
jingchengtu_windows_ocr_024,水,ocr_text,places_ocr_text,京城图_OCR文字,Polygon,point,symbolic,13377024.153,3538963.742,medium,jingchengtu_windows_ocr_raw,jingchengtu_windows_ocr,windows_ocr_tiles,Windows OCR tiled extraction from jingchengtu_windows_ocr; tile=tile_3; kind=line,"{""bbox_pixel"":[655.33,27,665,38],""orientation"":""unknown"",""notes"":""raw_ocr_asset""}"
jingchengtu_windows_ocr_025,水水楊,ocr_text,places_ocr_text,京城图_OCR文字,Polygon,point,symbolic,13377199.913,3538945.356,medium,jingchengtu_windows_ocr_raw,jingchengtu_windows_ocr,windows_ocr_tiles,Windows OCR tiled extraction from jingchengtu_windows_ocr; tile=tile_3; kind=line,"{""bbox_pixel"":[701,28,748.33,39.33],""orientation"":""unknown"",""notes"":""raw_ocr_asset""}"
jingchengtu_windows_ocr_026,水,ocr_text,places_ocr_text,京城图_OCR文字,Polygon,point,symbolic,13377150.781,3538949.046,medium,jingchengtu_windows_ocr_raw,jingchengtu_windows_ocr,windows_ocr_tiles,Windows OCR tiled extraction from jingchengtu_windows_ocr; tile=tile_3; kind=word,"{""bbox_pixel"":[701,28,712.33,39],""orientation"":""unknown"",""notes"":""raw_ocr_asset""}"
jingchengtu_windows_ocr_027,水,ocr_text,places_ocr_text,京城图_OCR文字,Polygon,point,symbolic,13377222.252,3538944.354,medium,jingchengtu_windows_ocr_raw,jingchengtu_windows_ocr,windows_ocr_tiles,Windows OCR tiled extraction from jingchengtu_windows_ocr; tile=tile_3; kind=word,"{""bbox_pixel"":[728,28.33,737.67,39],""orientation"":""unknown"",""notes"":""raw_ocr_asset""}"
jingchengtu_windows_ocr_028,楊,ocr_text,places_ocr_text,京城图_OCR文字,Polygon,point,symbolic,13377248.957,3538940.136,medium,jingchengtu_windows_ocr_raw,jingchengtu_windows_ocr,windows_ocr_tiles,Windows OCR tiled extraction from jingchengtu_windows_ocr; tile=tile_3; kind=word,"{""bbox_pixel"":[737,28.67,748.33,39.33],""orientation"":""unknown"",""notes"":""raw_ocr_asset""}"
jingchengtu_windows_ocr_029,司山池水營,ocr_text,places_ocr_text,京城图_OCR文字,Polygon,point,symbolic,13375966.576,3536770.050,medium,jingchengtu_windows_ocr_raw,jingchengtu_windows_ocr,windows_ocr_tiles,Windows OCR tiled extraction from jingchengtu_windows_ocr; tile=tile_5; kind=line,"{""bbox_pixel"":[282,272,358.33,290],""orientation"":""unknown"",""notes"":""raw_ocr_asset""}"
jingchengtu_windows_ocr_030,司,ocr_text,places_ocr_text,京城图_OCR文字,Polygon,point,symbolic,13375873.521,3536748.699,medium,jingchengtu_windows_ocr_raw,jingchengtu_windows_ocr,windows_ocr_tiles,Windows OCR tiled extraction from jingchengtu_windows_ocr; tile=tile_5; kind=word,"{""bbox_pixel"":[282,278.33,291.33,289.33],""orientation"":""unknown"",""notes"":""raw_ocr_asset""}"
jingchengtu_windows_ocr_031,山,ocr_text,places_ocr_text,京城图_OCR文字,Polygon,point,symbolic,13375940.576,3536778.701,medium,jingchengtu_windows_ocr_raw,jingchengtu_windows_ocr,windows_ocr_tiles,Windows OCR tiled extraction from jingchengtu_windows_ocr; tile=tile_5; kind=word,"{""bbox_pixel"":[305.33,275.67,315.67,284.67],""orientation"":""unknown"",""notes"":""raw_ocr_asset""}"
jingchengtu_windows_ocr_032,池,ocr_text,places_ocr_text,京城图_OCR文字,Polygon,point,symbolic,13375981.073,3536743.877,medium,jingchengtu_windows_ocr_raw,jingchengtu_windows_ocr,windows_ocr_tiles,Windows OCR tiled extraction from jingchengtu_windows_ocr; tile=tile_5; kind=word,"{""bbox_pixel"":[320.67,278.33,331.33,289.33],""orientation"":""unknown"",""notes"":""raw_ocr_asset""}"
jingchengtu_windows_ocr_033,水,ocr_text,places_ocr_text,京城图_OCR文字,Polygon,point,symbolic,13376013.797,3536740.877,medium,jingchengtu_windows_ocr_raw,jingchengtu_windows_ocr,windows_ocr_tiles,Windows OCR tiled extraction from jingchengtu_windows_ocr; tile=tile_5; kind=word,"{""bbox_pixel"":[332.67,278,343.33,290],""orientation"":""unknown"",""notes"":""raw_ocr_asset""}"
jingchengtu_windows_ocr_034,營,ocr_text,places_ocr_text,京城图_OCR文字,Polygon,point,symbolic,13376057.093,3536787.050,medium,jingchengtu_windows_ocr_raw,jingchengtu_windows_ocr,windows_ocr_tiles,Windows OCR tiled extraction from jingchengtu_windows_ocr; tile=tile_5; kind=word,"{""bbox_pixel"":[347.33,272,358.33,285.33],""orientation"":""unknown"",""notes"":""raw_ocr_asset""}"
jingchengtu_windows_ocr_035,太司,ocr_text,places_ocr_text,京城图_OCR文字,Polygon,point,symbolic,13375973.018,3536188.066,medium,jingchengtu_windows_ocr_raw,jingchengtu_windows_ocr,windows_ocr_tiles,Windows OCR tiled extraction from jingchengtu_windows_ocr; tile=tile_5; kind=line,"{""bbox_pixel"":[322.33,339,347,352],""orientation"":""unknown"",""notes"":""raw_ocr_asset""}"
jingchengtu_windows_ocr_036,太,ocr_text,places_ocr_text,京城图_OCR文字,Polygon,point,symbolic,13375955.246,3536188.863,medium,jingchengtu_windows_ocr_raw,jingchengtu_windows_ocr,windows_ocr_tiles,Windows OCR tiled extraction from jingchengtu_windows_ocr; tile=tile_5; kind=word,"{""bbox_pixel"":[322.33,339.33,334,351.67],""orientation"":""unknown"",""notes"":""raw_ocr_asset""}"
jingchengtu_windows_ocr_037,司,ocr_text,places_ocr_text,京城图_OCR文字,Polygon,point,symbolic,13375994.892,3536187.085,medium,jingchengtu_windows_ocr_raw,jingchengtu_windows_ocr,windows_ocr_tiles,Windows OCR tiled extraction from jingchengtu_windows_ocr; tile=tile_5; kind=word,"{""bbox_pixel"":[338.33,339,347,352],""orientation"":""unknown"",""notes"":""raw_ocr_asset""}"
jingchengtu_windows_ocr_038,醫山池水營康,ocr_text,places_ocr_text,京城图_OCR文字,Polygon,point,symbolic,13375990.029,3536788.523,medium,jingchengtu_windows_ocr_raw,jingchengtu_windows_ocr,windows_ocr_tiles,Windows OCR tiled extraction from jingchengtu_windows_ocr; tile=tile_6; kind=line,"{""bbox_pixel"":[280,267.67,376.67,290],""orientation"":""unknown"",""notes"":""raw_ocr_asset""}"
jingchengtu_windows_ocr_039,醫,ocr_text,places_ocr_text,京城图_OCR文字,Polygon,point,symbolic,13375876.180,3536795.161,medium,jingchengtu_windows_ocr_raw,jingchengtu_windows_ocr,windows_ocr_tiles,Windows OCR tiled extraction from jingchengtu_windows_ocr; tile=tile_6; kind=word,"{""bbox_pixel"":[280,268,293.33,289.33],""orientation"":""unknown"",""notes"":""raw_ocr_asset""}"
jingchengtu_windows_ocr_040,康,ocr_text,places_ocr_text,京城图_OCR文字,Polygon,point,symbolic,13376109.553,3536825.237,medium,jingchengtu_windows_ocr_raw,jingchengtu_windows_ocr,windows_ocr_tiles,Windows OCR tiled extraction from jingchengtu_windows_ocr; tile=tile_6; kind=word,"{""bbox_pixel"":[365.67,267.67,376.67,280.67],""orientation"":""unknown"",""notes"":""raw_ocr_asset""}"
jingchengtu_windows_ocr_041,軍片,ocr_text,places_ocr_text,京城图_OCR文字,Polygon,point,symbolic,13375945.769,3536525.994,medium,jingchengtu_windows_ocr_raw,jingchengtu_windows_ocr,windows_ocr_tiles,Windows OCR tiled extraction from jingchengtu_windows_ocr; tile=tile_6; kind=line,"{""bbox_pixel"":[280.67,301.33,354.67,315],""orientation"":""unknown"",""notes"":""raw_ocr_asset""}"
jingchengtu_windows_ocr_042,軍,ocr_text,places_ocr_text,京城图_OCR文字,Polygon,point,symbolic,13375861.007,3536529.794,medium,jingchengtu_windows_ocr_raw,jingchengtu_windows_ocr,windows_ocr_tiles,Windows OCR tiled extraction from jingchengtu_windows_ocr; tile=tile_6; kind=word,"{""bbox_pixel"":[280.67,301.33,292.67,315],""orientation"":""unknown"",""notes"":""raw_ocr_asset""}"
jingchengtu_windows_ocr_043,片,ocr_text,places_ocr_text,京城图_OCR文字,Polygon,point,symbolic,13376033.946,3536510.001,medium,jingchengtu_windows_ocr_raw,jingchengtu_windows_ocr,windows_ocr_tiles,Windows OCR tiled extraction from jingchengtu_windows_ocr; tile=tile_6; kind=word,"{""bbox_pixel"":[345.67,304,354.67,315],""orientation"":""unknown"",""notes"":""raw_ocr_asset""}"
jingchengtu_windows_ocr_044,太司將軍,ocr_text,places_ocr_text,京城图_OCR文字,Polygon,point,symbolic,13376012.679,3536186.288,medium,jingchengtu_windows_ocr_raw,jingchengtu_windows_ocr,windows_ocr_tiles,Windows OCR tiled extraction from jingchengtu_windows_ocr; tile=tile_6; kind=line,"{""bbox_pixel"":[322.67,339,375.67,352],""orientation"":""unknown"",""notes"":""raw_ocr_asset""}"
jingchengtu_windows_ocr_045,將,ocr_text,places_ocr_text,京城图_OCR文字,Polygon,point,symbolic,13376031.266,3536183.921,medium,jingchengtu_windows_ocr_raw,jingchengtu_windows_ocr,windows_ocr_tiles,Windows OCR tiled extraction from jingchengtu_windows_ocr; tile=tile_6; kind=word,"{""bbox_pixel"":[350.33,339.67,361.67,351.67],""orientation"":""unknown"",""notes"":""raw_ocr_asset""}"
jingchengtu_windows_ocr_046,軍,ocr_text,places_ocr_text,京城图_OCR文字,Polygon,point,symbolic,13376070.634,3536185.178,medium,jingchengtu_windows_ocr_raw,jingchengtu_windows_ocr,windows_ocr_tiles,Windows OCR tiled extraction from jingchengtu_windows_ocr; tile=tile_6; kind=word,"{""bbox_pixel"":[365,339,375.67,351.67],""orientation"":""unknown"",""notes"":""raw_ocr_asset""}"
jingchengtu_windows_ocr_047,府作器訁,ocr_text,places_ocr_text,京城图_OCR文字,Polygon,point,symbolic,13376014.834,3536064.441,medium,jingchengtu_windows_ocr_raw,jingchengtu_windows_ocr,windows_ocr_tiles,Windows OCR tiled extraction from jingchengtu_windows_ocr; tile=tile_6; kind=line,"{""bbox_pixel"":[321.67,352.33,383.33,365.67],""orientation"":""unknown"",""notes"":""raw_ocr_asset""}"
jingchengtu_windows_ocr_048,府,ocr_text,places_ocr_text,京城图_OCR文字,Polygon,point,symbolic,13375947.221,3536064.451,medium,jingchengtu_windows_ocr_raw,jingchengtu_windows_ocr,windows_ocr_tiles,Windows OCR tiled extraction from jingchengtu_windows_ocr; tile=tile_6; kind=word,"{""bbox_pixel"":[321.67,353,334,365.67],""orientation"":""unknown"",""notes"":""raw_ocr_asset""}"
jingchengtu_windows_ocr_049,作,ocr_text,places_ocr_text,京城图_OCR文字,Polygon,point,symbolic,13376024.492,3536065.541,medium,jingchengtu_windows_ocr_raw,jingchengtu_windows_ocr,windows_ocr_tiles,Windows OCR tiled extraction from jingchengtu_windows_ocr; tile=tile_6; kind=word,"{""bbox_pixel"":[350.33,352.33,361.67,365.33],""orientation"":""unknown"",""notes"":""raw_ocr_asset""}"
jingchengtu_windows_ocr_050,器,ocr_text,places_ocr_text,京城图_OCR文字,Polygon,point,symbolic,13376064.672,3536065.183,medium,jingchengtu_windows_ocr_raw,jingchengtu_windows_ocr,windows_ocr_tiles,Windows OCR tiled extraction from jingchengtu_windows_ocr; tile=tile_6; kind=word,"{""bbox_pixel"":[366,352.67,375.33,364.67],""orientation"":""unknown"",""notes"":""raw_ocr_asset""}"
jingchengtu_windows_ocr_051,訁,ocr_text,places_ocr_text,京城图_OCR文字,Polygon,point,symbolic,13376092.211,3536059.484,medium,jingchengtu_windows_ocr_raw,jingchengtu_windows_ocr,windows_ocr_tiles,Windows OCR tiled extraction from jingchengtu_windows_ocr; tile=tile_6; kind=word,"{""bbox_pixel"":[378.33,354.33,383.33,364],""orientation"":""unknown"",""notes"":""raw_ocr_asset""}"
jingchengtu_windows_ocr_052,南山,ocr_text,places_ocr_text,京城图_OCR文字,Polygon,point,symbolic,13376243.443,3537328.781,medium,jingchengtu_windows_ocr_raw,jingchengtu_windows_ocr,windows_ocr_tiles,Windows OCR tiled extraction from jingchengtu_windows_ocr; tile=tile_6; kind=line,"{""bbox_pixel"":[397.33,211.67,421.67,223.67],""orientation"":""unknown"",""notes"":""raw_ocr_asset""}"
jingchengtu_windows_ocr_053,相令,ocr_text,places_ocr_text,京城图_OCR文字,Polygon,point,symbolic,13377132.184,3537362.619,medium,jingchengtu_windows_ocr_raw,jingchengtu_windows_ocr,windows_ocr_tiles,Windows OCR tiled extraction from jingchengtu_windows_ocr; tile=tile_7; kind=line,"{""bbox_pixel"":[691.67,203,774.33,216],""orientation"":""unknown"",""notes"":""raw_ocr_asset""}"
jingchengtu_windows_ocr_054,相,ocr_text,places_ocr_text,京城图_OCR文字,Polygon,point,symbolic,13377037.401,3537366.868,medium,jingchengtu_windows_ocr_raw,jingchengtu_windows_ocr,windows_ocr_tiles,Windows OCR tiled extraction from jingchengtu_windows_ocr; tile=tile_7; kind=word,"{""bbox_pixel"":[691.67,203,705,216],""orientation"":""unknown"",""notes"":""raw_ocr_asset""}"
jingchengtu_windows_ocr_055,令,ocr_text,places_ocr_text,京城图_OCR文字,Polygon,point,symbolic,13377234.001,3537377.580,medium,jingchengtu_windows_ocr_raw,jingchengtu_windows_ocr,windows_ocr_tiles,Windows OCR tiled extraction from jingchengtu_windows_ocr; tile=tile_7; kind=word,"{""bbox_pixel"":[765.33,203,774.33,211.67],""orientation"":""unknown"",""notes"":""raw_ocr_asset""}"
jingchengtu_windows_ocr_056,毛万坊俯方片,ocr_text,places_ocr_text,京城图_OCR文字,Polygon,point,symbolic,13376967.043,3536752.253,medium,jingchengtu_windows_ocr_raw,jingchengtu_windows_ocr,windows_ocr_tiles,Windows OCR tiled extraction from jingchengtu_windows_ocr; tile=tile_7; kind=line,"{""bbox_pixel"":[633.67,272,737.33,284],""orientation"":""unknown"",""notes"":""raw_ocr_asset""}"
jingchengtu_windows_ocr_057,毛,ocr_text,places_ocr_text,京城图_OCR文字,Polygon,point,symbolic,13376841.132,3536747.392,medium,jingchengtu_windows_ocr_raw,jingchengtu_windows_ocr,windows_ocr_tiles,Windows OCR tiled extraction from jingchengtu_windows_ocr; tile=tile_7; kind=word,"{""bbox_pixel"":[633.67,275,645.67,283.33],""orientation"":""unknown"",""notes"":""raw_ocr_asset""}"
jingchengtu_windows_ocr_058,万,ocr_text,places_ocr_text,京城图_OCR文字,Polygon,point,symbolic,13376922.244,3536743.755,medium,jingchengtu_windows_ocr_raw,jingchengtu_windows_ocr,windows_ocr_tiles,Windows OCR tiled extraction from jingchengtu_windows_ocr; tile=tile_7; kind=word,"{""bbox_pixel"":[665,275,673.67,283.33],""orientation"":""unknown"",""notes"":""raw_ocr_asset""}"
jingchengtu_windows_ocr_059,坊,ocr_text,places_ocr_text,京城图_OCR文字,Polygon,point,symbolic,13377011.157,3536748.788,medium,jingchengtu_windows_ocr_raw,jingchengtu_windows_ocr,windows_ocr_tiles,Windows OCR tiled extraction from jingchengtu_windows_ocr; tile=tile_7; kind=word,"{""bbox_pixel"":[696.33,273,707,283.33],""orientation"":""unknown"",""notes"":""raw_ocr_asset""}"
jingchengtu_windows_ocr_060,俯,ocr_text,places_ocr_text,京城图_OCR文字,Polygon,point,symbolic,13377038.856,3536753.543,medium,jingchengtu_windows_ocr_raw,jingchengtu_windows_ocr,windows_ocr_tiles,Windows OCR tiled extraction from jingchengtu_windows_ocr; tile=tile_7; kind=word,"{""bbox_pixel"":[706.67,272,716.67,283],""orientation"":""unknown"",""notes"":""raw_ocr_asset""}"
jingchengtu_windows_ocr_061,方,ocr_text,places_ocr_text,京城图_OCR文字,Polygon,point,symbolic,13377071.603,3536743.057,medium,jingchengtu_windows_ocr_raw,jingchengtu_windows_ocr,windows_ocr_tiles,Windows OCR tiled extraction from jingchengtu_windows_ocr; tile=tile_7; kind=word,"{""bbox_pixel"":[719.67,273,728,284],""orientation"":""unknown"",""notes"":""raw_ocr_asset""}"
jingchengtu_windows_ocr_062,片,ocr_text,places_ocr_text,京城图_OCR文字,Polygon,point,symbolic,13377096.371,3536744.968,medium,jingchengtu_windows_ocr_raw,jingchengtu_windows_ocr,windows_ocr_tiles,Windows OCR tiled extraction from jingchengtu_windows_ocr; tile=tile_7; kind=word,"{""bbox_pixel"":[728.33,272.33,737.33,284],""orientation"":""unknown"",""notes"":""raw_ocr_asset""}"
jingchengtu_windows_ocr_063,待孝閤曉六三封玉壽白瑞太五真,ocr_text,places_ocr_text,京城图_OCR文字,Polygon,point,symbolic,13375705.599,3535123.829,medium,jingchengtu_windows_ocr_raw,jingchengtu_windows_ocr,windows_ocr_tiles,Windows OCR tiled extraction from jingchengtu_windows_ocr; tile=tile_9; kind=line,"{""bbox_pixel"":[159.33,453,359.33,476.67],""orientation"":""unknown"",""notes"":""raw_ocr_asset""}"
jingchengtu_windows_ocr_064,待,ocr_text,places_ocr_text,京城图_OCR文字,Polygon,point,symbolic,13375453.837,3535171.189,medium,jingchengtu_windows_ocr_raw,jingchengtu_windows_ocr,windows_ocr_tiles,Windows OCR tiled extraction from jingchengtu_windows_ocr; tile=tile_9; kind=word,"{""bbox_pixel"":[159.33,453,173.67,468.67],""orientation"":""unknown"",""notes"":""raw_ocr_asset""}"
jingchengtu_windows_ocr_065,孝,ocr_text,places_ocr_text,京城图_OCR文字,Polygon,point,symbolic,13375487.965,3535160.641,medium,jingchengtu_windows_ocr_raw,jingchengtu_windows_ocr,windows_ocr_tiles,Windows OCR tiled extraction from jingchengtu_windows_ocr; tile=tile_9; kind=word,"{""bbox_pixel"":[173.67,454,184.67,469.67],""orientation"":""unknown"",""notes"":""raw_ocr_asset""}"
jingchengtu_windows_ocr_066,閤,ocr_text,places_ocr_text,京城图_OCR文字,Polygon,point,symbolic,13375519.757,3535133.693,medium,jingchengtu_windows_ocr_raw,jingchengtu_windows_ocr,windows_ocr_tiles,Windows OCR tiled extraction from jingchengtu_windows_ocr; tile=tile_9; kind=word,"{""bbox_pixel"":[186.33,456,196.33,473.33],""orientation"":""unknown"",""notes"":""raw_ocr_asset""}"
jingchengtu_windows_ocr_067,曉,ocr_text,places_ocr_text,京城图_OCR文字,Polygon,point,symbolic,13375556.480,3535160.590,medium,jingchengtu_windows_ocr_raw,jingchengtu_windows_ocr,windows_ocr_tiles,Windows OCR tiled extraction from jingchengtu_windows_ocr; tile=tile_9; kind=word,"{""bbox_pixel"":[198.33,454.33,210,468.67],""orientation"":""unknown"",""notes"":""raw_ocr_asset""}"
jingchengtu_windows_ocr_068,六,ocr_text,places_ocr_text,京城图_OCR文字,Polygon,point,symbolic,13375595.411,3535130.256,medium,jingchengtu_windows_ocr_raw,jingchengtu_windows_ocr,windows_ocr_tiles,Windows OCR tiled extraction from jingchengtu_windows_ocr; tile=tile_9; kind=word,"{""bbox_pixel"":[211.67,456.67,226.33,472.67],""orientation"":""unknown"",""notes"":""raw_ocr_asset""}"
jingchengtu_windows_ocr_069,三,ocr_text,places_ocr_text,京城图_OCR文字,Polygon,point,symbolic,13375638.647,3535119.345,medium,jingchengtu_windows_ocr_raw,jingchengtu_windows_ocr,windows_ocr_tiles,Windows OCR tiled extraction from jingchengtu_windows_ocr; tile=tile_9; kind=word,"{""bbox_pixel"":[227,458,243,473.33],""orientation"":""unknown"",""notes"":""raw_ocr_asset""}"
jingchengtu_windows_ocr_070,封,ocr_text,places_ocr_text,京城图_OCR文字,Polygon,point,symbolic,13375679.666,3535141.540,medium,jingchengtu_windows_ocr_raw,jingchengtu_windows_ocr,windows_ocr_tiles,Windows OCR tiled extraction from jingchengtu_windows_ocr; tile=tile_9; kind=word,"{""bbox_pixel"":[242.67,455.67,256.33,470.33],""orientation"":""unknown"",""notes"":""raw_ocr_asset""}"
jingchengtu_windows_ocr_071,玉,ocr_text,places_ocr_text,京城图_OCR文字,Polygon,point,symbolic,13375717.093,3535148.881,medium,jingchengtu_windows_ocr_raw,jingchengtu_windows_ocr,windows_ocr_tiles,Windows OCR tiled extraction from jingchengtu_windows_ocr; tile=tile_9; kind=word,"{""bbox_pixel"":[256.67,456.33,269.33,467.67],""orientation"":""unknown"",""notes"":""raw_ocr_asset""}"
jingchengtu_windows_ocr_072,壽,ocr_text,places_ocr_text,京城图_OCR文字,Polygon,point,symbolic,13375752.575,3535138.272,medium,jingchengtu_windows_ocr_raw,jingchengtu_windows_ocr,windows_ocr_tiles,Windows OCR tiled extraction from jingchengtu_windows_ocr; tile=tile_9; kind=word,"{""bbox_pixel"":[270,455.67,282.33,470.33],""orientation"":""unknown"",""notes"":""raw_ocr_asset""}"
jingchengtu_windows_ocr_073,白,ocr_text,places_ocr_text,京城图_OCR文字,Polygon,point,symbolic,13375792.564,3535142.476,medium,jingchengtu_windows_ocr_raw,jingchengtu_windows_ocr,windows_ocr_tiles,Windows OCR tiled extraction from jingchengtu_windows_ocr; tile=tile_9; kind=word,"{""bbox_pixel"":[285.33,455.67,296,469],""orientation"":""unknown"",""notes"":""raw_ocr_asset""}"
jingchengtu_windows_ocr_074,瑞,ocr_text,places_ocr_text,京城图_OCR文字,Polygon,point,symbolic,13375828.561,3535140.862,medium,jingchengtu_windows_ocr_raw,jingchengtu_windows_ocr,windows_ocr_tiles,Windows OCR tiled extraction from jingchengtu_windows_ocr; tile=tile_9; kind=word,"{""bbox_pixel"":[297.33,455,310.33,469.67],""orientation"":""unknown"",""notes"":""raw_ocr_asset""}"
jingchengtu_windows_ocr_075,太,ocr_text,places_ocr_text,京城图_OCR文字,Polygon,point,symbolic,13375874.193,3535099.721,medium,jingchengtu_windows_ocr_raw,jingchengtu_windows_ocr,windows_ocr_tiles,Windows OCR tiled extraction from jingchengtu_windows_ocr; tile=tile_9; kind=word,"{""bbox_pixel"":[312.67,456.67,330,476.67],""orientation"":""unknown"",""notes"":""raw_ocr_asset""}"
jingchengtu_windows_ocr_076,五,ocr_text,places_ocr_text,京城图_OCR文字,Polygon,point,symbolic,13375923.348,3535088.544,medium,jingchengtu_windows_ocr_raw,jingchengtu_windows_ocr,windows_ocr_tiles,Windows OCR tiled extraction from jingchengtu_windows_ocr; tile=tile_9; kind=word,"{""bbox_pixel"":[330.33,459.33,348.67,476],""orientation"":""unknown"",""notes"":""raw_ocr_asset""}"
jingchengtu_windows_ocr_077,真,ocr_text,places_ocr_text,京城图_OCR文字,Polygon,point,symbolic,13375965.019,3535130.281,medium,jingchengtu_windows_ocr_raw,jingchengtu_windows_ocr,windows_ocr_tiles,Windows OCR tiled extraction from jingchengtu_windows_ocr; tile=tile_9; kind=word,"{""bbox_pixel"":[348.33,455.33,359.33,470.33],""orientation"":""unknown"",""notes"":""raw_ocr_asset""}"
jingchengtu_windows_ocr_078,班仁示樁牒域馬石,ocr_text,places_ocr_text,京城图_OCR文字,Polygon,point,symbolic,13375629.669,3535002.461,medium,jingchengtu_windows_ocr_raw,jingchengtu_windows_ocr,windows_ocr_tiles,Windows OCR tiled extraction from jingchengtu_windows_ocr; tile=tile_9; kind=line,"{""bbox_pixel"":[159.33,470.67,309,486.67],""orientation"":""unknown"",""notes"":""raw_ocr_asset""}"
jingchengtu_windows_ocr_079,班,ocr_text,places_ocr_text,京城图_OCR文字,Polygon,point,symbolic,13375443.890,3535021.342,medium,jingchengtu_windows_ocr_raw,jingchengtu_windows_ocr,windows_ocr_tiles,Windows OCR tiled extraction from jingchengtu_windows_ocr; tile=tile_9; kind=word,"{""bbox_pixel"":[159.33,470.67,172.67,484.33],""orientation"":""unknown"",""notes"":""raw_ocr_asset""}"
jingchengtu_windows_ocr_080,仁,ocr_text,places_ocr_text,京城图_OCR文字,Polygon,point,symbolic,13375479.460,3535012.262,medium,jingchengtu_windows_ocr_raw,jingchengtu_windows_ocr,windows_ocr_tiles,Windows OCR tiled extraction from jingchengtu_windows_ocr; tile=tile_9; kind=word,"{""bbox_pixel"":[173,471.33,185.33,485.33],""orientation"":""unknown"",""notes"":""raw_ocr_asset""}"
jingchengtu_windows_ocr_081,示,ocr_text,places_ocr_text,京城图_OCR文字,Polygon,point,symbolic,13375546.633,3535012.226,medium,jingchengtu_windows_ocr_raw,jingchengtu_windows_ocr,windows_ocr_tiles,Windows OCR tiled extraction from jingchengtu_windows_ocr; tile=tile_9; kind=word,"{""bbox_pixel"":[197.67,471.67,209.67,484.33],""orientation"":""unknown"",""notes"":""raw_ocr_asset""}"
jingchengtu_windows_ocr_082,樁,ocr_text,places_ocr_text,京城图_OCR文字,Polygon,point,symbolic,13375670.147,3534999.159,medium,jingchengtu_windows_ocr_raw,jingchengtu_windows_ocr,windows_ocr_tiles,Windows OCR tiled extraction from jingchengtu_windows_ocr; tile=tile_9; kind=word,"{""bbox_pixel"":[242.33,471.67,255.67,486],""orientation"":""unknown"",""notes"":""raw_ocr_asset""}"
jingchengtu_windows_ocr_083,牒,ocr_text,places_ocr_text,京城图_OCR文字,Polygon,point,symbolic,13375707.320,3535002.046,medium,jingchengtu_windows_ocr_raw,jingchengtu_windows_ocr,windows_ocr_tiles,Windows OCR tiled extraction from jingchengtu_windows_ocr; tile=tile_9; kind=word,"{""bbox_pixel"":[256,471.33,269,485.33],""orientation"":""unknown"",""notes"":""raw_ocr_asset""}"
jingchengtu_windows_ocr_084,域,ocr_text,places_ocr_text,京城图_OCR文字,Polygon,point,symbolic,13375744.702,3534992.795,medium,jingchengtu_windows_ocr_raw,jingchengtu_windows_ocr,windows_ocr_tiles,Windows OCR tiled extraction from jingchengtu_windows_ocr; tile=tile_9; kind=word,"{""bbox_pixel"":[269.33,471.67,283.33,486.67],""orientation"":""unknown"",""notes"":""raw_ocr_asset""}"
jingchengtu_windows_ocr_085,馬,ocr_text,places_ocr_text,京城图_OCR文字,Polygon,point,symbolic,13375781.997,3534989.680,medium,jingchengtu_windows_ocr_raw,jingchengtu_windows_ocr,windows_ocr_tiles,Windows OCR tiled extraction from jingchengtu_windows_ocr; tile=tile_9; kind=word,"{""bbox_pixel"":[284.33,472.33,295.67,486.33],""orientation"":""unknown"",""notes"":""raw_ocr_asset""}"
jingchengtu_windows_ocr_086,石,ocr_text,places_ocr_text,京城图_OCR文字,Polygon,point,symbolic,13375817.176,3534989.591,medium,jingchengtu_windows_ocr_raw,jingchengtu_windows_ocr,windows_ocr_tiles,Windows OCR tiled extraction from jingchengtu_windows_ocr; tile=tile_9; kind=word,"{""bbox_pixel"":[296.67,473.33,309,485],""orientation"":""unknown"",""notes"":""raw_ocr_asset""}"
jingchengtu_windows_ocr_087,閤亭部省庫所坊廟泉廟府廟,ocr_text,places_ocr_text,京城图_OCR文字,Polygon,point,symbolic,13375691.142,3534887.019,medium,jingchengtu_windows_ocr_raw,jingchengtu_windows_ocr,windows_ocr_tiles,Windows OCR tiled extraction from jingchengtu_windows_ocr; tile=tile_9; kind=line,"{""bbox_pixel"":[160,479.33,358,503],""orientation"":""unknown"",""notes"":""raw_ocr_asset""}"
jingchengtu_windows_ocr_088,閤,ocr_text,places_ocr_text,京城图_OCR文字,Polygon,point,symbolic,13375433.857,3534869.964,medium,jingchengtu_windows_ocr_raw,jingchengtu_windows_ocr,windows_ocr_tiles,Windows OCR tiled extraction from jingchengtu_windows_ocr; tile=tile_9; kind=word,"{""bbox_pixel"":[160,487,171,501.67],""orientation"":""unknown"",""notes"":""raw_ocr_asset""}"
jingchengtu_windows_ocr_089,亭,ocr_text,places_ocr_text,京城图_OCR文字,Polygon,point,symbolic,13375536.307,3534863.883,medium,jingchengtu_windows_ocr_raw,jingchengtu_windows_ocr,windows_ocr_tiles,Windows OCR tiled extraction from jingchengtu_windows_ocr; tile=tile_9; kind=word,"{""bbox_pixel"":[197.33,486.67,208.67,502.33],""orientation"":""unknown"",""notes"":""raw_ocr_asset""}"
jingchengtu_windows_ocr_090,部,ocr_text,places_ocr_text,京城图_OCR文字,Polygon,point,symbolic,13375577.734,3534901.122,medium,jingchengtu_windows_ocr_raw,jingchengtu_windows_ocr,windows_ocr_tiles,Windows OCR tiled extraction from jingchengtu_windows_ocr; tile=tile_9; kind=word,"{""bbox_pixel"":[209.67,479.33,225,501],""orientation"":""unknown"",""notes"":""raw_ocr_asset""}"
jingchengtu_windows_ocr_091,省,ocr_text,places_ocr_text,京城图_OCR文字,Polygon,point,symbolic,13375621.222,3534894.618,medium,jingchengtu_windows_ocr_raw,jingchengtu_windows_ocr,windows_ocr_tiles,Windows OCR tiled extraction from jingchengtu_windows_ocr; tile=tile_9; kind=word,"{""bbox_pixel"":[226,480.67,240.67,500.67],""orientation"":""unknown"",""notes"":""raw_ocr_asset""}"
jingchengtu_windows_ocr_092,庫,ocr_text,places_ocr_text,京城图_OCR文字,Polygon,point,symbolic,13375659.285,3534849.352,medium,jingchengtu_windows_ocr_raw,jingchengtu_windows_ocr,windows_ocr_tiles,Windows OCR tiled extraction from jingchengtu_windows_ocr; tile=tile_9; kind=word,"{""bbox_pixel"":[242,488.33,254.33,502.67],""orientation"":""unknown"",""notes"":""raw_ocr_asset""}"
jingchengtu_windows_ocr_093,所,ocr_text,places_ocr_text,京城图_OCR文字,Polygon,point,symbolic,13375697.578,3534847.635,medium,jingchengtu_windows_ocr_raw,jingchengtu_windows_ocr,windows_ocr_tiles,Windows OCR tiled extraction from jingchengtu_windows_ocr; tile=tile_9; kind=word,"{""bbox_pixel"":[255.67,488.33,268.67,502.67],""orientation"":""unknown"",""notes"":""raw_ocr_asset""}"
jingchengtu_windows_ocr_094,坊,ocr_text,places_ocr_text,京城图_OCR文字,Polygon,point,symbolic,13375735.481,3534847.469,medium,jingchengtu_windows_ocr_raw,jingchengtu_windows_ocr,windows_ocr_tiles,Windows OCR tiled extraction from jingchengtu_windows_ocr; tile=tile_9; kind=word,"{""bbox_pixel"":[269.33,488.33,282.67,502.33],""orientation"":""unknown"",""notes"":""raw_ocr_asset""}"
jingchengtu_windows_ocr_095,廟,ocr_text,places_ocr_text,京城图_OCR文字,Polygon,point,symbolic,13375771.475,3534845.810,medium,jingchengtu_windows_ocr_raw,jingchengtu_windows_ocr,windows_ocr_tiles,Windows OCR tiled extraction from jingchengtu_windows_ocr; tile=tile_9; kind=word,"{""bbox_pixel"":[283,488,295.33,502.67],""orientation"":""unknown"",""notes"":""raw_ocr_asset""}"
jingchengtu_windows_ocr_096,泉,ocr_text,places_ocr_text,京城图_OCR文字,Polygon,point,symbolic,13375812.038,3534843.992,medium,jingchengtu_windows_ocr_raw,jingchengtu_windows_ocr,windows_ocr_tiles,Windows OCR tiled extraction from jingchengtu_windows_ocr; tile=tile_9; kind=word,"{""bbox_pixel"":[297.67,487.67,310.33,503],""orientation"":""unknown"",""notes"":""raw_ocr_asset""}"
jingchengtu_windows_ocr_097,廟,ocr_text,places_ocr_text,京城图_OCR文字,Polygon,point,symbolic,13375854.060,3534867.675,medium,jingchengtu_windows_ocr_raw,jingchengtu_windows_ocr,windows_ocr_tiles,Windows OCR tiled extraction from jingchengtu_windows_ocr; tile=tile_9; kind=word,"{""bbox_pixel"":[310.67,482,327,503],""orientation"":""unknown"",""notes"":""raw_ocr_asset""}"
jingchengtu_windows_ocr_098,府,ocr_text,places_ocr_text,京城图_OCR文字,Polygon,point,symbolic,13375907.378,3534865.285,medium,jingchengtu_windows_ocr_raw,jingchengtu_windows_ocr,windows_ocr_tiles,Windows OCR tiled extraction from jingchengtu_windows_ocr; tile=tile_9; kind=word,"{""bbox_pixel"":[329.67,482,347,503],""orientation"":""unknown"",""notes"":""raw_ocr_asset""}"
jingchengtu_windows_ocr_099,廟,ocr_text,places_ocr_text,京城图_OCR文字,Polygon,point,symbolic,13375944.928,3534835.013,medium,jingchengtu_windows_ocr_raw,jingchengtu_windows_ocr,windows_ocr_tiles,Windows OCR tiled extraction from jingchengtu_windows_ocr; tile=tile_9; kind=word,"{""bbox_pixel"":[347.33,488.67,358,502.67],""orientation"":""unknown"",""notes"":""raw_ocr_asset""}"
jingchengtu_windows_ocr_100,白瑞太五算天焘,ocr_text,places_ocr_text,京城图_OCR文字,Polygon,point,symbolic,13375944.031,3535322.054,medium,jingchengtu_windows_ocr_raw,jingchengtu_windows_ocr,windows_ocr_tiles,Windows OCR tiled extraction from jingchengtu_windows_ocr; tile=tile_10; kind=line,"{""bbox_pixel"":[288.67,427.67,395.67,455.67],""orientation"":""unknown"",""notes"":""raw_ocr_asset""}"
jingchengtu_windows_ocr_101,白,ocr_text,places_ocr_text,京城图_OCR文字,Polygon,point,symbolic,13375816.013,3535392.456,medium,jingchengtu_windows_ocr_raw,jingchengtu_windows_ocr,windows_ocr_tiles,Windows OCR tiled extraction from jingchengtu_windows_ocr; tile=tile_10; kind=word,"{""bbox_pixel"":[288.67,427.67,299.33,441.33],""orientation"":""unknown"",""notes"":""raw_ocr_asset""}"
jingchengtu_windows_ocr_102,瑞,ocr_text,places_ocr_text,京城图_OCR文字,Polygon,point,symbolic,13375850.064,3535372.892,medium,jingchengtu_windows_ocr_raw,jingchengtu_windows_ocr,windows_ocr_tiles,Windows OCR tiled extraction from jingchengtu_windows_ocr; tile=tile_10; kind=word,"{""bbox_pixel"":[300.33,429,313.33,444],""orientation"":""unknown"",""notes"":""raw_ocr_asset""}"
jingchengtu_windows_ocr_103,太,ocr_text,places_ocr_text,京城图_OCR文字,Polygon,point,symbolic,13375890.378,3535310.931,medium,jingchengtu_windows_ocr_raw,jingchengtu_windows_ocr,windows_ocr_tiles,Windows OCR tiled extraction from jingchengtu_windows_ocr; tile=tile_10; kind=word,"{""bbox_pixel"":[314.33,432.67,331.33,453.67],""orientation"":""unknown"",""notes"":""raw_ocr_asset""}"
jingchengtu_windows_ocr_104,五,ocr_text,places_ocr_text,京城图_OCR文字,Polygon,point,symbolic,13375938.067,3535281.783,medium,jingchengtu_windows_ocr_raw,jingchengtu_windows_ocr,windows_ocr_tiles,Windows OCR tiled extraction from jingchengtu_windows_ocr; tile=tile_10; kind=word,"{""bbox_pixel"":[332,438,349.67,454.33],""orientation"":""unknown"",""notes"":""raw_ocr_asset""}"
jingchengtu_windows_ocr_105,算,ocr_text,places_ocr_text,京城图_OCR文字,Polygon,point,symbolic,13375981.990,3535306.824,medium,jingchengtu_windows_ocr_raw,jingchengtu_windows_ocr,windows_ocr_tiles,Windows OCR tiled extraction from jingchengtu_windows_ocr; tile=tile_10; kind=word,"{""bbox_pixel"":[350.67,435.67,362,450.67],""orientation"":""unknown"",""notes"":""raw_ocr_asset""}"
jingchengtu_windows_ocr_106,天,ocr_text,places_ocr_text,京城图_OCR文字,Polygon,point,symbolic,13376011.318,3535284.496,medium,jingchengtu_windows_ocr_raw,jingchengtu_windows_ocr,windows_ocr_tiles,Windows OCR tiled extraction from jingchengtu_windows_ocr; tile=tile_10; kind=word,"{""bbox_pixel"":[362,439,373,452],""orientation"":""unknown"",""notes"":""raw_ocr_asset""}"
jingchengtu_windows_ocr_107,焘,ocr_text,places_ocr_text,京城图_OCR文字,Polygon,point,symbolic,13376072.123,3535253.181,medium,jingchengtu_windows_ocr_raw,jingchengtu_windows_ocr,windows_ocr_tiles,Windows OCR tiled extraction from jingchengtu_windows_ocr; tile=tile_10; kind=word,"{""bbox_pixel"":[385,441.67,395.67,455.67],""orientation"":""unknown"",""notes"":""raw_ocr_asset""}"
jingchengtu_windows_ocr_108,蕃導哮,ocr_text,places_ocr_text,京城图_OCR文字,Polygon,point,symbolic,13375719.044,3532803.976,medium,jingchengtu_windows_ocr_raw,jingchengtu_windows_ocr,windows_ocr_tiles,Windows OCR tiled extraction from jingchengtu_windows_ocr; tile=tile_13; kind=line,"{""bbox_pixel"":[282,714.67,343.33,729.33],""orientation"":""unknown"",""notes"":""raw_ocr_asset""}"
jingchengtu_windows_ocr_109,蕃,ocr_text,places_ocr_text,京城图_OCR文字,Polygon,point,symbolic,13375652.094,3532823.481,medium,jingchengtu_windows_ocr_raw,jingchengtu_windows_ocr,windows_ocr_tiles,Windows OCR tiled extraction from jingchengtu_windows_ocr; tile=tile_13; kind=word,"{""bbox_pixel"":[282,714.67,293.67,725.67],""orientation"":""unknown"",""notes"":""raw_ocr_asset""}"
jingchengtu_windows_ocr_110,導,ocr_text,places_ocr_text,京城图_OCR文字,Polygon,point,symbolic,13375677.900,3532819.348,medium,jingchengtu_windows_ocr_raw,jingchengtu_windows_ocr,windows_ocr_tiles,Windows OCR tiled extraction from jingchengtu_windows_ocr; tile=tile_13; kind=word,"{""bbox_pixel"":[293.67,714.67,301,726.33],""orientation"":""unknown"",""notes"":""raw_ocr_asset""}"
jingchengtu_windows_ocr_111,哮,ocr_text,places_ocr_text,京城图_OCR文字,Polygon,point,symbolic,13375784.345,3532787.521,medium,jingchengtu_windows_ocr_raw,jingchengtu_windows_ocr,windows_ocr_tiles,Windows OCR tiled extraction from jingchengtu_windows_ocr; tile=tile_13; kind=word,"{""bbox_pixel"":[330.33,717.67,343.33,729.33],""orientation"":""unknown"",""notes"":""raw_ocr_asset""}"
jingchengtu_windows_ocr_112,哮艹,ocr_text,places_ocr_text,京城图_OCR文字,Polygon,point,symbolic,13375823.284,3532884.979,medium,jingchengtu_windows_ocr_raw,jingchengtu_windows_ocr,windows_ocr_tiles,Windows OCR tiled extraction from jingchengtu_windows_ocr; tile=tile_14; kind=line,"{""bbox_pixel"":[329,705.67,369,719.33],""orientation"":""unknown"",""notes"":""raw_ocr_asset""}"
jingchengtu_windows_ocr_113,哮,ocr_text,places_ocr_text,京城图_OCR文字,Polygon,point,symbolic,13375786.886,3532895.629,medium,jingchengtu_windows_ocr_raw,jingchengtu_windows_ocr,windows_ocr_tiles,Windows OCR tiled extraction from jingchengtu_windows_ocr; tile=tile_14; kind=word,"{""bbox_pixel"":[329,705.67,342,717.33],""orientation"":""unknown"",""notes"":""raw_ocr_asset""}"
jingchengtu_windows_ocr_114,艹,ocr_text,places_ocr_text,京城图_OCR文字,Polygon,point,symbolic,13375841.423,3532882.678,medium,jingchengtu_windows_ocr_raw,jingchengtu_windows_ocr,windows_ocr_tiles,Windows OCR tiled extraction from jingchengtu_windows_ocr; tile=tile_14; kind=word,"{""bbox_pixel"":[342.33,706,369,719.33],""orientation"":""unknown"",""notes"":""raw_ocr_asset""}"
jingchengtu_windows_ocr_115,#嚀吉軍,ocr_text,places_ocr_text,京城图_OCR文字,Polygon,point,symbolic,13377229.884,3534080.004,medium,jingchengtu_windows_ocr_raw,jingchengtu_windows_ocr,windows_ocr_tiles,Windows OCR tiled extraction from jingchengtu_windows_ocr; tile=tile_15; kind=line,"{""bbox_pixel"":[806.67,561.33,867.67,584.67],""orientation"":""unknown"",""notes"":""raw_ocr_asset""}"
jingchengtu_windows_ocr_116,#,ocr_text,places_ocr_text,京城图_OCR文字,Polygon,point,symbolic,13377164.800,3534084.455,medium,jingchengtu_windows_ocr_raw,jingchengtu_windows_ocr,windows_ocr_tiles,Windows OCR tiled extraction from jingchengtu_windows_ocr; tile=tile_15; kind=word,"{""bbox_pixel"":[806.67,561.33,820,584.33],""orientation"":""unknown"",""notes"":""raw_ocr_asset""}"
jingchengtu_windows_ocr_117,嚀,ocr_text,places_ocr_text,京城图_OCR文字,Polygon,point,symbolic,13377215.930,3534028.007,medium,jingchengtu_windows_ocr_raw,jingchengtu_windows_ocr,windows_ocr_tiles,Windows OCR tiled extraction from jingchengtu_windows_ocr; tile=tile_15; kind=word,"{""bbox_pixel"":[826.33,574,840,583.67],""orientation"":""unknown"",""notes"":""raw_ocr_asset""}"
jingchengtu_windows_ocr_118,吉,ocr_text,places_ocr_text,京城图_OCR文字,Polygon,point,symbolic,13377261.645,3534036.464,medium,jingchengtu_windows_ocr_raw,jingchengtu_windows_ocr,windows_ocr_tiles,Windows OCR tiled extraction from jingchengtu_windows_ocr; tile=tile_15; kind=word,"{""bbox_pixel"":[844.33,570.67,855,584.67],""orientation"":""unknown"",""notes"":""raw_ocr_asset""}"
jingchengtu_windows_ocr_119,軍,ocr_text,places_ocr_text,京城图_OCR文字,Polygon,point,symbolic,13377296.203,3534033.427,medium,jingchengtu_windows_ocr_raw,jingchengtu_windows_ocr,windows_ocr_tiles,Windows OCR tiled extraction from jingchengtu_windows_ocr; tile=tile_15; kind=word,"{""bbox_pixel"":[857,571.67,867.67,584],""orientation"":""unknown"",""notes"":""raw_ocr_asset""}"
jingchengtu_windows_ocr_120,f哮,ocr_text,places_ocr_text,京城图_OCR文字,Polygon,point,symbolic,13375708.863,3532849.525,medium,jingchengtu_windows_ocr_raw,jingchengtu_windows_ocr,windows_ocr_tiles,Windows OCR tiled extraction from jingchengtu_windows_ocr; tile=tile_18; kind=line,"{""bbox_pixel"":[270,710.33,346,723.67],""orientation"":""unknown"",""notes"":""raw_ocr_asset""}"
jingchengtu_windows_ocr_121,f,ocr_text,places_ocr_text,京城图_OCR文字,Polygon,point,symbolic,13375613.787,3532856.809,medium,jingchengtu_windows_ocr_raw,jingchengtu_windows_ocr,windows_ocr_tiles,Windows OCR tiled extraction from jingchengtu_windows_ocr; tile=tile_18; kind=word,"{""bbox_pixel"":[270,710.33,276.33,723],""orientation"":""unknown"",""notes"":""raw_ocr_asset""}"
